income_am,profit_last_am,profit_am,damage_am,damage_inc,crd_lim_rec,credit_use_ic,gluten_ic,lactose_ic,insurance_ic,spa_ic,empl_ic,cab_requests,married_cd,bar_no,sport_ic,neighbor_income,age,marketing_permit,urban_ic,dining_ic,presidential,client_segment,sect_empl,prev_stay,prev_all_in_stay,divorce,fam_adult_size,children_no,tenure_mts,company_ic,claims_no,claims_am,nights_booked,gender,shop_am,shop_use,retired,gold_status,score1_pos,score1_neg,score2_pos,score2_neg,score3_pos,score3_neg,score4_pos,score4_neg,score5_pos,score5_neg,income_am_missing,profit_last_am_missing,profit_am_missing,damage_am_missing,damage_inc_missing,crd_lim_rec_missing,credit_use_ic_missing,gluten_ic_missing,lactose_ic_missing,insurance_ic_missing,spa_ic_missing,empl_ic_missing,cab_requests_missing,married_cd_missing,bar_no_missing,sport_ic_missing,neighbor_income_missing,age_missing,marketing_permit_missing,urban_ic_missing,dining_ic_missing,presidential_missing,client_segment_missing,sect_empl_missing,prev_stay_missing,prev_all_in_stay_missing,divorce_missing,fam_adult_size_missing,children_no_missing,tenure_mts_missing,company_ic_missing,claims_no_missing,claims_am_missing,nights_booked_missing,gender_missing,shop_am_missing,shop_use_missing,retired_missing,gold_status_missing,score1_pos_missing,score1_neg_missing,score2_pos_missing,score2_neg_missing,score3_pos_missing,score3_neg_missing,score4_pos_missing,score4_neg_missing,score5_pos_missing,score5_neg_missing,outcome_damage_inc,outcome_damage_inc_proba,outcome_profit,outcome_damage_amount
5660.0,4320.0,8640.0,0.0,0.0,8000.0,0.0,0.0,1.0,0.0,0.0,0.0,11.0,1,6.0,1.0,34033.0,42.0,1.0,1.0,0.0,0.0,2.0,1.0,1.0,1.0,0.0,3.0,2.0,575.0,0.0,0.0,0.0,52.0,0,4577.729167209796,1.0,0.0,1.0,0.538418669755998,0.3968194860479255,0.4237419805654553,0.7636076018513358,0.3394217805782981,0.5985940899108515,0.2399429389126358,0.3737230339896561,0.3738807900632738,0.2415584415584415,0,0,0,0,0,0,0,0,0,0,0,0,0,0,0,0,0,0,0,0,0,0,0,0,0,0,0,0,0,0,0,0,0,0,0,0,0,0,0,0,0,0,0,1,1,1,1,1,1,0.0,0.4549470525819248,1530.0430913747416,388.7748651222452
3990.0,9.0,3450.0,0.0,0.0,12500.0,0.0,0.0,0.0,1.0,0.0,0.0,7.0,1,5.0,0.0,36372.0,42.0,0.0,1.0,0.0,0.0,1.0,1.0,1.0,0.0,0.0,2.0,0.0,174.0,0.0,0.0,0.0,4.0,1,0.0,0.0,0.0,0.0,0.527862392565781,0.5019329456020531,0.3060877304588466,0.4132274372366474,0.4514368604078816,0.5993145421107676,0.5640478305181004,0.5538575934021963,0.4639928779896934,0.5857142857142856,0,0,0,0,0,0,0,0,0,0,0,0,0,0,0,0,0,0,0,0,0,0,0,0,0,0,0,0,0,0,0,0,0,0,0,0,0,0,0,1,1,1,1,1,1,1,1,1,1,0.0,0.2265473989551951,2142.405305320356,168.0662431044661
1158.0,82.0,4194.0,408.0,4.0,12000.0,0.0,0.0,0.0,1.0,1.0,0.0,10.0,1,11.0,1.0,37619.0,38.0,1.0,1.0,0.0,0.0,1.0,0.0,1.0,1.0,0.0,3.0,1.0,229.0,0.0,0.0,0.0,222.0,1,0.0,0.0,0.0,0.0,0.0098108220955978,0.592842497066721,0.2930115512516615,0.3247687136520646,0.2524443046838512,0.7246933178941797,0.8180643666881074,0.3873614798356654,0.5878781922186402,0.574025974025974,0,0,0,0,0,0,0,0,0,0,0,0,0,0,0,0,0,0,0,0,0,0,0,0,0,0,0,0,0,0,0,0,0,0,0,0,0,0,0,0,0,1,1,0,0,0,0,1,1,0.0,0.338841996542272,1506.2885181339689,363.9153084094426
2451.0,791.0,2119.0,0.0,0.0,0.0,0.0,0.0,0.0,1.0,1.0,0.0,4.0,1,5.0,0.0,29266.0,66.0,1.0,1.0,0.0,0.0,1.0,0.0,0.0,0.0,0.0,1.0,0.0,375.0,0.0,0.0,0.0,3.0,1,0.0,0.0,0.0,0.0,0.5879488815045959,0.6268010095878187,0.5103032644876178,0.5493707484775114,0.4762831165981732,0.5851997475877088,0.7110232280201151,0.539230471558638,0.5133808297004252,0.4792207792207792,0,0,0,0,0,0,0,0,0,0,0,0,0,0,0,0,0,0,0,0,0,0,0,0,0,0,0,0,0,0,0,0,0,0,0,0,0,0,0,1,1,1,1,1,1,1,1,1,1,0.0,0.2245482475550513,2139.112294622112,153.91252383653062
946.0,222.0,2036.0,0.0,0.0,0.0,0.0,0.0,1.0,0.0,0.0,0.0,5.0,1,0.0,0.0,36221.0,63.0,0.0,1.0,0.0,0.0,2.0,0.0,1.0,1.0,0.0,1.0,0.0,417.0,0.0,0.0,0.0,34.0,0,0.0,0.0,0.0,0.0,0.6478698381169927,0.3705886976685191,0.6823487981624152,0.5731635053413673,0.4689506556991743,0.2905783188685379,0.284738434529302,0.5587575223638697,0.5116270801851133,0.7168831168831169,0,0,0,0,0,0,0,0,0,0,0,0,0,0,0,0,0,0,0,0,0,0,0,0,0,0,0,0,0,0,0,0,0,0,0,0,0,0,0,1,1,1,1,1,1,1,1,1,1,0.0,0.1505148444502499,1710.454504682178,79.69539288061073
227.0,0.0,1620.0,0.0,0.0,0.0,0.0,0.0,0.0,1.0,1.0,0.0,4.0,1,6.0,0.0,22576.0,18.0,0.0,0.0,0.0,0.0,0.0,0.0,0.0,0.0,0.0,1.0,0.0,1.0,0.0,0.0,0.0,4.0,1,0.0,0.0,0.0,0.0,0.5621796544698983,0.6000160522618093,0.6458091079288997,0.4707999230977154,0.446527107461657,0.4448135258356257,0.674020374178955,0.6739558870234132,0.3858366430832048,0.1558441558441558,0,0,0,0,0,0,0,0,0,0,0,0,0,0,0,0,0,0,0,0,0,0,0,0,0,0,0,0,0,0,0,0,0,0,0,0,0,0,0,1,1,1,1,1,1,1,1,1,0,0.0,0.1900562653448831,1284.5492863700122,107.90806543016305
1359.0,467.0,2395.0,0.0,0.0,12500.0,0.0,0.0,0.0,1.0,0.0,0.0,5.0,0,10.0,0.0,18045.0,34.0,1.0,0.0,0.0,0.0,1.0,0.0,1.0,1.0,1.0,2.0,0.0,184.0,0.0,0.0,0.0,13.0,1,0.0,0.0,0.0,0.0,0.4369139947837718,0.516501567544766,0.60331816343987,0.6573169104193377,0.580816101655514,0.4631008369831407,0.3864667550424747,0.599328829085516,0.6134222497877848,0.5883116883116883,0,0,0,0,0,0,0,0,0,0,0,0,0,0,0,0,0,0,0,0,0,0,0,0,0,0,0,0,0,0,0,0,0,0,0,0,0,0,0,1,1,1,1,1,1,1,1,1,1,0.0,0.2550807700265886,1603.9989202439597,151.28824419039867
2591.0,869.0,2209.0,0.0,0.0,0.0,0.0,0.0,0.0,0.0,0.0,0.0,6.0,1,7.0,0.0,31751.0,61.0,1.0,1.0,0.0,0.0,1.0,0.0,1.0,0.0,0.0,1.0,0.0,382.0,0.0,0.0,0.0,2.0,1,1415.021156740573,1.0,1.0,0.0,0.5743956138956089,0.5815664273808964,0.5266830303300025,0.5281207650426987,0.5804982283810558,0.5852236327849498,0.4008675531720757,0.4781479423781675,0.0979496375145231,0.551948051948052,0,0,0,0,0,0,0,0,0,0,0,0,0,0,0,0,0,0,0,0,0,0,0,0,0,0,0,0,0,0,0,0,0,0,0,0,0,0,0,1,1,1,1,0,0,1,1,0,0,0.0,0.3531146395292456,2860.3408118096613,167.74495254701105
6426.0,2018.0,9015.0,2333.0,2.0,10000.0,0.0,0.0,0.0,1.0,1.0,0.0,10.0,0,3.0,0.0,39853.0,33.0,1.0,1.0,0.0,0.0,2.0,0.0,1.0,1.0,1.0,2.0,0.0,136.0,0.0,0.0,0.0,4.0,1,0.0,0.0,0.0,0.0,0.4712592885773178,0.54317792938206,0.3976041104455425,0.5288056705735237,0.5766048382786364,0.277479321699845,0.5010708240705164,0.441386027137648,0.3958900893133368,0.6038961038961038,0,0,0,0,0,0,0,0,0,0,0,0,0,0,0,0,0,0,0,0,0,0,0,0,0,0,0,0,0,0,0,0,0,0,0,0,0,0,0,1,1,1,1,0,0,1,1,1,1,0.0,0.2549944791412347,3879.8339852312015,274.1283047007124
8622.0,3518.0,3014.0,0.0,0.0,0.0,0.0,0.0,0.0,0.0,0.0,0.0,6.0,0,3.0,0.0,27090.0,79.0,0.0,1.0,0.0,0.0,2.0,0.0,1.0,0.0,0.0,1.0,0.0,324.0,0.0,0.0,0.0,33.0,0,0.0,0.0,1.0,0.0,0.2928878969256611,0.7889283756723119,0.6866843198958767,0.5803744940216861,0.5766598503157769,0.5566328390845474,0.4993611078226315,0.3188587389746231,0.5311928322643916,0.4155844155844156,0,0,0,0,0,0,0,0,0,0,0,0,0,0,0,0,0,0,0,0,0,0,0,0,0,0,0,0,0,0,0,0,0,0,0,0,0,0,0,0,0,1,1,1,1,1,1,1,1,0.0,0.1858424130297013,1420.3718636895787,115.40533373214517
280.0,22.0,1956.0,0.0,0.0,1500.0,0.0,0.0,0.0,0.0,0.0,0.0,10.0,1,7.0,0.0,33268.0,49.0,0.0,0.0,0.0,0.0,1.0,0.0,1.0,0.0,0.0,2.0,0.0,26.0,0.0,0.0,0.0,13.0,0,0.0,0.0,0.0,0.0,0.6198991800387815,0.3437242244658999,0.6311062064623371,0.6379567936074982,0.8634763323180045,0.7401315342432478,0.5886791590268559,0.4500595917964446,0.9853474787829156,0.6233766233766234,0,0,0,0,0,0,0,0,0,0,0,0,0,0,0,0,0,0,0,0,0,0,0,0,0,0,0,0,0,0,0,0,0,0,0,0,0,0,0,1,1,1,1,0,0,1,1,0,0,0.0,0.4157145836276428,1360.9491949006492,197.17201991236513
374.0,30.0,1729.0,0.0,0.0,5500.0,0.0,0.0,0.0,1.0,1.0,0.0,2.0,1,4.0,0.0,31038.4,23.0,1.0,1.0,0.0,0.0,1.0,0.0,1.0,0.0,0.0,2.0,1.0,107.0,0.0,0.0,0.0,19.0,0,0.0,0.0,0.0,0.0,0.5784924719724858,0.3707263490839851,0.7603890170730757,0.8873669254896944,0.7124059567141965,0.7460810476705607,0.7164379667770352,0.5505677088498059,0.5948770148283693,0.4792207792207792,0,0,0,0,0,0,0,0,0,0,0,0,0,0,0,0,1,0,0,0,0,0,0,0,0,0,0,0,0,0,0,0,0,0,0,0,0,0,0,1,1,0,0,1,1,1,1,1,1,0.0,0.2245529516154287,1429.0830612591426,224.10272026073068
1386.0,479.0,4054.0,562.0,3.0,8000.0,0.0,0.0,0.0,1.0,0.0,0.0,2.0,0,7.0,1.0,28830.0,46.0,1.0,1.0,0.0,0.0,1.0,0.0,1.0,0.0,0.0,2.0,0.0,323.0,0.0,0.0,0.0,74.0,1,0.0,0.0,0.0,0.0,0.2973878483020569,0.2613318004900621,0.5486237485857073,0.5943013168093206,0.5404901486173286,0.5161814359244639,0.6237029177171752,0.3867923888009044,0.0358297870716114,0.948051948051948,0,0,0,0,0,0,0,0,0,0,0,0,0,0,0,0,0,0,0,0,0,0,0,0,0,0,0,0,0,0,0,0,0,0,0,0,0,0,0,0,0,1,1,1,1,1,1,0,0,0.0,0.2489614654639285,1541.4518383036243,175.65201073568397
227.0,0.0,1621.0,0.0,0.0,0.0,0.0,0.0,0.0,1.0,1.0,0.0,3.0,1,5.0,0.0,25249.0,32.0,0.0,0.0,0.0,0.0,1.0,0.0,0.0,0.0,0.0,2.0,0.0,32.0,0.0,0.0,0.0,4.0,1,0.0,0.0,0.0,0.0,0.6725844007522914,0.558634230173946,0.6458091079288997,0.3851305944144454,0.3676543038240045,0.3346711299469029,0.778504255630015,0.7437887783619044,0.373290452368578,0.435064935064935,0,0,0,0,0,0,0,0,0,0,0,0,0,0,0,0,0,0,0,0,0,0,0,0,0,0,0,0,0,0,0,0,0,0,0,0,0,0,0,1,1,1,1,1,1,1,1,1,1,0.0,0.2291237183205755,1091.6695458100014,140.78841455881786
3532.0,1065.0,2337.0,0.0,0.0,0.0,0.0,0.0,0.0,0.0,0.0,0.0,9.0,1,1.0,0.0,40046.0,58.0,0.0,1.0,0.0,0.0,2.0,0.0,1.0,0.0,0.0,1.0,0.0,290.0,0.0,0.0,0.0,4.0,0,0.0,0.0,1.0,0.0,0.9977033641676152,0.8542047628676946,0.1735319019024485,0.0139398136776493,0.5926653088379332,0.3517136270534494,0.3472187816888508,0.5894757490196167,0.4178266140680902,0.4415584415584415,0,0,0,0,0,0,0,0,0,0,0,0,0,0,0,0,0,0,0,0,0,0,0,0,0,0,0,0,0,0,0,0,0,0,0,0,0,0,0,0,0,0,0,1,1,0,0,1,1,0.0,0.1428902110191648,1694.4323840960694,97.82873465151326
1190.0,325.0,6688.0,1676.0,2.0,8500.0,0.0,0.0,0.0,1.0,1.0,0.0,4.0,0,5.0,1.0,34869.0,30.0,1.0,1.0,0.0,0.0,2.0,0.0,1.0,1.0,0.0,3.0,1.0,338.0,0.0,0.0,0.0,52.0,0,920.210463642836,1.0,0.0,0.0,0.4271037901151513,0.4418330461915641,0.3469410785005545,0.5840159368019853,0.2455547988532041,0.1647528229057442,0.1658312595090518,0.0973462509082469,0.3988026312068771,0.6584415584415585,0,0,0,0,0,0,0,0,0,0,0,0,0,0,0,0,0,0,0,0,0,0,0,0,0,0,0,0,0,0,0,0,0,0,0,0,0,0,0,1,1,1,1,0,0,0,0,1,1,0.0,0.3593858902511332,2199.375363038345,396.4894077444614
927.0,193.0,8747.0,0.0,1.0,3000.0,0.0,0.0,0.0,1.0,0.0,0.0,6.0,1,5.0,1.0,23132.0,23.0,1.0,1.0,1.0,0.0,1.0,1.0,1.0,0.0,0.0,3.0,0.0,129.0,0.0,1.0,0.0,4.0,0,1017.0028915944011,1.0,0.0,0.0,0.0685238307473314,0.5997306905737101,0.4275188636051138,0.6855474641659389,0.6845194319545197,0.3138187054795718,0.5009971388946701,0.4247926722496176,0.0365207262723362,0.0194805194805194,0,0,0,0,0,0,0,0,0,0,0,0,0,0,0,0,0,0,0,0,0,0,0,0,0,0,0,0,0,0,0,0,0,0,0,0,0,0,0,0,0,1,1,1,1,1,1,0,0,0.0,0.2689480964799713,3949.0136584527527,183.9893089235012
254.0,10.0,3353.0,117.0,2.0,6500.0,0.0,0.0,0.0,0.0,0.0,0.0,14.0,1,11.0,0.0,29018.0,49.0,1.0,1.0,0.0,0.0,1.0,0.0,0.0,1.0,0.0,2.0,0.0,254.0,0.0,0.0,0.0,28.0,1,0.0,0.0,0.0,0.0,0.3122098718396272,0.1236608795923674,0.5842417008213591,0.6799808100025049,0.4373721260298986,0.5167635764806355,0.6274199874369285,0.5229173944520562,0.4660326840272153,0.5350649350649351,0,0,0,0,0,0,0,0,0,0,0,0,0,0,0,0,0,0,0,0,0,0,0,0,0,0,0,0,0,0,0,0,0,0,0,0,0,0,0,1,1,1,1,1,1,1,1,1,1,0.0,0.4037654551620967,1232.8782959132093,285.4463807525035
10450.0,600.0,5322.0,0.0,0.0,15000.0,0.0,1.0,1.0,1.0,1.0,0.0,8.0,1,2.0,1.0,36177.0,38.0,1.0,1.0,0.0,0.0,3.0,0.0,1.0,0.0,0.0,3.0,0.0,479.0,0.0,0.0,0.0,55.0,1,0.0,0.0,0.0,0.0,0.4763453398810822,0.4295716939751024,0.7190181793542267,0.5660198878693075,0.3816753215980671,0.4690216072884368,0.576266547029909,0.2553405325305514,0.514255282933239,0.4480519480519479,0,0,0,0,0,0,0,0,0,0,0,0,0,0,0,0,0,0,0,0,0,0,0,0,0,0,0,0,0,0,0,0,0,0,0,0,0,0,0,1,1,0,0,1,1,0,0,1,1,0.0,0.3126689401286068,1397.524654973855,304.00807128190854
227.0,0.0,1620.0,0.0,0.0,0.0,0.0,0.0,0.0,0.0,0.0,1.0,5.0,1,6.0,0.0,29753.0,31.0,0.0,1.0,0.0,0.0,1.0,0.0,1.0,0.0,0.0,2.0,0.0,123.0,0.0,0.0,0.0,1.0,0,0.0,0.0,0.0,0.0,0.9713858318825054,0.679476381577603,0.3989583076608108,0.4023709602798059,0.6129736990530912,0.2565224599204748,0.4733125186424515,0.5027560983600162,0.4828716340546897,0.3441558441558441,0,0,0,0,0,0,0,0,0,0,0,0,0,0,0,0,0,0,0,0,0,0,0,0,0,0,0,0,0,0,0,0,0,0,0,0,0,0,0,0,0,1,1,1,1,1,1,1,1,0.0,0.2289745276179211,1913.06865444722,122.92100899816518
324.0,0.0,2846.0,0.0,0.0,2500.0,0.0,0.0,0.0,1.0,0.0,0.0,13.0,1,14.0,1.0,21033.0,31.0,1.0,1.0,0.0,0.0,1.0,0.0,0.0,1.0,0.0,3.0,0.0,134.0,0.0,0.0,0.0,36.0,1,0.0,0.0,0.0,0.0,0.3879432302198001,0.4277920910350489,0.6446607049581913,0.6303491959366612,0.511998555340768,0.3125657175321996,0.6573692747449986,0.5931102259279035,0.5553038797413442,0.7337662337662337,0,0,0,0,0,0,0,0,0,0,0,0,0,0,0,0,0,0,0,0,0,0,0,0,0,0,0,0,0,0,0,0,0,0,0,0,0,0,0,1,1,1,1,1,1,1,1,1,1,0.0,0.2377944283489425,809.1967803923897,173.7365126829368
2093.0,681.0,2458.0,1219.0,4.0,7000.0,1.0,0.0,0.0,1.0,0.0,0.0,3.0,1,14.0,1.0,33261.0,40.0,0.0,1.0,0.0,0.0,1.0,0.0,1.0,1.0,0.0,3.0,2.0,515.0,0.0,0.0,0.0,83.0,1,0.0,0.0,0.0,0.0,0.5733284735831448,0.530956745954591,0.5611079385724133,0.6432588870959889,0.0617941829747785,0.3597422820087557,0.5498638461554444,0.3865132556770142,0.3300588405853263,0.7662337662337663,0,0,0,0,0,0,0,0,0,0,0,0,0,0,0,0,0,0,0,0,0,0,0,0,0,0,0,0,0,0,0,0,0,0,0,0,0,0,0,1,1,1,1,0,0,1,1,0,0,0.0,0.2864439201240443,1826.5683283964809,328.5838159432676
527.0,1086.0,2172.0,0.0,0.0,3000.0,0.0,0.0,0.0,0.0,0.0,0.0,4.0,0,8.0,1.0,35793.0,64.0,0.0,0.0,0.0,0.0,1.0,0.0,1.0,0.0,0.0,1.0,0.0,153.0,0.0,0.0,0.0,50.0,0,0.0,0.0,1.0,0.0,0.6262355429502914,0.469879075510273,0.5582429652532974,0.7539724695532112,0.3667579050501705,0.414075471740829,0.619762528659245,0.2042150974787195,0.8761381932015967,0.8233766233766234,0,0,0,0,0,0,0,0,0,0,0,0,0,0,0,0,0,0,0,0,0,0,0,0,0,0,0,0,0,0,0,0,0,0,0,0,0,0,0,1,1,1,1,1,1,0,0,1,1,0.0,0.3223071046600458,1739.200277365499,135.1737838524773
230.0,0.0,1730.0,0.0,0.0,750.0,0.0,0.0,0.0,1.0,0.0,0.0,4.0,1,11.0,0.0,36969.0,21.0,1.0,1.0,0.0,0.0,1.0,0.0,1.0,0.0,0.0,1.0,0.0,33.0,0.0,1.0,0.0,7.0,0,0.0,0.0,0.0,0.0,0.6315906408953446,0.3687814562299126,0.6823487981624152,0.5360078110052373,0.1891965718028977,0.3330737839642153,0.473830410853007,0.8781548674043694,0.5940521022592202,0.3220779220779221,0,0,0,0,0,0,0,0,0,0,0,0,0,0,0,0,0,0,0,0,0,0,0,0,0,0,0,0,0,0,0,0,0,0,0,0,0,0,0,1,1,1,1,0,0,0,0,1,1,0.0,0.3274712622593978,1810.2580276081464,303.26136876686303
227.0,0.0,1632.0,0.0,0.0,0.0,0.0,0.0,0.0,0.0,1.0,0.0,2.0,0,0.0,1.0,28636.0,53.0,0.0,1.0,0.0,0.0,0.0,0.0,1.0,0.0,1.0,1.0,0.0,165.8,0.0,0.0,0.0,4.0,1,0.0,0.0,1.0,0.0,0.6701734919329045,0.4909217322547967,0.3464944808377254,0.5572994322100308,0.5678249954428667,0.374657120325251,0.523694497695962,0.1900446965364611,0.5340044750611137,0.3298701298701298,0,0,0,0,0,0,0,0,0,0,0,0,0,0,0,0,0,0,0,0,0,0,0,0,0,0,0,0,0,1,0,0,0,0,0,0,0,0,0,1,1,1,1,1,1,1,1,1,1,0.0,0.2117910446672812,1600.886588448097,99.94340793089091
10406.0,645.0,21633.0,0.0,0.0,2500.0,0.0,0.0,0.0,0.0,0.0,0.0,7.0,1,3.0,1.0,33795.0,72.0,1.0,1.0,0.0,0.0,2.0,0.0,1.0,0.0,0.0,1.0,0.0,343.0,0.0,0.0,0.0,27.0,0,0.0,0.0,1.0,0.0,0.293698154878349,0.0646132299411294,0.4282409588943667,0.6494969103404906,0.4027361394762792,0.3006930455128344,0.5675843773288705,0.6022884714162207,0.5583666883828091,0.503896103896104,0,0,0,0,0,0,0,0,0,0,0,0,0,0,0,0,0,0,0,0,0,0,0,0,0,0,0,0,0,0,0,0,0,0,0,0,0,0,0,0,0,0,0,0,0,1,1,1,1,0.0,0.276561798538384,2061.2900454586384,199.3528108685799
1343.0,374.0,1816.0,0.0,0.0,0.0,0.0,0.0,0.0,0.0,0.0,0.0,8.0,0,2.0,0.0,47325.0,67.0,0.0,1.0,0.0,0.0,1.0,0.0,1.0,0.0,0.0,1.0,0.0,263.0,0.0,0.0,0.0,4.0,0,0.0,0.0,1.0,0.0,0.7285951328476464,0.5525418327445569,0.1608190765654087,0.2517728856457295,0.4253353521089445,0.1049598667446646,0.649262571974042,0.5508676923750413,0.4082002104947341,0.4701298701298701,0,0,0,0,0,0,0,0,0,0,0,0,0,0,0,0,0,0,0,0,0,0,0,0,0,0,0,0,0,0,0,0,0,0,0,0,0,0,0,1,1,0,0,1,1,1,1,1,1,0.0,0.1665089678772045,1794.9872084453953,101.31907225451425
3826.0,28.0,1828.0,0.0,0.0,0.0,0.0,0.0,0.0,0.0,1.0,0.0,4.0,0,6.0,0.0,28582.0,77.0,1.0,1.0,0.0,0.0,2.0,0.0,1.0,0.0,0.0,1.0,0.0,330.0,0.0,0.0,0.0,13.0,0,0.0,0.0,1.0,0.0,0.6658061471690895,0.7321816811769145,0.7048774932320272,0.6287987883387055,0.5174806823780759,0.5206898151906743,0.7074775044902303,0.3230570880392175,0.5555932462635449,0.4493506493506493,0,0,0,0,0,0,0,0,0,0,0,0,0,0,0,0,0,0,0,0,0,0,0,0,0,0,0,0,0,0,0,0,0,0,0,0,0,0,0,1,1,1,1,1,1,1,1,1,1,0.0,0.3624521803248643,1652.8562287344446,276.900674135225
458.0,93.0,1641.0,0.0,0.0,6000.0,0.0,0.0,0.0,1.0,0.0,0.0,11.0,1,1.0,0.0,28517.0,23.0,1.0,0.0,0.0,0.0,1.0,0.0,0.0,0.0,0.0,2.0,0.0,5.0,0.0,0.0,0.0,2.0,0,0.0,0.0,0.0,0.0,0.3766760763676062,0.3407024809261404,0.4982854856034232,0.5038911088275517,0.5514735171416743,0.5339662364970325,0.5513618102692909,0.4096494827357323,0.6229345840085465,0.561038961038961,0,0,0,0,0,0,0,0,0,0,0,0,0,0,0,0,0,0,0,0,0,0,0,0,0,0,0,0,0,0,0,0,0,0,0,0,0,0,0,1,1,1,1,1,1,1,1,1,1,0.0,0.4148200450212398,1754.5426734705725,198.58494185832248
1069.0,278.0,1744.0,0.0,0.0,1500.0,0.0,0.0,0.0,1.0,0.0,0.0,2.0,1,2.0,0.0,38214.0,23.0,1.0,1.0,0.0,0.0,1.0,0.0,1.0,0.0,0.0,2.0,0.0,174.0,0.0,0.0,0.0,30.0,1,0.0,0.0,0.0,0.0,0.5572208285449372,0.4988813088928371,0.8700390323700485,0.802477118388439,0.4842314954326365,0.4801577853625008,0.4044321204372654,0.5827467504121773,0.4712987952231943,0.6545454545454545,0,0,0,0,0,0,0,0,0,0,0,0,0,0,0,0,0,0,0,0,0,0,0,0,0,0,0,0,0,0,0,0,0,0,0,0,0,0,0,1,1,0,0,1,1,1,1,1,1,0.0,0.2064375361791899,1536.4041973856545,213.32433546810233
359.0,844.5,1689.0,0.0,0.0,0.0,0.0,0.0,0.0,0.0,0.0,0.0,5.0,1,5.0,0.0,37110.0,17.0,0.0,1.0,0.0,0.0,1.0,0.0,1.0,0.0,0.0,1.0,0.0,222.0,0.0,0.0,0.0,4.0,0,0.0,0.0,0.0,0.0,0.3788134394348389,0.035106526827002,0.6823487981624151,0.5360078110052373,0.6266769970748676,0.2817110397689076,0.4976988251902933,0.3847689163889453,0.4188913233041553,0.3857142857142858,0,0,0,0,0,0,0,0,0,0,0,0,0,0,0,0,0,0,0,0,0,0,0,0,0,0,0,0,0,0,0,0,0,0,0,0,0,0,0,0,0,1,1,1,1,1,1,1,1,0.0,0.2669577548887893,1915.666423739328,102.95891465673084
14556.0,3440.0,4013.0,0.0,0.0,0.0,0.0,0.0,0.0,0.0,0.0,0.0,8.0,0,0.0,0.0,47965.0,66.0,1.0,1.0,0.0,0.0,3.0,0.0,1.0,0.0,1.0,1.0,0.0,384.0,0.0,0.0,0.0,2.0,0,5568.219879041393,1.0,1.0,0.0,0.6331314332061926,0.4779831417893392,0.2586119092385607,0.2694259456949061,0.7002665243195564,0.3999479043255931,0.4312390975948711,0.5080884895404886,0.517732880093984,0.538961038961039,0,0,0,0,0,0,0,0,0,0,0,0,0,0,0,0,0,0,0,0,0,0,0,0,0,0,0,0,0,0,0,0,0,0,0,0,0,0,0,1,1,1,1,0,0,1,1,1,1,0.0,0.1359328112411872,3933.820779275285,96.12057903602464
2293.0,813.0,2374.0,0.0,0.0,12000.0,0.0,0.0,0.0,0.0,0.0,0.0,6.0,1,3.0,0.0,22206.0,60.0,0.0,0.0,0.0,0.0,1.0,0.0,1.0,1.0,0.0,2.0,0.0,255.0,0.0,0.0,0.0,55.0,1,0.0,0.0,1.0,0.0,0.4263546177876438,0.5839118454304897,0.6229933710311734,0.6652261844726448,0.580041866557831,0.4591620025073599,0.6153337334185145,0.5609263150618541,0.1825596502155006,0.538961038961039,0,0,0,0,0,0,0,0,0,0,0,0,0,0,0,0,0,0,0,0,0,0,0,0,0,0,0,0,0,0,0,0,0,0,0,0,0,0,0,1,1,1,1,1,1,0,0,0,0,0.0,0.1900562653448831,1231.8882106223427,74.11751735440977
1013.0,136.0,4983.0,0.0,1.0,4000.0,0.0,0.0,1.0,1.0,0.0,0.0,6.0,1,2.0,1.0,32173.0,23.0,1.0,1.0,0.0,0.0,1.0,0.0,1.0,0.0,0.0,3.0,0.0,344.0,0.0,0.0,0.0,12.0,0,0.0,0.0,0.0,0.0,0.5020951163770115,0.3637972363399675,0.4602463901161854,0.5355930140542092,0.5521125938140732,0.4363269374332411,0.6361139951264277,0.5861139417817847,0.7130825531351734,0.6077922077922078,0,0,0,0,0,0,0,0,0,0,0,0,0,0,0,0,0,0,0,0,0,0,0,0,0,0,0,0,0,0,0,0,0,0,0,0,0,0,0,1,1,1,1,1,1,1,1,1,1,0.0,0.2439428131653334,2041.101621361354,162.89114142666054
322.0,23.0,2750.0,0.0,0.0,4500.0,0.0,0.0,0.0,0.0,0.0,0.0,3.0,1,7.0,0.0,34511.0,40.0,1.0,1.0,0.0,0.0,1.0,1.0,1.0,0.0,0.0,2.0,0.0,258.0,0.0,0.0,0.0,105.0,1,0.0,0.0,0.0,0.0,0.7703040924387691,0.6974365924159361,0.6484135099108495,0.7859734795742167,0.7963184936841455,0.6845195254054723,0.4907904612393817,0.3843617682958517,0.7617393713623668,0.7285714285714285,0,0,0,0,0,0,0,0,0,0,0,0,0,0,0,0,0,0,0,0,0,0,0,0,0,0,0,0,0,0,0,0,0,0,0,0,0,0,0,0,0,1,1,0,0,1,1,1,1,0.0,0.1529462273010571,1081.030826931722,109.45637724842713
839.0,230.0,2049.0,0.0,0.0,4000.0,0.0,0.0,0.0,1.0,0.0,0.0,7.0,1,8.0,0.0,35205.0,22.0,0.0,1.0,0.0,0.0,1.0,0.0,1.0,0.0,0.0,2.0,0.0,287.0,0.0,0.0,0.0,52.0,0,0.0,0.0,0.0,0.0,0.5426443153342468,0.5680990894741902,0.6484135099108495,0.7859734795742167,0.4954859568111148,0.5449340818302886,0.4907904612393817,0.3843617682958517,0.7708013068587876,0.6753246753246753,0,0,0,0,0,0,0,0,0,0,0,0,0,0,0,0,0,0,0,0,0,0,0,0,0,0,0,0,0,0,0,0,0,0,0,0,0,0,0,1,1,1,1,1,1,1,1,1,1,0.0,0.4543798543038676,1734.6348548547996,244.15203046453294
323.0,38.0,1639.0,0.0,0.0,0.0,0.0,0.0,0.0,0.0,1.0,0.0,8.0,1,3.0,0.0,24433.0,60.0,1.0,0.0,0.0,0.0,2.0,0.0,1.0,0.0,0.0,1.0,0.0,382.0,0.0,0.0,0.0,37.0,1,0.0,0.0,1.0,0.0,0.5621796544698983,0.6000160522618093,0.7588038423223957,0.2712048063283617,0.2615741652527782,0.8471417546397494,0.9189755749616724,0.9761694448170084,0.3883315047342502,0.3142857142857143,0,0,0,0,0,0,0,0,0,0,0,0,0,0,0,0,0,0,0,0,0,0,0,0,0,0,0,0,0,0,0,0,0,0,0,0,0,0,0,1,1,0,0,0,0,0,0,1,1,0.0,0.160690352794502,941.0063819314925,86.29546280161725
3603.0,624.0,2604.0,0.0,0.0,9000.0,0.0,0.0,0.0,0.0,1.0,0.0,7.0,1,8.0,0.0,31440.0,56.0,0.0,1.0,0.0,0.0,1.0,0.0,1.0,1.0,0.0,3.0,0.0,350.0,0.0,0.0,0.0,148.0,1,0.0,0.0,0.0,0.0,0.6427444599836568,0.3994615357281134,0.483998166679002,0.4300341882039259,0.3697980234636479,0.4062901595685047,0.4007755038099996,0.0136588639141999,0.7940266569899599,0.8831168831168831,0,0,0,0,0,0,0,0,0,0,0,0,0,0,0,0,0,0,0,0,0,0,0,0,0,0,0,0,0,0,0,0,0,0,0,0,0,0,0,1,1,1,1,1,1,0,0,0,0,0.0,0.2833326214860001,1638.816124350047,142.94618019078973
1909.0,671.0,4239.0,1864.0,3.0,15000.0,1.0,0.0,1.0,1.0,1.0,0.0,6.0,1,16.0,1.0,35918.0,40.0,1.0,1.0,0.0,0.0,1.0,0.0,1.0,1.0,0.0,3.0,1.0,281.0,0.0,2.0,0.0,62.0,1,0.0,0.0,0.0,0.0,0.3647392522512698,0.451854043407793,0.2710571848461514,0.532538135221483,0.4230357641431451,0.6647859943368882,0.8334626172220031,0.975493594705686,0.4726640729543663,0.9090909090909092,0,0,0,0,0,0,0,0,0,0,0,0,0,0,0,0,0,0,0,0,0,0,0,0,0,0,0,0,0,0,0,0,0,0,0,0,0,0,0,1,1,1,1,1,1,0,0,0,0,0.0,0.4554496157437334,1889.3009881982352,531.1251397602337
1442.0,1259.0,2518.0,0.0,0.0,15000.0,0.0,0.0,0.0,1.0,0.0,0.0,8.0,1,2.0,0.0,30359.0,22.0,1.0,1.0,0.0,0.0,1.0,0.0,1.0,0.0,0.0,2.0,0.0,83.0,0.0,0.0,0.0,49.0,1,0.0,0.0,0.0,0.0,0.5486357133843198,0.555293551961371,0.1893443777047042,0.0765125209898861,0.5003972441838463,0.4064320294425295,0.482830952770707,0.715323588506813,0.5842754468462404,0.5376623376623377,0,0,0,0,0,0,0,0,0,0,0,0,0,0,0,0,0,0,0,0,0,0,0,0,0,0,0,0,0,0,0,0,0,0,0,0,0,0,0,1,1,0,0,1,1,1,1,1,1,0.0,0.1677273056081842,875.2898334538678,109.05805824436678
528.0,21.0,3910.0,0.0,0.0,6000.0,0.0,0.0,0.0,1.0,0.0,0.0,10.0,1,5.0,0.0,20718.0,53.0,1.0,1.0,0.0,0.0,1.0,1.0,1.0,1.0,0.0,3.0,1.0,324.0,0.0,1.0,0.0,77.0,1,0.0,0.0,0.0,0.0,0.40603512175704,0.3699781193296941,0.6252797150429223,0.7405025384299966,0.7333574071804652,0.4625499613959764,0.4878771704281078,0.3601426593350565,0.6094686077548896,0.4883116883116883,0,0,0,0,0,0,0,0,0,0,0,0,0,0,0,0,0,0,0,0,0,0,0,0,0,0,0,0,0,0,0,0,0,0,0,0,0,0,0,1,1,1,1,1,1,1,1,1,1,0.0,0.2681299152569454,1002.61403461836,201.0404297297399
1590.0,71.0,2824.0,0.0,0.0,2500.0,0.0,0.0,0.0,0.0,1.0,0.0,2.0,1,6.0,0.0,31928.0,65.0,1.0,1.0,0.0,0.0,2.0,0.0,1.0,0.0,0.0,1.0,0.0,350.0,0.0,0.0,0.0,58.0,1,0.0,0.0,1.0,0.0,0.343388542857287,0.0700607149615739,0.3513057532330118,0.26688180418799,0.3702612794287905,0.1618174167905231,0.6187185283872674,0.4682004221200543,0.7961953783492316,0.6272727272727272,0,0,0,0,0,0,0,0,0,0,0,0,0,0,0,0,0,0,0,0,0,0,0,0,0,0,0,0,0,0,0,0,0,0,0,0,0,0,0,0,0,1,1,1,1,1,1,1,1,0.0,0.2084226147455914,1388.6096683774729,109.5777360711585
228.0,0.0,1644.0,0.0,0.0,0.0,0.0,0.0,0.0,1.0,0.0,0.0,2.0,1,8.0,0.0,25703.0,38.0,0.0,0.0,0.0,0.0,1.0,0.0,1.0,0.0,0.0,2.0,0.0,4.0,0.0,0.0,0.0,8.0,0,0.0,0.0,0.0,0.0,0.9796638085111984,0.9924758811559832,0.6074744061238693,0.3851305944144454,0.4149740191073377,0.2734267368254174,0.9763906243692112,0.951779673892558,0.373290452368578,0.435064935064935,0,0,0,0,0,0,0,0,0,0,0,0,0,0,0,0,0,0,0,0,0,0,0,0,0,0,0,0,0,0,0,0,0,0,0,0,0,0,0,0,0,1,1,1,1,0,0,1,1,0.0,0.1780951308035443,1256.0336787413737,109.62743714864327
227.0,0.0,1665.0,0.0,0.0,0.0,0.0,0.0,0.0,0.0,0.0,0.0,6.0,1,9.0,0.0,40974.0,60.0,0.0,1.0,0.0,0.0,1.0,0.0,1.0,0.0,0.0,1.0,0.0,30.0,0.0,0.0,0.0,2.0,0,0.0,0.0,0.0,0.0,0.4736431173020387,0.433571561460268,0.6001675918915577,0.5880409674219684,0.5382186147772895,0.1969359093952031,0.70155429574189,0.8547279905251136,0.051866389620482,0.2727272727272727,0,0,0,0,0,0,0,0,0,0,0,0,0,0,0,0,0,0,0,0,0,0,0,0,0,0,0,0,0,0,0,0,0,0,0,0,0,0,0,1,1,1,1,1,1,1,1,0,0,0.0,0.2177159003175864,2237.227558858753,83.52944972180222
738.0,125.0,2789.0,0.0,0.0,6000.0,0.0,0.0,0.0,1.0,0.0,0.0,10.0,1,6.0,0.0,26336.2,28.0,0.0,1.0,0.0,0.0,1.0,0.0,1.0,0.0,0.0,3.0,0.0,362.0,0.0,0.0,0.0,49.0,1,550.38447391892,1.0,0.0,0.0,0.5212405239753718,0.3778489377939458,0.5928181898533479,0.7050177950587562,0.6323404995825976,0.637156079296634,0.7164379667770351,0.5505677088498058,0.5403880645932225,0.5545454545454545,0,0,0,0,0,0,0,0,0,0,0,0,0,0,0,0,1,0,0,0,0,0,0,0,0,0,0,0,0,0,0,0,0,0,0,0,0,0,0,1,1,1,1,1,1,1,1,1,1,0.0,0.3240301365301365,1237.4536973429765,164.2094765313028
41694.0,8178.0,21818.0,236.0,2.0,1500.0,0.0,0.0,1.0,1.0,1.0,0.0,5.0,1,1.0,0.0,30298.0,53.0,1.0,1.0,0.0,0.0,3.0,1.0,1.0,0.0,0.0,2.0,0.0,599.0,0.0,0.0,0.0,52.0,0,12267.0,1.0,0.0,0.0,0.4537876781166134,0.4518775101839195,0.4121526875957018,0.2806696723738943,0.8474698102281756,0.8479656971494722,0.6389136276631546,0.6596147251144178,0.4295312230675199,0.4337662337662337,0,0,0,0,0,0,0,0,0,0,0,0,0,0,0,0,0,0,0,0,0,0,0,0,0,0,0,0,0,0,0,0,0,0,0,0,0,0,0,1,1,1,1,0,0,0,0,1,1,0.0,0.2265394755301472,3479.9543458168123,151.21322493692534
284.0,816.5,1633.0,0.0,0.0,0.0,0.0,0.0,0.0,0.0,1.0,0.0,6.0,1,0.0,0.0,31926.0,71.0,1.0,1.0,0.0,0.0,1.0,0.0,1.0,0.0,0.0,1.0,0.0,270.0,0.0,0.0,0.0,4.0,0,0.0,0.0,1.0,0.0,0.4706117811724921,0.4497849662436071,0.7402170086195182,0.5411996769919993,0.7379257374612908,0.1952328373757306,0.5299840669985886,0.4936585087767933,0.9765713015286523,0.1883116883116883,0,0,0,0,0,0,0,0,0,0,0,0,0,0,0,0,0,0,0,0,0,0,0,0,0,0,0,0,0,0,0,0,0,0,0,0,0,0,0,1,1,1,1,1,1,1,1,0,0,0.0,0.1866355814163673,1575.6976642721909,109.48366813812025
227.0,810.0,1620.0,0.0,0.0,2500.0,0.0,0.0,0.0,0.0,0.0,0.0,5.0,1,5.0,0.0,32322.0,68.0,1.0,1.0,0.0,0.0,1.0,0.0,1.0,0.0,0.0,1.0,0.0,245.0,0.0,0.0,0.0,38.0,0,0.0,0.0,1.0,0.0,0.4954767046005262,0.3566598390476676,0.4590450739652768,0.3728615448690826,0.6598201576071896,0.6083014376294706,0.6921118617300598,0.4839875981719505,0.9437256764341,0.7857142857142857,0,0,0,0,0,0,0,0,0,0,0,0,0,0,0,0,0,0,0,0,0,0,0,0,0,0,0,0,0,0,0,0,0,0,0,0,0,0,0,1,1,1,1,1,1,1,1,0,0,0.0,0.2800980967888427,1070.2076258846057,198.12794867787244
23268.0,543.0,20942.0,0.0,0.0,7000.0,0.0,0.0,0.0,0.0,0.0,0.0,3.0,1,8.0,1.0,26936.0,70.0,1.0,0.0,0.0,0.0,3.0,0.0,1.0,0.0,0.0,1.0,0.0,384.0,0.0,0.0,0.0,4.0,1,0.0,0.0,1.0,1.0,0.3554303613296961,0.559121415613598,0.4121526875957018,0.2806696723738943,0.3172682873929451,0.2676376330325951,0.3905631060133748,0.7507138353411899,0.5109035567109036,0.2831168831168831,0,0,0,0,0,0,0,0,0,0,0,0,0,0,0,0,0,0,0,0,0,0,0,0,0,0,0,0,0,0,0,0,0,0,0,0,0,0,0,0,0,1,1,0,0,1,1,1,1,0.0,0.1794520845486477,7826.173374708746,122.59264914832119
273.0,0.0,1669.0,0.0,0.0,3500.0,0.0,0.0,0.0,1.0,0.0,0.0,8.0,0,6.0,1.0,33878.0,32.0,1.0,1.0,0.0,0.0,1.0,0.0,1.0,0.0,0.0,3.0,1.0,370.0,0.0,0.0,0.0,31.0,0,0.0,0.0,0.0,0.0,0.6317735225421957,0.5119804697229496,0.4967930729949213,0.7006962758319812,0.5255423369857203,0.1014703290390627,0.5316052130259727,0.3676056237843005,0.9240182772613484,0.8766233766233766,0,0,0,0,0,0,0,0,0,0,0,0,0,0,0,0,0,0,0,0,0,0,0,0,0,0,0,0,0,0,0,0,0,0,0,0,0,0,0,1,1,1,1,0,0,1,1,0,0,0.0,0.486384067615202,1595.5712039104349,350.39212271081874
227.0,0.0,1620.0,0.0,0.0,0.0,0.0,0.0,0.0,0.0,1.0,0.0,5.0,1,3.0,0.0,32299.0,18.0,0.0,1.0,0.0,0.0,1.0,0.0,1.0,0.0,0.0,1.0,0.0,212.0,0.0,0.0,0.0,3.0,1,0.0,0.0,0.0,0.0,0.5138385600547746,0.4509884826069147,0.7402170086195182,0.6384251011507169,0.7993804024441663,0.8190191992903282,0.5310171521923582,0.5467542640740227,0.386287093256738,0.3831168831168831,0,0,0,0,0,0,0,0,0,0,0,0,0,0,0,0,0,0,0,0,0,0,0,0,0,0,0,0,0,0,0,0,0,0,0,0,0,0,0,1,1,1,1,0,0,1,1,1,1,0.0,0.1740098138105942,1640.5172781417973,80.10578638317071
1538.0,526.0,1865.0,0.0,0.0,3000.0,0.0,0.0,0.0,0.0,0.0,0.0,5.0,1,8.0,0.0,31973.0,33.0,0.0,1.0,0.0,0.0,1.0,0.0,1.0,0.0,0.0,2.0,2.0,289.0,0.0,0.0,0.0,58.0,0,0.0,0.0,0.0,0.0,0.5264965575209111,0.3735851149637027,0.4590450739652768,0.3728615448690826,0.6991872165065467,0.5224036656884491,0.7064239257327543,0.4495431139215992,0.7884596121833487,0.6454545454545455,0,0,0,0,0,0,0,0,0,0,0,0,0,0,0,0,0,0,0,0,0,0,0,0,0,0,0,0,0,0,0,0,0,0,0,0,0,0,0,1,1,1,1,1,1,1,1,1,1,0.0,0.4287089339101287,1710.6016530589477,165.93112484532
227.0,810.0,1620.0,0.0,0.0,0.0,0.0,0.0,0.0,0.0,0.0,0.0,8.0,1,2.0,0.0,31015.0,29.0,0.0,1.0,0.0,0.0,1.0,0.0,1.0,0.0,0.0,1.0,0.0,147.0,0.0,0.0,0.0,1.0,1,0.0,0.0,0.0,0.0,0.5510479897519478,0.4429434378199491,0.6123549434002609,0.562332079263878,0.7653966683054665,0.2335379417286069,0.4213561279416019,0.459753059186248,0.6049785012347952,0.4766233766233766,0,0,0,0,0,0,0,0,0,0,0,0,0,0,0,0,0,0,0,0,0,0,0,0,0,0,0,0,0,0,0,0,0,0,0,0,0,0,0,1,1,1,1,1,1,1,1,1,1,0.0,0.2753572995527367,2165.675430267725,145.4831377187209
946.0,153.0,16384.0,870.0,1.0,8500.0,0.0,0.0,0.0,1.0,0.0,0.0,9.0,0,18.0,1.0,28956.0,47.0,1.0,0.0,0.0,0.0,1.0,1.0,1.0,1.0,1.0,2.0,0.0,290.0,0.0,0.0,0.0,52.0,0,0.0,0.0,0.0,0.0,0.3566296701084709,0.4402940219640104,0.1991023383171821,0.5952814359943037,0.3890009676778077,0.8781506453997775,0.372429465165618,0.5745283975480366,0.5127990853146102,0.2207792207792207,0,0,0,0,0,0,0,0,0,0,0,0,0,0,0,0,0,0,0,0,0,0,0,0,0,0,0,0,0,0,0,0,0,0,0,0,0,0,0,1,1,1,1,0,0,1,1,0,0,0.0,0.4636391119295296,1908.086433601368,306.4257015771882
229.0,0.0,1630.0,0.0,0.0,0.0,0.0,0.0,0.0,1.0,1.0,0.0,6.0,1,4.0,0.0,34354.0,20.0,0.0,1.0,0.0,0.0,1.0,0.0,1.0,0.0,0.0,1.0,0.0,242.0,0.0,0.0,0.0,3.0,1,0.0,0.0,0.0,0.0,0.7542270148830899,0.4579111577943386,0.6482299572775749,0.550893555539404,0.4537066773477693,0.274105257670012,0.348583528304385,0.5535376918160646,0.3604268718820905,0.3233766233766234,0,0,0,0,0,0,0,0,0,0,0,0,0,0,0,0,0,0,0,0,0,0,0,0,0,0,0,0,0,0,0,0,0,0,0,0,0,0,0,1,1,1,1,1,1,1,1,1,1,0.0,0.1823781477010769,2085.343444656163,129.7293672602746
3913.0,1463.0,2357.0,0.0,0.0,3500.0,0.0,0.0,0.0,0.0,1.0,0.0,4.0,1,4.0,0.0,34723.0,54.0,0.0,1.0,0.0,0.0,2.0,0.0,1.0,0.0,0.0,2.0,0.0,384.0,0.0,0.0,0.0,41.0,1,573.2549449936128,1.0,0.0,0.0,0.5570609960641238,0.5502036603773631,0.5529840109227455,0.5890303343146929,0.510458959342133,0.3975921430743842,0.458235726896801,0.4270971361442436,0.0248372792904942,0.1038961038961039,0,0,0,0,0,0,0,0,0,0,0,0,0,0,0,0,0,0,0,0,0,0,0,0,0,0,0,0,0,0,0,0,0,0,0,0,0,0,0,1,1,1,1,1,1,1,1,0,0,0.0,0.1752427767837321,1553.784548352772,88.86715240352888
697.0,196.0,3286.0,930.0,1.0,1500.0,0.0,0.0,0.0,1.0,0.0,0.0,9.0,1,0.0,1.0,28365.0,31.0,0.0,1.0,0.0,0.0,1.0,0.0,1.0,0.0,0.0,3.0,2.0,349.0,0.0,0.0,0.0,49.0,0,0.0,0.0,0.0,0.0,0.4698725909579681,0.5173413232242442,0.3687303568165428,0.3699186055448309,0.360183211345953,0.7240652771680989,0.9713142181836744,0.1762414927781793,0.044531822114837,0.3441558441558441,0,0,0,0,0,0,0,0,0,0,0,0,0,0,0,0,0,0,0,0,0,0,0,0,0,0,0,0,0,0,0,0,0,0,0,0,0,0,0,1,1,1,1,1,1,0,0,0,0,0.0,0.2526778102502907,2078.7284500944065,148.73376032271986
283.0,950.5,1901.0,0.0,0.0,0.0,0.0,0.0,0.0,1.0,1.0,0.0,6.0,1,8.0,0.0,32205.0,25.0,0.0,1.0,0.0,0.0,1.0,0.0,0.0,1.0,0.0,2.0,0.0,80.0,0.0,0.0,0.0,70.0,0,0.0,0.0,0.0,0.0,0.5138385600547747,0.4708089960693981,0.7402170086195182,0.5411996769919993,0.7379257374612909,0.3412735938089298,0.5299840669985886,0.4469633529294097,0.5512243371800793,0.5064935064935064,0,0,0,0,0,0,0,0,0,0,0,0,0,0,0,0,0,0,0,0,0,0,0,0,0,0,0,0,0,0,0,0,0,0,0,0,0,0,0,1,1,1,1,1,1,1,1,1,1,0.0,0.4148200450212398,1261.4744942232992,255.0792000796671
16341.0,3162.0,15016.0,643.0,2.0,0.0,0.0,0.0,1.0,1.0,0.0,0.0,7.0,1,0.0,1.0,31343.0,40.0,1.0,1.0,0.0,0.0,3.0,4.0,1.0,1.0,0.0,3.0,2.0,539.0,0.0,1.0,0.0,48.0,1,0.0,0.0,0.0,0.0,0.3700404178646863,0.2672502120156447,0.3932205376988854,0.370228028749156,0.2834159177546466,0.5440677600531811,0.7037736463605817,0.9238115032412422,0.3484713840141279,0.4285714285714285,0,0,0,0,0,0,0,0,0,0,0,0,0,0,0,0,0,0,0,0,0,0,0,0,0,0,0,0,0,0,0,0,0,0,0,0,0,0,0,1,1,1,1,1,1,0,0,0,0,0.0,0.257374016827946,1825.6580905798385,255.5364301993402
973.0,0.0,1745.0,0.0,0.0,4500.0,0.0,0.0,0.0,1.0,1.0,0.0,3.0,1,9.0,1.0,32322.0,54.0,1.0,0.0,1.0,0.0,4.0,6.0,1.0,0.0,0.0,3.0,0.0,587.0,1.0,2.0,1955.0,86.0,0,0.0,0.0,0.0,0.0,0.0533689067989643,0.3156917972321387,0.1623196697500355,0.6015376351707867,0.3797925862576627,0.4148427925390056,0.6361139951264277,0.5861139417817848,0.8422174050809204,0.6675324675324675,0,0,0,0,0,0,0,0,0,0,0,0,0,0,0,0,0,0,0,0,0,0,0,0,0,0,0,0,0,0,0,0,0,0,0,0,0,0,0,0,0,0,0,0,0,1,1,1,1,0.0,0.2936604152136736,1754.8653879334413,201.7530963361404
778.0,208.0,1768.0,0.0,0.0,3500.0,0.0,0.0,0.0,0.0,1.0,0.0,7.0,1,9.0,0.0,28953.0,20.0,1.0,1.0,0.0,0.0,1.0,0.0,1.0,0.0,0.0,2.0,0.0,175.0,0.0,0.0,0.0,22.0,0,160.3725627531063,1.0,0.0,0.0,0.4551313560953163,0.3754036401694129,0.5883066582725703,0.3368385594420199,0.5003722604539591,0.5060693673461536,0.1525281450521741,0.0421987748947672,0.8415211218464829,0.0454545454545454,0,0,0,0,0,0,0,0,0,0,0,0,0,0,0,0,0,0,0,0,0,0,0,0,0,0,0,0,0,0,0,0,0,0,0,0,0,0,0,1,1,1,1,1,1,0,0,0,0,0.0,0.2989231794092335,1765.2735936095148,199.769547366794
227.0,1503.0,3006.0,0.0,0.0,0.0,0.0,0.0,0.0,0.0,0.0,0.0,9.0,1,4.0,0.0,37566.0,38.0,0.0,1.0,0.0,0.0,1.0,0.0,0.0,1.0,0.0,3.0,0.0,100.0,0.0,0.0,0.0,4.0,1,0.0,0.0,0.0,0.0,0.5816237627525298,0.3492480160643443,0.7230690139712797,0.6170883157677641,0.6497101867541664,0.3335500065418476,0.5254027042203486,0.442219223808875,0.3665383626568644,0.6103896103896104,0,0,0,0,0,0,0,0,0,0,0,0,0,0,0,0,0,0,0,0,0,0,0,0,0,0,0,0,0,0,0,0,0,0,0,0,0,0,0,1,1,1,1,1,1,1,1,1,1,0.0,0.364415978966932,1709.431269559748,204.2662027229856
4569.0,1825.0,2334.0,0.0,0.0,0.0,0.0,0.0,0.0,0.0,0.0,0.0,2.0,1,8.0,0.0,28586.0,68.0,1.0,1.0,0.0,0.0,2.0,0.0,1.0,0.0,0.0,1.0,0.0,19.0,0.0,0.0,0.0,4.0,1,0.0,0.0,1.0,0.0,0.6277148565646036,0.7527915883234897,0.8151425529681623,0.471471618842973,0.5582089078369363,0.5163372447456073,0.7834023455014872,0.5017002673908888,0.9912459810761904,0.3311688311688311,0,0,0,0,0,0,0,0,0,0,0,0,0,0,0,0,0,0,0,0,0,0,0,0,0,0,0,0,0,0,0,0,0,0,0,0,0,0,0,1,1,0,0,1,1,0,0,0,0,0.0,0.2173227065274953,1880.9617786195051,229.78419555989018
2552.0,441.0,5869.0,1781.0,2.0,6000.0,0.0,0.0,0.0,1.0,1.0,0.0,11.0,1,1.0,1.0,32943.0,49.0,1.0,1.0,0.0,0.0,2.0,0.0,1.0,1.0,0.0,3.0,1.0,324.0,0.0,0.0,0.0,138.0,0,0.0,0.0,0.0,0.0,0.2874877843018083,0.2464911236555617,0.1645298314417011,0.556377251577188,0.3241626488622398,0.299816535190775,0.6532193552331191,0.5599626138188629,0.4888030974951503,0.5792207792207792,0,0,0,0,0,0,0,0,0,0,0,0,0,0,0,0,0,0,0,0,0,0,0,0,0,0,0,0,0,0,0,0,0,0,0,0,0,0,0,1,1,0,0,1,1,1,1,1,1,0.0,0.3131507881024911,1795.304104680943,273.838293387302
6860.0,3305.0,3305.0,0.0,0.0,12000.0,0.0,0.0,1.0,0.0,0.0,0.0,6.0,1,6.0,0.0,32305.0,46.0,0.0,1.0,0.0,0.0,2.0,0.0,1.0,1.0,0.0,3.0,1.0,324.0,0.0,0.0,0.0,13.0,1,0.0,0.0,0.0,0.0,0.5609793887897012,0.5541990137015623,0.83695284455055,0.6397773151403763,0.4286946683884909,0.4754748992609025,0.4642349071834427,0.3104388986819462,0.5763447298956756,0.5298701298701298,0,0,0,0,0,0,0,0,0,0,0,0,0,0,0,0,0,0,0,0,0,0,0,0,0,0,0,0,0,0,0,0,0,0,0,0,0,0,0,1,1,0,0,1,1,1,1,1,1,1.0,0.5472417701067636,1928.08738570838,389.9891436981018
227.0,0.0,5075.0,0.0,0.0,6000.0,1.0,0.0,0.0,1.0,0.0,0.0,6.0,1,2.0,0.0,21904.0,21.0,1.0,0.0,0.0,0.0,1.0,0.0,0.0,0.0,0.0,3.0,0.0,61.0,0.0,0.0,0.0,39.0,0,0.0,0.0,0.0,0.0,0.2554273465976021,0.3841515324224586,0.6899155616352184,0.7577410689102267,0.7333574071804652,0.4625499613959764,0.437009562342194,0.4020717050170518,0.5533792289663026,0.3246753246753247,0,0,0,0,0,0,0,0,0,0,0,0,0,0,0,0,0,0,0,0,0,0,0,0,0,0,0,0,0,0,0,0,0,0,0,0,0,0,0,1,1,1,1,1,1,1,1,1,0,0.0,0.291330811228895,1308.7227013420031,170.86359667080552
274.0,0.0,1660.0,0.0,0.0,0.0,0.0,0.0,0.0,0.0,1.0,0.0,1.0,1,0.0,0.0,29151.0,31.0,0.0,1.0,0.0,0.0,1.0,0.0,1.0,0.0,0.0,2.0,0.0,124.0,0.0,0.0,0.0,4.0,0,234.2765025183492,1.0,0.0,0.0,0.8659723802870173,0.6856184592663039,0.3989583076608108,0.4961164761623068,0.2021558169979063,0.1985831707923568,0.4354127146886672,0.3218290684325816,0.5440783804655385,0.448051948051948,0,0,0,0,0,0,0,0,0,0,0,0,0,0,0,0,0,0,0,0,0,0,0,0,0,0,0,0,0,0,0,0,0,0,0,0,0,0,0,0,0,1,1,0,0,1,1,1,1,0.0,0.3121131473335699,2082.5348959969074,210.3323028789169
1665.0,603.0,1942.0,0.0,0.0,0.0,0.0,0.0,0.0,1.0,1.0,0.0,8.0,1,2.0,0.0,31771.0,44.0,1.0,1.0,0.0,0.0,2.0,0.0,1.0,0.0,0.0,3.0,1.0,122.0,0.0,0.0,0.0,4.0,1,0.0,0.0,0.0,0.0,0.5935083465709801,0.5279088441251005,0.332876868001405,0.4401841697594864,0.6904703122249541,0.4954797926135251,0.4141301025879694,0.5358644493342511,0.4648371178419432,0.5883116883116883,0,0,0,0,0,0,0,0,0,0,0,0,0,0,0,0,0,0,0,0,0,0,0,0,0,0,0,0,0,0,0,0,0,0,0,0,0,0,0,1,1,0,0,1,1,1,1,1,1,0.0,0.2309426400601152,1873.462080643214,164.25560935355028
912.0,100.0,2181.0,0.0,0.0,0.0,0.0,0.0,0.0,0.0,0.0,0.0,1.0,1,6.0,0.0,35747.0,48.0,1.0,1.0,0.0,0.0,2.0,0.0,1.0,0.0,0.0,3.0,0.0,242.0,0.0,0.0,0.0,1.0,0,0.0,0.0,0.0,0.0,0.9029586926527622,0.8411233195076436,0.7756658667329128,0.5731635053413673,0.5615658534881998,0.4042444333469376,0.2506891720985219,0.5587575223638697,0.8100774251401185,0.6428571428571429,0,0,0,0,0,0,0,0,0,0,0,0,0,0,0,0,0,0,0,0,0,0,0,0,0,0,0,0,0,0,0,0,0,0,0,0,0,0,0,0,0,1,1,1,1,1,1,0,0,0.0,0.1697888801223276,3458.679538303782,132.96254756502887
2075.0,776.0,1927.0,0.0,0.0,0.0,0.0,0.0,0.0,0.0,0.0,0.0,5.0,1,3.0,0.0,28428.0,63.0,0.0,1.0,0.0,0.0,1.0,0.0,1.0,0.0,0.0,1.0,0.0,246.0,0.0,0.0,0.0,3.0,0,0.0,0.0,1.0,0.0,0.5956602749730663,0.961474971703767,0.5752196929511508,0.5493707484775114,0.5678249954428667,0.4363525024102443,0.5723062979189075,0.3342212702823336,0.4550759640833853,0.0649350649350649,0,0,0,0,0,0,0,0,0,0,0,0,0,0,0,0,0,0,0,0,0,0,0,0,0,0,0,0,0,0,0,0,0,0,0,0,0,0,0,0,0,1,1,1,1,1,1,0,0,0.0,0.2727453583491145,2157.6080170771397,143.4667794354802
227.0,0.0,1620.0,0.0,0.0,0.0,0.0,0.0,0.0,1.0,1.0,0.0,7.0,1,9.0,0.0,31645.0,27.0,0.0,1.0,0.0,0.0,1.0,0.0,1.0,0.0,0.0,1.0,0.0,135.0,0.0,0.0,0.0,3.0,0,0.0,0.0,0.0,0.0,0.4993810795658019,0.449784966243607,0.7402170086195181,0.5189570073102999,0.7156698040608563,0.311428883659633,0.4882741167917134,0.4984169990142734,0.386287093256738,0.2818181818181818,0,0,0,0,0,0,0,0,0,0,0,0,0,0,0,0,0,0,0,0,0,0,0,0,0,0,0,0,0,0,0,0,0,0,0,0,0,0,0,1,1,1,1,1,1,1,1,1,1,0.0,0.2534672803476538,1653.3740062827562,147.67076093605945
227.0,810.0,1620.0,0.0,0.0,0.0,0.0,0.0,0.0,0.0,0.0,0.0,1.0,1,8.0,0.0,39027.0,46.0,0.0,1.0,0.0,0.0,0.0,0.0,1.0,0.0,0.0,3.0,1.0,228.2,0.0,0.0,0.0,3.0,0,0.0,0.0,0.0,0.0,0.5287721684685178,0.2187387106213692,0.5846772984817401,0.7105688688200503,0.578933411625346,0.3063837946818333,0.5532828820336155,0.6733996943092924,0.3921261897181428,0.2922077922077922,0,0,0,0,0,0,0,0,0,0,0,0,0,0,0,0,0,0,0,0,0,0,0,0,0,0,0,0,0,1,0,0,0,0,0,0,0,0,0,1,0,1,1,1,0,1,1,1,1,0.0,0.2134266300755335,2333.5611225728576,85.32950328706345
227.0,0.0,1620.0,0.0,0.0,0.0,0.0,0.0,0.0,0.0,0.0,0.0,9.0,1,6.0,0.0,29113.0,50.0,0.0,1.0,0.0,0.0,0.0,0.0,1.0,0.0,0.0,1.0,0.0,165.8,0.0,0.0,0.0,2.0,1,0.0,0.0,0.0,0.0,0.6701734919329045,0.5720728070407907,0.3989583076608108,0.3233734441437162,0.5678249954428667,0.5570836240178306,0.3923921944772964,0.1211665365063315,0.5440783804655386,0.448051948051948,0,0,0,0,0,0,0,0,0,0,0,0,0,0,0,0,0,0,0,0,0,0,0,0,0,0,0,0,0,1,0,0,0,0,0,0,0,0,0,1,1,1,0,1,0,1,0,1,1,0.0,0.4116320530390881,1762.2656147291543,235.9949681631728
2398.0,563.0,2886.0,41.0,1.0,11000.0,0.0,0.0,0.0,1.0,1.0,0.0,5.0,1,1.0,1.0,33460.0,53.0,0.0,1.0,0.0,0.0,1.0,0.0,1.0,1.0,0.0,1.0,0.0,347.0,0.0,0.0,0.0,94.0,0,0.0,0.0,0.0,0.0,0.5679227785187275,0.4901118215451916,0.4394775262436202,0.279559728455871,0.4300874544951754,0.3524920175348828,0.4900274227502056,0.4397770251686246,0.5674306684542607,0.7376623376623377,0,0,0,0,0,0,0,0,0,0,0,0,0,0,0,0,0,0,0,0,0,0,0,0,0,0,0,0,0,0,0,0,0,0,0,0,0,0,0,1,1,0,0,1,1,1,1,1,1,0.0,0.1745468946878352,1805.387965812893,118.34420172216718
15186.0,3897.0,10953.0,0.0,0.0,12000.0,0.0,0.0,0.0,0.0,0.0,0.0,8.0,1,10.0,1.0,37783.0,59.0,1.0,1.0,0.0,0.0,3.0,0.0,1.0,1.0,0.0,2.0,0.0,396.0,0.0,0.0,0.0,3.0,1,9863.870894440832,1.0,0.0,1.0,0.4489050469477127,0.4065500672031333,0.118693320963807,0.3651671496309485,0.4088115791724805,0.641544796664157,0.6252052146081357,0.4070423789947875,0.0277165565765256,0.8311688311688312,0,0,0,0,0,0,0,0,0,0,0,0,0,0,0,0,0,0,0,0,0,0,0,0,0,0,0,0,0,0,0,0,0,0,0,0,0,0,0,0,0,0,0,1,1,1,1,0,0,0.0,0.4032024616394785,6410.22563322958,323.4352444370396
227.0,0.0,2282.0,1539.0,2.0,6000.0,0.0,0.0,0.0,0.0,0.0,0.0,7.0,1,3.0,1.0,38238.0,32.0,0.0,1.0,0.0,0.0,1.0,0.0,1.0,0.0,0.0,3.0,0.0,147.0,0.0,1.0,0.0,18.0,0,0.0,0.0,0.0,0.0,0.4750232683536279,0.542104962422796,0.4643009799015781,0.9527897938398736,0.1625251535683212,0.483747763869056,0.4907904612393817,0.3843617682958516,0.7674263243478221,0.6584415584415585,0,0,0,0,0,0,0,0,0,0,0,0,0,0,0,0,0,0,0,0,0,0,0,0,0,0,0,0,0,0,0,0,0,0,0,0,0,0,0,1,1,0,0,0,0,1,1,1,1,0.0,0.3580885439612279,2164.3842234719577,305.30801747734984
5631.0,3289.0,6578.0,0.0,0.0,6500.0,0.0,0.0,1.0,1.0,1.0,0.0,5.0,1,8.0,1.0,36404.0,36.0,1.0,1.0,0.0,0.0,2.0,0.0,1.0,0.0,0.0,2.0,0.0,242.0,0.0,0.0,0.0,43.0,0,0.0,0.0,0.0,0.0,0.6460677057803123,0.4187904531219916,0.2135157604678283,0.7089099492927173,0.2300609971261744,0.4627037507895727,0.0102416691775889,0.4200429564285186,0.4391687885280632,0.3259740259740259,0,0,0,0,0,0,0,0,0,0,0,0,0,0,0,0,0,0,0,0,0,0,0,0,0,0,0,0,0,0,0,0,0,0,0,0,0,0,0,0,0,1,1,1,1,0,0,1,1,0.0,0.36055713925231,1548.219291856211,325.712824116689
5356.0,794.0,6251.0,0.0,0.0,0.0,0.0,0.0,0.0,0.0,1.0,0.0,9.0,1,6.0,0.0,31004.0,69.0,1.0,1.0,0.0,0.0,2.0,0.0,1.0,0.0,0.0,1.0,0.0,207.0,0.0,0.0,0.0,4.0,1,0.0,0.0,1.0,0.0,0.3971451575148254,0.4499572987078655,0.5196001960229759,0.4232356728919805,0.4894030581955255,0.682964315447351,0.5904292384719099,0.5320646902770744,0.6305340574072341,0.4584415584415584,0,0,0,0,0,0,0,0,0,0,0,0,0,0,0,0,0,0,0,0,0,0,0,0,0,0,0,0,0,0,0,0,0,0,0,0,0,0,0,1,1,1,1,1,1,1,1,1,1,0.0,0.2963116262083095,2580.977398628592,251.76520273645187
3626.0,284.0,7375.0,0.0,2.0,15000.0,0.0,1.0,1.0,1.0,1.0,0.0,8.0,1,23.0,1.0,41152.0,46.0,0.0,1.0,0.0,0.0,2.0,0.0,1.0,1.0,0.0,3.0,2.0,478.0,0.0,0.0,0.0,1.0,1,3375.965300132812,1.0,0.0,1.0,0.3429196605153365,0.4870447840620514,0.6138668806791159,0.4304973538263122,0.6013245336241889,0.765525159044054,0.4760672379504731,0.7766931077715118,0.5078007455662401,0.5623376623376624,0,0,0,0,0,0,0,0,0,0,0,0,0,0,0,0,0,0,0,0,0,0,0,0,0,0,0,0,0,0,0,0,0,0,0,0,0,0,0,1,1,0,0,1,1,0,0,1,1,1.0,0.54727453132942,9383.955175389458,642.6570260814168
227.0,0.0,1620.0,0.0,0.0,0.0,0.0,0.0,0.0,0.0,0.0,0.0,9.0,1,7.0,0.0,32103.0,44.0,0.0,1.0,0.0,0.0,1.0,0.0,1.0,0.0,0.0,2.0,0.0,165.8,0.0,0.0,0.0,4.0,0,0.0,0.0,0.0,0.0,0.5138385600547748,0.5280992919374115,0.7402170086195182,0.8720276443244082,0.7379257374612909,0.0225730533856186,0.5310171521923582,0.5854315000640701,0.386287093256738,0.2818181818181818,0,0,0,0,0,0,0,0,0,0,0,0,0,0,0,0,0,0,0,0,0,0,0,0,0,0,0,0,0,1,0,0,0,0,0,0,0,0,0,1,0,1,0,1,0,1,0,1,1,0.0,0.3465602205258694,1523.0628807704168,191.9163470039176
867.0,903.0,1806.0,0.0,0.0,15000.0,0.0,0.0,0.0,0.0,0.0,0.0,7.0,1,9.0,0.0,35029.0,39.0,1.0,1.0,0.0,0.0,1.0,0.0,1.0,0.0,0.0,2.0,2.0,220.0,0.0,0.0,0.0,18.0,0,0.0,0.0,0.0,0.0,0.0474270007996298,0.4738921075601991,0.3174805020650373,0.5742611653499761,0.496581387683341,0.639140823448799,0.7188066919219467,0.6878360208404912,0.3953378398632448,0.4948051948051947,0,0,0,0,0,0,0,0,0,0,0,0,0,0,0,0,0,0,0,0,0,0,0,0,0,0,0,0,0,0,0,0,0,0,0,0,0,0,0,0,0,1,1,1,1,1,1,1,1,0.0,0.4808285120596465,1535.0765373151503,268.31607066235154
18234.0,949.0,30101.0,0.0,0.0,0.0,0.0,0.0,0.0,0.0,0.0,0.0,9.0,0,2.0,0.0,41095.0,76.0,1.0,0.0,0.0,0.0,3.0,0.0,1.0,0.0,0.0,1.0,0.0,26.0,0.0,0.0,0.0,1.0,0,0.0,0.0,1.0,0.0,0.4420175561615241,0.4264102846149996,0.4121526875957018,0.2806696723738943,0.1686854624639455,0.2218523304246923,0.3420743370275168,0.6110076793755902,0.5172495803436222,0.5324675324675324,0,0,0,0,0,0,0,0,0,0,0,0,0,0,0,0,0,0,0,0,0,0,0,0,0,0,0,0,0,0,0,0,0,0,0,0,0,0,0,1,1,1,1,0,0,1,1,0,0,0.0,0.1743089250219144,17781.564153573352,140.5940328710288
4851.0,803.0,5465.0,1307.0,2.0,13000.0,0.0,0.0,0.0,1.0,0.0,0.0,9.0,1,4.0,1.0,37604.0,46.0,1.0,1.0,0.0,0.0,2.0,0.0,1.0,1.0,0.0,2.0,0.0,306.0,0.0,0.0,0.0,115.0,0,0.0,0.0,0.0,0.0,0.4008990695013604,0.4061806884889168,0.3946096165925933,0.4342379598503057,0.4590185262700645,0.5543844734786535,0.7000718596178757,0.5658352735188622,0.6663633618072372,0.7285714285714285,0,0,0,0,0,0,0,0,0,0,0,0,0,0,0,0,0,0,0,0,0,0,0,0,0,0,0,0,0,0,0,0,0,0,0,0,0,0,0,1,1,1,1,1,1,1,1,1,1,0.0,0.3912930699882407,1734.4568554909736,338.2223106076361
227.0,0.0,1620.0,0.0,0.0,0.0,0.0,0.0,0.0,0.0,0.0,0.0,2.0,0,1.0,0.0,28754.0,22.0,0.0,1.0,0.0,0.0,1.0,0.0,0.0,0.0,0.0,3.0,0.0,108.0,0.0,0.0,0.0,4.0,0,0.0,0.0,0.0,0.0,0.6701734919329045,0.4909217322547968,0.3464944808377254,0.5572994322100308,0.5678249954428667,0.2608715730536005,0.523694497695962,0.2195647852928601,0.5340044750611137,0.3376623376623376,0,0,0,0,0,0,0,0,0,0,0,0,0,0,0,0,0,0,0,0,0,0,0,0,0,0,0,0,0,0,0,0,0,0,0,0,0,0,0,1,1,1,1,1,1,1,1,1,0,0.0,0.2829846808822515,1631.7538285257665,138.01728269756018
6855.0,1664.0,8205.0,1634.0,7.0,6000.0,1.0,0.0,1.0,1.0,1.0,0.0,8.0,1,4.0,1.0,33188.0,33.0,1.0,1.0,0.0,0.0,1.0,0.0,1.0,0.0,0.0,2.0,0.0,105.0,0.0,0.0,0.0,1.0,0,0.0,0.0,0.0,1.0,0.4469947401720228,0.3488077364594709,0.0240325714797244,0.8129589315072572,0.038112548662152,0.7640902633893523,0.4711749267058354,0.4961251579830611,0.4724821975946321,0.3025974025974026,0,0,0,0,0,0,0,0,0,0,0,0,0,0,0,0,0,0,0,0,0,0,0,0,0,0,0,0,0,0,0,0,0,0,0,0,0,0,0,1,1,0,0,0,0,1,1,1,1,0.0,0.3901597442916283,9733.995860769674,435.3061628201759
228.0,0.0,14103.0,3343.0,3.0,3000.0,0.0,0.0,0.0,0.0,0.0,0.0,9.0,1,0.0,1.0,43127.0,37.0,1.0,1.0,0.0,0.0,1.0,0.0,0.0,0.0,0.0,3.0,0.0,107.0,0.0,0.0,0.0,4.0,0,0.0,0.0,0.0,0.0,0.3217102406322816,0.5199294812398729,0.4250975128725497,0.7278062671022041,0.6707574509398135,0.4801268635790331,0.6380144825727446,0.4012124972224987,0.4015697373079229,0.4831168831168831,0,0,0,0,0,0,0,0,0,0,0,0,0,0,0,0,0,0,0,0,0,0,0,0,0,0,0,0,0,0,0,0,0,0,0,0,0,0,0,1,1,1,1,1,1,1,1,1,1,0.0,0.1951275401046169,5329.551081423264,153.10563465308982
703.0,894.0,1788.0,0.0,0.0,1500.0,0.0,0.0,0.0,0.0,0.0,0.0,4.0,0,12.0,0.0,29986.0,55.0,0.0,0.0,0.0,0.0,1.0,0.0,1.0,1.0,1.0,2.0,0.0,243.0,0.0,0.0,0.0,4.0,0,0.0,0.0,0.0,0.0,0.7007567870185472,0.4560058154955064,0.3486217140971404,0.3610634140158525,0.5402216482111163,0.4386133129254573,0.4784138522243716,0.5968410389734609,0.0928468609688736,0.935064935064935,0,0,0,0,0,0,0,0,0,0,0,0,0,0,0,0,0,0,0,0,0,0,0,0,0,0,0,0,0,0,0,0,0,0,0,0,0,0,0,1,1,1,1,1,1,1,1,0,0,0.0,0.3217803243674837,1797.8195083192547,118.81262153966676
229.0,0.0,1621.0,0.0,0.0,0.0,0.0,0.0,0.0,1.0,1.0,0.0,2.0,1,5.0,0.0,31947.0,38.0,1.0,1.0,0.0,0.0,1.0,0.0,0.0,0.0,0.0,3.0,0.0,25.0,0.0,0.0,0.0,57.0,0,0.0,0.0,0.0,0.0,0.5240760583663375,0.449784966243607,0.7402170086195182,0.6161824314690175,0.7379257374612909,0.311428883659633,0.5310171521923582,0.4984169990142734,0.386287093256738,0.2818181818181818,0,0,0,0,0,0,0,0,0,0,0,0,0,0,0,0,0,0,0,0,0,0,0,0,0,0,0,0,0,0,0,0,0,0,0,0,0,0,0,1,1,1,1,1,1,1,1,1,1,0.0,0.2392182258082983,1085.077353303162,158.74631386509364
227.0,0.0,1620.0,0.0,0.0,12000.0,0.0,0.0,0.0,0.0,0.0,0.0,4.0,1,0.0,0.0,27364.0,46.0,0.0,1.0,0.0,0.0,1.0,0.0,1.0,0.0,0.0,2.0,0.0,78.0,0.0,0.0,0.0,35.0,0,0.0,0.0,0.0,0.0,0.0556848022800665,0.4684074644507991,0.0195171411813995,0.2872139131879625,0.2303164655673053,0.5140850559120118,0.0214004725123816,0.432954032392463,0.3589745468903177,0.6883116883116883,0,0,0,0,0,0,0,0,0,0,0,0,0,0,0,0,0,0,0,0,0,0,0,0,0,0,0,0,0,0,0,0,0,0,0,0,0,0,0,0,0,0,0,0,0,0,0,1,1,0.0,0.1352742027390199,1736.6023811817688,59.10175833717553
334.0,0.0,1821.0,0.0,0.0,0.0,0.0,0.0,0.0,1.0,0.0,0.0,11.0,1,9.0,1.0,28976.0,38.0,0.0,1.0,0.0,0.0,1.0,0.0,1.0,1.0,0.0,2.0,0.0,338.0,0.0,0.0,0.0,1.0,1,0.0,0.0,0.0,0.0,0.6701734919329045,0.5720728070407908,0.4746785480931887,0.5572994322100308,0.5678249954428667,0.2608715730536005,0.523694497695962,0.2195647852928601,0.3126746005776332,0.0519480519480519,0,0,0,0,0,0,0,0,0,0,0,0,0,0,0,0,0,0,0,0,0,0,0,0,0,0,0,0,0,0,0,0,0,0,0,0,0,0,0,1,1,1,1,1,1,1,1,0,0,0.0,0.3599879017657427,2134.091809582897,232.62063827058319
242.0,915.0,1830.0,52.0,2.0,2500.0,0.0,0.0,0.0,0.0,0.0,0.0,3.0,1,2.0,1.0,32085.0,53.0,1.0,1.0,0.0,0.0,1.0,0.0,1.0,1.0,0.0,3.0,0.0,107.0,0.0,0.0,0.0,8.0,1,0.0,0.0,0.0,0.0,0.5264965575209111,0.3735851149637026,0.074346283608884,0.4054021580547343,0.5383848976323025,0.4260446695849406,0.6921118617300598,0.4839875981719506,0.8296452983124102,0.6584415584415584,0,0,0,0,0,0,0,0,0,0,0,0,0,0,0,0,0,0,0,0,0,0,0,0,0,0,0,0,0,0,0,0,0,0,0,0,0,0,0,1,1,0,0,1,1,1,1,1,1,0.0,0.1060844616036652,1420.9429897256832,72.05983564226673
227.0,810.0,1620.0,0.0,0.0,0.0,0.0,0.0,0.0,0.0,1.0,0.0,9.0,1,6.0,0.0,34281.0,17.0,0.0,1.0,0.0,0.0,1.0,0.0,1.0,0.0,0.0,1.0,0.0,209.0,0.0,0.0,0.0,4.0,1,0.0,0.0,0.0,0.0,0.7007627376892444,0.5247737101480124,0.4462693049138794,0.4492410887633431,0.4537066773477693,0.2560769239986064,0.348583528304385,0.556546794471646,0.3604268718820905,0.4350649350649351,0,0,0,0,0,0,0,0,0,0,0,0,0,0,0,0,0,0,0,0,0,0,0,0,0,0,0,0,0,0,0,0,0,0,0,0,0,0,0,1,1,0,0,1,1,1,1,1,1,0.0,0.2211791247863266,1547.2364486761496,96.51382367178151
234.0,0.0,1635.0,0.0,0.0,0.0,0.0,0.0,0.0,0.0,1.0,0.0,5.0,1,2.0,0.0,26606.0,50.0,1.0,0.0,0.0,0.0,1.0,1.0,1.0,0.0,0.0,3.0,0.0,671.0,0.0,0.0,0.0,4.0,1,0.0,0.0,0.0,0.0,0.878802149155789,0.6814779924923269,0.6074744061238693,0.5474352346518943,0.4981727416694441,0.0479145416176606,0.8496807520167956,0.6283029749269493,0.373290452368578,0.409090909090909,0,0,0,0,0,0,0,0,0,0,0,0,0,0,0,0,0,0,0,0,0,0,0,0,0,0,0,0,0,0,0,0,0,0,0,0,0,0,0,0,0,1,1,0,0,0,0,1,1,0.0,0.1713579856650751,1505.1410250197414,87.42389033545058
1797.0,955.5,1911.0,0.0,0.0,3000.0,0.0,0.0,0.0,0.0,0.0,0.0,9.0,0,5.0,0.0,28596.2,67.0,0.0,1.0,0.0,0.0,1.0,0.0,1.0,0.0,0.0,1.0,0.0,245.0,0.0,0.0,0.0,69.0,0,0.0,0.0,0.0,0.0,0.4266568681401305,0.5349120032482659,0.4837189125732841,0.2728870935530914,0.5889314046483328,0.1859027131226188,0.2285255772219601,0.279138518234494,0.9693279547434528,0.6103896103896104,0,0,0,0,0,0,0,0,0,0,0,0,0,0,0,0,1,0,0,0,0,0,0,0,0,0,0,0,0,0,0,0,0,0,0,0,0,0,0,1,1,1,1,0,0,0,0,0,0,0.0,0.3534778728513784,1460.1286303150205,218.06073525795233
640.0,0.0,1777.0,0.0,0.0,0.0,0.0,0.0,0.0,0.0,0.0,0.0,8.0,1,4.0,0.0,33665.0,54.0,0.0,1.0,0.0,0.0,2.0,0.0,1.0,0.0,0.0,3.0,0.0,443.0,0.0,1.0,199.0,2.0,0,0.0,0.0,0.0,0.0,0.7628344380019426,0.4826580240691395,0.7432004310429361,0.6467245797492199,0.5399912202419779,0.4584209294997949,0.500686186206646,0.4720062237198085,0.3672837052514918,0.3896103896103896,0,0,0,0,0,0,0,0,0,0,0,0,0,0,0,0,0,0,0,0,0,0,0,0,0,0,0,0,0,0,0,0,0,0,0,0,0,0,0,1,1,1,1,0,0,1,1,1,1,0.0,0.2539679910088389,2463.1169643193766,142.258238578004
229.0,0.0,1663.0,0.0,0.0,3500.0,0.0,0.0,0.0,0.0,0.0,0.0,8.0,1,1.0,0.0,32509.0,47.0,0.0,1.0,0.0,0.0,1.0,0.0,1.0,1.0,0.0,2.0,0.0,371.0,0.0,0.0,0.0,4.0,0,0.0,0.0,0.0,0.0,0.5194249818221,0.45088709402569,0.4610052555476661,0.6072175747007316,0.9672656078826802,0.9859308822940964,0.7191005401782801,0.5467484808583262,0.8422174050809204,0.6675324675324676,0,0,0,0,0,0,0,0,0,0,0,0,0,0,0,0,0,0,0,0,0,0,0,0,0,0,0,0,0,0,0,0,0,0,0,0,0,0,0,1,1,1,1,0,0,1,1,1,1,0.0,0.2037875467008528,1803.4266706415267,63.48893281781235
5565.0,5516.5,11033.0,0.0,1.0,15000.0,0.0,0.0,0.0,0.0,0.0,0.0,4.0,1,9.0,1.0,39366.0,35.0,1.0,1.0,0.0,0.0,3.0,0.0,1.0,1.0,0.0,3.0,3.0,333.0,0.0,0.0,0.0,21.0,0,3189.8800669454595,1.0,0.0,1.0,0.419732201518844,0.4665473818390511,0.4715344994640342,0.5498035097735245,0.5021481504955135,0.6912896281689785,0.9550070427918418,0.3254058890404084,0.2840700181474778,0.6623376623376623,0,0,0,0,0,0,0,0,0,0,0,0,0,0,0,0,0,0,0,0,0,0,0,0,0,0,0,0,0,0,0,0,0,0,0,0,0,0,0,1,1,1,1,1,1,0,0,0,0,0.0,0.4775638525368493,1790.113073937945,425.63909886841714
227.0,0.0,1623.0,0.0,0.0,0.0,0.0,0.0,0.0,0.0,0.0,0.0,10.0,1,3.0,0.0,32710.6,31.0,0.0,1.0,0.0,0.0,1.0,0.0,1.0,0.0,0.0,2.0,0.0,221.0,0.0,0.0,0.0,3.0,1,0.0,0.0,0.0,0.0,0.5111502828909151,0.6318499349764584,0.5788206342441843,0.6427186427118786,0.6902822856960724,0.0986396500301031,0.3544750610310969,0.5711427285813219,0.3572382505790267,0.4181818181818181,0,0,0,0,0,0,0,0,0,0,0,0,0,0,0,0,1,0,0,0,0,0,0,0,0,0,0,0,0,0,0,0,0,0,0,0,0,0,0,1,1,1,1,0,0,1,1,1,1,0.0,0.2364197664975566,1524.941110412349,126.16332775857752
1492.0,429.0,8191.0,1774.0,3.0,13000.0,0.0,1.0,0.0,1.0,1.0,0.0,8.0,1,12.0,1.0,39747.0,38.0,0.0,1.0,0.0,0.0,1.0,0.0,1.0,1.0,0.0,2.0,3.0,408.0,0.0,0.0,0.0,26.0,1,0.0,0.0,0.0,0.0,0.0166421752145272,0.3734004585207917,0.3269847088561471,0.3965441489511331,0.5230737110869994,0.6876241804876042,0.7594787949428765,0.6822350219199251,0.5161611362437319,0.687012987012987,0,0,0,0,0,0,0,0,0,0,0,0,0,0,0,0,0,0,0,0,0,0,0,0,0,0,0,0,0,0,0,0,0,0,0,0,0,0,0,0,0,1,1,1,1,1,1,1,1,0.0,0.394416490823526,2213.9939493544166,444.61451563447264
6766.0,3995.0,3995.0,207.0,1.0,13000.0,0.0,0.0,0.0,0.0,1.0,0.0,9.0,1,3.0,1.0,31305.0,44.0,0.0,1.0,0.0,0.0,2.0,0.0,1.0,1.0,0.0,3.0,1.0,325.0,0.0,0.0,0.0,74.0,1,0.0,0.0,0.0,0.0,0.7358285716646817,0.4934062178477832,0.2923209351810875,0.2878825066141896,0.4286946683884909,0.4754748992609025,0.4642349071834427,0.3104388986819462,0.7486781262421758,0.7987012987012987,0,0,0,0,0,0,0,0,0,0,0,0,0,0,0,0,0,0,0,0,0,0,0,0,0,0,0,0,0,0,0,0,0,0,0,0,0,0,0,1,1,0,0,1,1,1,1,0,0,0.0,0.2828112770531942,1475.2965265918458,195.85319434447763
122993.0,6030.0,42142.0,0.0,0.0,5000.0,0.0,1.0,1.0,0.0,1.0,0.0,5.0,1,6.0,0.0,56332.0,61.0,1.0,1.0,0.0,0.0,5.0,0.0,0.0,1.0,0.0,1.0,0.0,357.0,0.0,0.0,0.0,30.0,1,0.0,0.0,1.0,0.0,0.4736557069313376,0.563957285743966,0.4619066786529283,0.3806580439714914,0.385686676659685,0.5419943158179944,0.3775911022738894,0.697874479715825,0.5173370171655829,0.435064935064935,0,0,0,0,0,0,0,0,0,0,0,0,0,0,0,0,0,0,0,0,0,0,0,0,0,0,0,0,0,0,0,0,0,0,0,0,0,0,0,1,1,1,1,1,1,1,1,1,1,0.0,0.1338843344461195,2560.6835238011467,120.61186861481131
387.0,7.0,1760.0,0.0,0.0,750.0,0.0,0.0,0.0,1.0,1.0,0.0,2.0,1,7.0,0.0,35756.0,23.0,1.0,1.0,0.0,0.0,1.0,0.0,1.0,0.0,0.0,2.0,0.0,210.0,0.0,0.0,0.0,38.0,0,0.0,0.0,0.0,0.0,0.1972998910598151,0.0866205661615665,0.6823487981624152,0.5731635053413673,0.6161840197733467,0.4590382006854221,0.284738434529302,0.5828625205976868,0.0226401318535943,0.3571428571428571,0,0,0,0,0,0,0,0,0,0,0,0,0,0,0,0,0,0,0,0,0,0,0,0,0,0,0,0,0,0,0,0,0,0,0,0,0,0,0,0,0,1,1,1,1,1,1,0,0,0.0,0.3553074979739964,1607.1701816377024,174.69786314674644
272.0,19.0,1628.0,0.0,0.0,0.0,0.0,0.0,0.0,0.0,0.0,0.0,5.0,1,8.0,0.0,33399.0,38.0,0.0,1.0,0.0,0.0,1.0,0.0,1.0,0.0,0.0,2.0,0.0,55.0,0.0,0.0,0.0,3.0,1,0.0,0.0,0.0,0.0,0.7080084394303064,0.4826580240691395,0.7054908107233361,0.64672457974922,0.62517263182968,0.4053668953937686,0.500686186206646,0.4720062237198085,0.5301873376646735,0.396103896103896,0,0,0,0,0,0,0,0,0,0,0,0,0,0,0,0,0,0,0,0,0,0,0,0,0,0,0,0,0,0,0,0,0,0,0,0,0,0,0,1,1,1,1,1,1,1,1,1,1,0.0,0.469592134648051,1808.1926103102808,281.9814402889223
884.0,0.0,2907.0,0.0,0.0,1500.0,0.0,0.0,0.0,0.0,0.0,0.0,4.0,1,4.0,1.0,26306.0,57.0,0.0,1.0,0.0,0.0,1.0,0.0,1.0,0.0,0.0,2.0,0.0,324.0,0.0,0.0,0.0,3.0,1,0.0,0.0,0.0,0.0,0.5295059655064819,0.5823980298713531,0.5229449989052959,0.4790197812102506,0.1418625798466817,0.128893074173741,0.6844881028233554,0.5471874577924323,0.4859021069226965,0.5558441558441559,0,0,0,0,0,0,0,0,0,0,0,0,0,0,0,0,0,0,0,0,0,0,0,0,0,0,0,0,0,0,0,0,0,0,0,0,0,0,0,1,1,1,1,0,0,1,1,1,1,0.0,0.2165601848884848,2136.449297387368,125.17479815703699
6174.0,5673.5,11347.0,0.0,0.0,4000.0,0.0,0.0,0.0,0.0,0.0,0.0,5.0,1,8.0,0.0,43934.0,73.0,1.0,1.0,0.0,0.0,3.0,0.0,1.0,0.0,0.0,1.0,0.0,551.0,0.0,0.0,0.0,21.0,0,0.0,0.0,1.0,0.0,0.483899329010127,0.5212883588019871,0.1361405627917583,0.5052989631609447,0.9565110906653096,0.2597816893107982,0.9859980342859964,0.7011247402626472,0.2643892761383369,0.3961038961038961,0,0,0,0,0,0,0,0,0,0,0,0,0,0,0,0,0,0,0,0,0,0,0,0,0,0,0,0,0,0,0,0,0,0,0,0,0,0,0,1,1,1,1,0,0,0,0,0,0,0.0,0.3736106249047846,1377.342661072415,216.1304967446571
2613.0,906.0,1958.0,0.0,0.0,0.0,0.0,0.0,0.0,0.0,0.0,0.0,3.0,1,9.0,0.0,33770.0,71.0,0.0,1.0,0.0,0.0,2.0,0.0,1.0,0.0,0.0,1.0,0.0,122.0,0.0,0.0,0.0,4.0,1,0.0,0.0,1.0,0.0,0.6054342193069234,0.5838572102875372,0.837747780997993,0.4673093747177972,0.5815407066938235,0.4825048805013024,0.594842329795344,0.4002858376851999,0.7290309069605047,0.2077922077922078,0,0,0,0,0,0,0,0,0,0,0,0,0,0,0,0,0,0,0,0,0,0,0,0,0,0,0,0,0,0,0,0,0,0,0,0,0,0,0,0,0,0,0,1,1,1,1,0,0,0.0,0.3931384468336175,1966.4928252325756,348.09129823809826
227.0,810.0,1620.0,0.0,0.0,0.0,0.0,0.0,0.0,0.0,0.0,0.0,4.0,0,7.0,0.0,26510.0,74.0,0.0,1.0,0.0,0.0,0.0,0.0,1.0,0.0,0.0,1.0,0.0,385.4,0.0,0.0,0.0,4.0,0,0.0,0.0,0.0,0.0,0.5486410345974138,0.4697465262769774,0.6074744061238693,0.3831723737537568,0.4352640928522383,0.5218649344030293,0.7156962415003626,0.5794600811670595,0.373290452368578,0.7077922077922078,0,0,0,0,0,0,0,0,0,0,0,0,0,0,0,0,0,0,0,0,0,0,0,0,0,0,0,0,0,1,0,0,0,0,0,0,0,0,0,1,1,1,0,1,0,1,1,1,0,0.0,0.3553785515371395,1735.5167893456526,165.99483483085376
227.0,0.0,1620.0,19.0,1.0,0.0,0.0,0.0,0.0,0.0,0.0,0.0,5.0,1,2.0,1.0,41523.0,41.0,0.0,1.0,0.0,0.0,1.0,0.0,0.0,0.0,0.0,3.0,0.0,51.0,0.0,0.0,0.0,4.0,0,0.0,0.0,0.0,0.0,0.4736431173020387,0.433571561460268,0.6001675918915577,0.5880409674219684,0.5382186147772895,0.1969359093952031,0.70155429574189,0.8547279905251136,0.3466960845199222,0.435064935064935,0,0,0,0,0,0,0,0,0,0,0,0,0,0,0,0,0,0,0,0,0,0,0,0,0,0,0,0,0,0,0,0,0,0,0,0,0,0,0,1,1,1,1,1,1,1,1,1,1,0.0,0.1530657193634169,1848.7535742147231,58.46388507319437
227.0,0.0,1620.0,0.0,0.0,4000.0,0.0,0.0,0.0,0.0,0.0,0.0,7.0,1,2.0,0.0,35419.0,67.0,0.0,1.0,0.0,0.0,1.0,0.0,1.0,0.0,0.0,1.0,0.0,671.0,0.0,0.0,0.0,39.0,0,0.0,0.0,1.0,0.0,0.4007069320559618,0.0364746938639743,0.1931528890544051,0.8609518362011609,0.142657115335704,0.0457979980914739,0.4907904612393817,0.3843617682958516,0.7617393713623668,0.7285714285714286,0,0,0,0,0,0,0,0,0,0,0,0,0,0,0,0,0,0,0,0,0,0,0,0,0,0,0,0,0,0,0,0,0,0,0,0,0,0,0,0,0,0,0,0,0,1,1,1,1,0.0,0.2458974894305548,1520.3980057611311,128.11525049613647
227.0,0.0,1620.0,1531.0,2.0,15000.0,0.0,0.0,0.0,1.0,1.0,0.0,10.0,1,1.0,1.0,36314.0,27.0,1.0,1.0,0.0,0.0,1.0,0.0,1.0,1.0,0.0,3.0,1.0,86.0,0.0,0.0,0.0,24.0,0,0.0,0.0,0.0,0.0,0.3647392522512698,0.451854043407793,0.2933166406800849,0.6127972219885376,0.496581387683341,0.639140823448799,0.7188066919219467,0.6878360208404912,0.1328596914207241,0.1948051948051948,0,0,0,0,0,0,0,0,0,0,0,0,0,0,0,0,0,0,0,0,0,0,0,0,0,0,0,0,0,0,0,0,0,0,0,0,0,0,0,1,1,1,1,1,1,1,1,0,0,0.0,0.2086939417828524,1650.8932102917454,158.199951532484
7030.0,31.0,11418.0,177.0,1.0,4000.0,0.0,0.0,1.0,1.0,1.0,0.0,10.0,1,8.0,1.0,34811.0,50.0,1.0,1.0,1.0,0.0,2.0,0.0,1.0,1.0,0.0,2.0,0.0,587.0,0.0,0.0,0.0,32.0,1,687.03525707284,1.0,0.0,0.0,0.3614431679343508,0.2284699607304233,0.290286276054158,0.3917969581699941,0.3334835370010818,0.7419774491832622,0.8194175564454025,0.5527583919272321,0.4198932232253473,0.3636363636363636,0,0,0,0,0,0,0,0,0,0,0,0,0,0,0,0,0,0,0,0,0,0,0,0,0,0,0,0,0,0,0,0,0,0,0,0,0,0,0,1,1,1,1,1,1,0,0,1,1,0.0,0.4293025518848051,2034.17235566144,392.97239345857594
536.0,85.0,1897.0,0.0,0.0,10000.0,0.0,0.0,0.0,1.0,1.0,0.0,4.0,1,12.0,0.0,21100.0,46.0,1.0,0.0,0.0,0.0,1.0,0.0,0.0,1.0,0.0,3.0,1.0,164.0,0.0,0.0,0.0,66.0,0,0.0,0.0,0.0,0.0,0.2841808169293022,0.2972574208582088,0.60331816343987,0.6573169104193377,0.580041866557831,0.4591620025073598,0.3864667550424747,0.599328829085516,0.6134222497877848,0.5883116883116883,0,0,0,0,0,0,0,0,0,0,0,0,0,0,0,0,0,0,0,0,0,0,0,0,0,0,0,0,0,0,0,0,0,0,0,0,0,0,0,1,1,1,1,1,1,1,1,1,1,0.0,0.2525113709691093,1490.9652223256896,144.81773168612426
227.0,0.0,1627.0,0.0,0.0,0.0,0.0,0.0,0.0,1.0,1.0,0.0,11.0,1,42.0,0.0,36148.0,28.0,0.0,1.0,0.0,0.0,1.0,0.0,1.0,1.0,0.0,1.0,0.0,242.0,0.0,0.0,0.0,4.0,0,0.0,0.0,0.0,0.0,0.5745813568257654,0.871985848700329,0.6823487981624152,0.5731635053413673,0.6358513253562073,0.3948031982129667,0.284738434529302,0.5828625205976868,0.5138430640117094,0.3155844155844156,0,0,0,0,0,0,0,0,0,0,0,0,0,0,0,0,0,0,0,0,0,0,0,0,0,0,0,0,0,0,0,0,0,0,0,0,0,0,0,0,0,1,1,1,1,1,1,1,1,0.0,0.3311996049839986,1522.6538002342927,253.23088897927326
566.0,0.0,2390.0,892.0,3.0,12000.0,0.0,0.0,0.0,0.0,0.0,0.0,2.0,1,4.0,1.0,37871.0,41.0,0.0,1.0,0.0,0.0,1.0,0.0,1.0,0.0,0.0,3.0,1.0,338.0,0.0,0.0,0.0,89.0,0,833.4760882584377,1.0,0.0,0.0,0.3933661240532971,0.4844815619374826,0.33027626653626,0.4941694235908357,0.7719339461169684,0.9464874325602004,0.7254303093701093,0.4901374157960351,0.5056353679241341,0.5727272727272726,0,0,0,0,0,0,0,0,0,0,0,0,0,0,0,0,0,0,0,0,0,0,0,0,0,0,0,0,0,0,0,0,0,0,0,0,0,0,0,1,1,1,1,0,0,1,1,1,1,0.0,0.1876619138913929,2013.807560476172,130.39980921140554
497.0,104.0,1686.0,0.0,0.0,0.0,0.0,0.0,0.0,1.0,0.0,0.0,7.0,1,7.0,0.0,38219.0,37.0,0.0,1.0,0.0,0.0,1.0,0.0,1.0,0.0,0.0,2.0,0.0,326.0,0.0,0.0,0.0,1.0,0,0.0,0.0,0.0,0.0,0.6457887850819153,0.528591605571864,0.7230690139712797,0.6170883157677641,0.8016954323123694,0.8246492424685014,0.4963826258570331,0.5033721610425819,0.7808666784943047,0.7402597402597403,0,0,0,0,0,0,0,0,0,0,0,0,0,0,0,0,0,0,0,0,0,0,0,0,0,0,0,0,0,0,0,0,0,0,0,0,0,0,0,1,1,1,1,0,0,1,1,0,0,0.0,0.3910055547642786,2758.757488066927,204.93501457154062
4090.0,1579.0,2292.0,0.0,0.0,0.0,0.0,0.0,0.0,0.0,0.0,0.0,9.0,1,3.0,0.0,36028.0,63.0,0.0,1.0,0.0,0.0,2.0,0.0,1.0,0.0,0.0,1.0,0.0,248.0,0.0,0.0,0.0,3.0,0,0.0,0.0,1.0,0.0,0.595349176102116,0.4574822783267995,0.1502750790405581,0.3824982685505733,0.514717429281721,0.5223835312700171,0.3095033412125887,0.5397892155827165,0.5588072636406936,0.4974025974025974,0,0,0,0,0,0,0,0,0,0,0,0,0,0,0,0,0,0,0,0,0,0,0,0,0,0,0,0,0,0,0,0,0,0,0,0,0,0,0,1,1,0,0,1,1,0,0,1,1,0.0,0.2583039087349432,2187.4346685538394,211.87557551378777
227.0,810.0,1620.0,0.0,0.0,0.0,0.0,0.0,0.0,0.0,1.0,0.0,10.0,1,8.0,0.0,33990.0,60.0,1.0,0.0,1.0,0.0,0.0,0.0,1.0,0.0,0.0,1.0,0.0,176.8,0.0,2.0,0.0,4.0,1,0.0,0.0,0.0,0.0,0.7007627376892445,0.5247737101480123,0.6482299572775749,0.6126198955526119,0.4537066773477693,0.3682792611427668,0.4409945025986711,0.5026296892558394,0.5301873376646735,0.2792207792207792,0,0,0,0,0,0,0,0,0,0,0,0,0,0,0,0,0,0,0,0,0,0,0,0,0,0,0,0,0,1,0,0,0,0,0,0,0,0,0,1,1,1,0,1,0,1,1,1,1,0.0,0.3514824476410355,1660.949477088456,186.84453412889206
18300.0,1464.0,21087.0,91.0,1.0,0.0,0.0,0.0,1.0,1.0,0.0,0.0,2.0,0,3.0,1.0,34923.0,50.0,0.0,0.0,0.0,0.0,3.0,2.0,1.0,0.0,1.0,3.0,2.0,252.0,0.0,1.0,0.0,60.0,1,0.0,0.0,0.0,0.0,0.4301186715293889,0.425174798337611,0.488406887985873,0.2162106467819223,0.3147279151250651,0.3781535657452208,0.197474617115464,0.8086541718238858,0.5287386684995561,0.3506493506493506,0,0,0,0,0,0,0,0,0,0,0,0,0,0,0,0,0,0,0,0,0,0,0,0,0,0,0,0,0,0,0,0,0,0,0,0,0,0,0,1,1,0,0,1,1,0,0,1,1,0.0,0.1649486591366734,3197.8085482739675,167.58235833525274
1419.0,281.0,2522.0,0.0,0.0,15000.0,0.0,0.0,0.0,1.0,1.0,0.0,7.0,0,17.0,0.0,26018.0,38.0,1.0,0.0,0.0,0.0,1.0,0.0,1.0,1.0,1.0,2.0,3.0,287.0,0.0,0.0,0.0,40.0,1,0.0,0.0,0.0,0.0,0.478931777265678,0.7819672064171207,0.390533259143916,0.4337985274391799,0.5570086312506493,0.4494233713944623,0.6086923860271427,0.7814960235159293,0.3883205195190956,0.5311688311688311,0,0,0,0,0,0,0,0,0,0,0,0,0,0,0,0,0,0,0,0,0,0,0,0,0,0,0,0,0,0,0,0,0,0,0,0,0,0,0,0,0,1,1,1,1,0,0,1,1,0.0,0.3831385572645674,1170.2279168740006,270.3174720865529
227.0,0.0,1620.0,0.0,0.0,0.0,0.0,0.0,0.0,0.0,0.0,0.0,3.0,1,5.0,0.0,33056.0,46.0,1.0,1.0,0.0,0.0,0.0,0.0,1.0,0.0,0.0,2.0,0.0,165.8,0.0,0.0,0.0,4.0,1,0.0,0.0,0.0,0.0,0.6709443447453365,0.7468280675791433,0.7710108519500204,0.7653828197973326,0.7539246311106191,0.4556509009841097,0.500686186206646,0.4720062237198085,0.5301873376646735,0.577922077922078,0,0,0,0,0,0,0,0,0,0,0,0,0,0,0,0,0,0,0,0,0,0,0,0,0,0,0,0,0,1,0,0,0,0,0,0,0,0,0,1,0,1,1,1,1,1,1,1,0,1.0,0.5143903715332288,1592.3145782613003,392.27454785037946
324.0,835.5,1671.0,0.0,0.0,750.0,0.0,0.0,1.0,1.0,1.0,0.0,3.0,1,7.0,0.0,39218.0,20.0,1.0,1.0,0.0,0.0,1.0,0.0,1.0,0.0,0.0,1.0,0.0,79.0,0.0,0.0,0.0,11.0,1,0.0,0.0,0.0,0.0,0.5287721684685178,0.5493860449354064,0.5846772984817401,0.7105688688200503,0.5789334116253461,0.2108889717956519,0.1908642689760367,0.3840173107426203,0.433626577234662,0.2922077922077922,0,0,0,0,0,0,0,0,0,0,0,0,0,0,0,0,0,0,0,0,0,0,0,0,0,0,0,0,0,0,0,0,0,0,0,0,0,0,0,1,1,1,1,1,1,0,0,1,1,0.0,0.2430638521813273,1945.784614725459,202.13624319549334
270.0,16.0,1628.0,0.0,0.0,750.0,0.0,0.0,0.0,0.0,1.0,0.0,2.0,1,4.0,0.0,28047.0,17.0,0.0,1.0,0.0,0.0,1.0,0.0,1.0,0.0,0.0,1.0,0.0,79.0,0.0,0.0,0.0,1.0,1,0.0,0.0,0.0,0.0,0.5749914362440656,0.5668764317883129,0.0983704397882869,0.0917433124831441,0.0663448354970545,0.7852496185209663,0.6049355043134107,0.842049405235694,0.6581848600194478,0.5844155844155844,0,0,0,0,0,0,0,0,0,0,0,0,0,0,0,0,0,0,0,0,0,0,0,0,0,0,0,0,0,0,0,0,0,0,0,0,0,0,0,1,1,0,0,0,0,0,0,0,0,0.0,0.1140309970805225,2799.92062492016,68.57934405674386
245.0,0.0,1991.0,0.0,0.0,0.0,0.0,0.0,0.0,0.0,0.0,0.0,2.0,1,5.0,0.0,27191.0,32.0,0.0,1.0,0.0,0.0,1.0,0.0,1.0,0.0,0.0,2.0,0.0,268.0,0.0,0.0,0.0,2.0,0,0.0,0.0,0.0,0.0,0.4996971672790103,0.5063455401734742,0.6035717928725107,0.4098722803349061,0.5925416162366074,0.2508778011527501,0.6238926449345132,0.4737975371688406,0.3839436868896243,0.435064935064935,0,0,0,0,0,0,0,0,0,0,0,0,0,0,0,0,0,0,0,0,0,0,0,0,0,0,0,0,0,0,0,0,0,0,0,0,0,0,0,1,1,1,1,1,1,1,1,1,1,0.0,0.1728120276946416,2179.533605364215,109.47874175746414
855.0,261.0,1763.0,0.0,0.0,1500.0,0.0,0.0,0.0,1.0,0.0,0.0,6.0,1,4.0,0.0,36560.0,18.0,0.0,1.0,0.0,0.0,1.0,0.0,1.0,0.0,0.0,1.0,0.0,242.0,0.0,0.0,0.0,1.0,0,0.0,0.0,0.0,0.0,0.5990626581799434,0.2712522291781121,0.7230690139712797,0.6170883157677641,0.4055087397762989,0.4618473640088053,0.6256255643294166,0.3601836144791948,0.8305455877047759,0.6753246753246753,0,0,0,0,0,0,0,0,0,0,0,0,0,0,0,0,0,0,0,0,0,0,0,0,0,0,0,0,0,0,0,0,0,0,0,0,0,0,0,1,1,1,1,1,1,0,0,0,0,0.0,0.30922528011578,3443.904235748157,231.45494381863412
4887.0,0.0,8581.0,348.0,1.0,4000.0,0.0,0.0,1.0,1.0,1.0,0.0,3.0,0,7.0,0.0,34206.0,55.0,1.0,1.0,0.0,0.0,2.0,0.0,1.0,1.0,1.0,2.0,0.0,246.0,0.0,0.0,0.0,3.0,1,0.0,0.0,0.0,1.0,0.4685175071592864,0.3079695384619322,0.2090093338855739,0.6381128189577876,0.1963332968591951,0.5903013225287012,0.4711749267058354,0.4961251579830611,0.4059864310709073,0.312987012987013,0,0,0,0,0,0,0,0,0,0,0,0,0,0,0,0,0,0,0,0,0,0,0,0,0,0,0,0,0,0,0,0,0,0,0,0,0,0,0,1,1,1,1,1,1,1,1,1,1,0.0,0.2062146753635788,4123.908201953759,238.67876123870067
286.0,2.0,1716.0,1687.0,3.0,0.0,0.0,0.0,0.0,0.0,0.0,0.0,8.0,1,3.0,0.0,29807.0,38.0,0.0,1.0,0.0,0.0,1.0,0.0,0.0,0.0,0.0,2.0,0.0,288.0,0.0,0.0,0.0,63.0,0,0.0,0.0,0.0,0.0,0.7204953514050076,0.4787291902680716,0.3989583076608108,0.4023709602798058,0.6129736990530912,0.3182178420054681,0.4733125186424515,0.5027560983600162,0.4828716340546897,0.3441558441558441,0,0,0,0,0,0,0,0,0,0,0,0,0,0,0,0,0,0,0,0,0,0,0,0,0,0,0,0,0,0,0,0,0,0,0,0,0,0,0,1,1,1,1,1,1,1,1,1,1,0.0,0.2511256488504977,1557.6851010270386,138.09099430689562
227.0,0.0,1788.0,0.0,0.0,0.0,0.0,0.0,0.0,0.0,0.0,0.0,10.0,1,0.0,0.0,29021.0,29.0,0.0,1.0,0.0,0.0,1.0,0.0,1.0,0.0,0.0,2.0,0.0,240.4,0.0,0.0,0.0,4.0,1,0.0,0.0,0.0,0.0,0.6701734919329045,0.5720728070407907,0.3464944808377254,0.8296370349473684,0.5678249954428667,0.3617364792814839,0.523694497695962,0.2155206337531052,0.5440783804655385,0.2727272727272727,0,0,0,0,0,0,0,0,0,0,0,0,0,0,0,0,0,0,0,0,0,0,0,0,0,0,0,0,0,1,0,0,0,0,0,0,0,0,0,1,1,1,0,1,1,1,1,1,1,0.0,0.2524383686488949,1358.9293671426651,122.39978979825062
227.0,0.0,1620.0,0.0,0.0,0.0,0.0,0.0,0.0,0.0,0.0,0.0,8.0,1,9.0,0.0,32306.0,18.0,0.0,1.0,0.0,0.0,1.0,0.0,1.0,0.0,0.0,1.0,0.0,212.0,0.0,0.0,0.0,3.0,0,0.0,0.0,0.0,0.0,0.5138385600547746,0.4509884826069147,0.7402170086195182,0.6384251011507169,0.7379257374612909,0.311428883659633,0.5310171521923582,0.5467542640740227,0.386287093256738,0.3831168831168831,0,0,0,0,0,0,0,0,0,0,0,0,0,0,0,0,0,0,0,0,0,0,0,0,0,0,0,0,0,0,0,0,0,0,0,0,0,0,0,1,1,1,1,1,1,1,1,1,1,0.0,0.3218906109063417,1820.8113521613548,173.03216763113383
2025.0,0.0,4366.0,0.0,0.0,15000.0,0.0,0.0,0.0,0.0,0.0,0.0,12.0,1,6.0,0.0,40170.0,58.0,1.0,1.0,0.0,0.0,2.0,0.0,1.0,1.0,0.0,1.0,0.0,364.0,0.0,0.0,0.0,70.0,0,3091.380517667,1.0,0.0,0.0,0.2159526432669,0.4303850580760873,0.3936845165721827,0.9179481275072614,0.487825445497558,0.8318404333074602,0.9970181228477308,0.3853101741632899,0.7114612449456524,0.5,0,0,0,0,0,0,0,0,0,0,0,0,0,0,0,0,0,0,0,0,0,0,0,0,0,0,0,0,0,0,0,0,0,0,0,0,0,0,0,1,1,0,0,1,1,0,0,0,0,0.0,0.3073385102059916,1443.1717466382677,173.96275913401632
564.0,867.5,1735.0,0.0,0.0,8000.0,0.0,0.0,0.0,1.0,1.0,0.0,7.0,1,9.0,0.0,32948.0,61.0,0.0,1.0,0.0,0.0,4.0,6.0,1.0,0.0,0.0,1.0,0.0,551.0,0.0,0.0,0.0,62.0,1,0.0,0.0,1.0,0.0,0.5691235822245526,0.4994709248589205,0.638353564698974,0.5987516181795665,0.5320970528154522,0.5414963690935061,0.5199350867625844,0.339414535421791,0.5038637711678818,0.7883116883116883,0,0,0,0,0,0,0,0,0,0,0,0,0,0,0,0,0,0,0,0,0,0,0,0,0,0,0,0,0,0,0,0,0,0,0,0,0,0,0,1,1,1,1,1,1,1,1,1,1,0.0,0.3238125039211995,1490.3063283290633,261.2666148449487
1833.0,8.0,2915.0,0.0,0.0,4500.0,0.0,0.0,0.0,0.0,0.0,0.0,10.0,1,4.0,0.0,26429.0,60.0,0.0,1.0,0.0,0.0,2.0,0.0,1.0,0.0,0.0,2.0,0.0,563.0,0.0,0.0,0.0,64.0,1,0.0,0.0,0.0,0.0,0.6807187038027174,0.9661915741041986,0.5542200076870945,0.4215702456077654,0.6446975827756224,0.6208646463256434,0.5062932787010421,0.2808965625118822,0.7212368043193927,0.4350649350649351,0,0,0,0,0,0,0,0,0,0,0,0,0,0,0,0,0,0,0,0,0,0,0,0,0,0,0,0,0,0,0,0,0,0,0,0,0,0,0,0,0,1,1,1,1,1,1,1,1,0.0,0.1736156815304077,915.7300420224682,97.0158193625088
227.0,0.0,1620.0,0.0,0.0,0.0,0.0,0.0,0.0,0.0,0.0,0.0,9.0,0,0.0,0.0,23758.0,46.0,1.0,1.0,0.0,0.0,0.0,0.0,1.0,0.0,1.0,2.0,2.0,165.8,0.0,1.0,0.0,2.0,0,0.0,0.0,0.0,0.0,0.5621796544698983,0.6000160522618093,0.6458091079288997,0.4707999230977154,0.3678110935493248,0.4814295470808529,0.674020374178955,0.7437887783619044,0.40746832483924,0.4025974025974026,0,0,0,0,0,0,0,0,0,0,0,0,0,0,0,0,0,0,0,0,0,0,0,0,0,0,0,0,0,1,0,0,0,0,0,0,0,0,0,1,1,1,1,1,1,1,1,1,1,0.0,0.2275401436031118,2064.1133254207084,96.70970561528813
2787.0,1076.0,2041.0,0.0,0.0,0.0,0.0,0.0,0.0,0.0,0.0,0.0,7.0,1,9.0,0.0,42801.0,55.0,0.0,1.0,0.0,0.0,1.0,0.0,1.0,0.0,0.0,3.0,0.0,125.0,0.0,0.0,0.0,1.0,1,0.0,0.0,0.0,0.0,0.5185224597600184,0.4451204739607413,0.5190228617184465,0.3706548847885254,0.9717057994230456,0.9232440078783052,0.5359430960144197,0.6506554723653168,0.4082002104947341,0.5558441558441559,0,0,0,0,0,0,0,0,0,0,0,0,0,0,0,0,0,0,0,0,0,0,0,0,0,0,0,0,0,0,0,0,0,0,0,0,0,0,0,1,1,1,1,0,0,1,1,1,1,0.0,0.3186156250226601,2886.2653457499846,139.3357654229655
318.0,0.0,1734.0,25.0,1.0,1500.0,0.0,0.0,0.0,0.0,0.0,0.0,6.0,1,1.0,0.0,31830.0,47.0,0.0,1.0,0.0,0.0,1.0,0.0,1.0,0.0,0.0,2.0,0.0,341.0,0.0,0.0,0.0,52.0,1,0.0,0.0,0.0,0.0,0.1144338662804002,0.016512049411499,0.3765619449039057,0.5662288702163583,0.6758474091492812,0.2296275119611201,0.7892685686979308,0.6649837656400803,0.9291171929364548,0.4935064935064935,0,0,0,0,0,0,0,0,0,0,0,0,0,0,0,0,0,0,0,0,0,0,0,0,0,0,0,0,0,0,0,0,0,0,0,0,0,0,0,0,0,1,1,1,1,0,0,0,0,0.0,0.0784651871788492,1331.4286763716716,32.40615839363477
1866.0,56.0,7135.0,0.0,0.0,2500.0,0.0,0.0,0.0,1.0,1.0,0.0,4.0,1,0.0,1.0,22823.0,52.0,1.0,1.0,1.0,0.0,2.0,0.0,1.0,0.0,0.0,2.0,0.0,411.0,0.0,0.0,0.0,50.0,0,0.0,0.0,0.0,0.0,0.4417219376390071,0.6632442806327428,0.5267221843806722,0.510468781841343,0.5820041321407641,0.2972050736057505,0.4905294102502697,0.5847782626573835,0.4863328904853551,0.4038961038961039,0,0,0,0,0,0,0,0,0,0,0,0,0,0,0,0,0,0,0,0,0,0,0,0,0,0,0,0,0,0,0,0,0,0,0,0,0,0,0,1,1,1,1,1,1,1,1,1,1,0.0,0.1647041580358702,1398.584832075751,109.58691450117291
227.0,0.0,1620.0,0.0,0.0,0.0,0.0,0.0,0.0,0.0,0.0,0.0,5.0,1,0.0,0.0,32399.0,36.0,1.0,1.0,0.0,0.0,2.0,0.0,1.0,0.0,0.0,3.0,0.0,242.0,0.0,0.0,0.0,26.0,0,0.0,0.0,0.0,0.0,0.5138385600547746,0.4509884826069147,0.7402170086195182,0.6384251011507169,0.7379257374612909,0.3684813257612744,0.5310171521923581,0.5467542640740227,0.2498214333045613,0.6038961038961039,0,0,0,0,0,0,0,0,0,0,0,0,0,0,0,0,0,0,0,0,0,0,0,0,0,0,0,0,0,0,0,0,0,0,0,0,0,0,0,1,1,1,1,1,1,1,1,0,0,0.0,0.2092457840108245,1090.634445911999,111.79208375633456
227.0,0.0,1620.0,0.0,0.0,0.0,0.0,0.0,0.0,0.0,0.0,0.0,10.0,1,6.0,0.0,33268.0,41.0,0.0,0.0,0.0,0.0,1.0,0.0,0.0,0.0,0.0,2.0,0.0,26.0,0.0,0.0,0.0,4.0,1,0.0,0.0,0.0,0.0,0.7080084394303064,0.4826580240691396,0.7710108519500204,0.731281890861433,0.62517263182968,0.4053668953937685,0.500686186206646,0.4720062237198085,0.5301873376646735,0.3779220779220779,0,0,0,0,0,0,0,0,0,0,0,0,0,0,0,0,0,0,0,0,0,0,0,0,0,0,0,0,0,0,0,0,0,0,0,0,0,0,0,1,1,1,1,1,1,1,1,1,1,0.0,0.4501476902036067,1360.8551264601674,188.0507770008334
270.0,0.0,1636.0,0.0,0.0,0.0,0.0,0.0,0.0,0.0,0.0,0.0,2.0,1,3.0,0.0,28936.0,35.0,1.0,1.0,1.0,0.0,1.0,1.0,1.0,0.0,0.0,3.0,0.0,477.0,0.0,2.0,0.0,1.0,1,0.0,0.0,0.0,0.0,0.6701734919329045,0.4909217322547968,0.3464944808377254,0.5572994322100308,0.5678249954428667,0.2608715730536005,0.6102187588192087,0.0210921239296316,0.5340044750611137,0.348051948051948,0,0,0,0,0,0,0,0,0,0,0,0,0,0,0,0,0,0,0,0,0,0,0,0,0,0,0,0,0,0,0,0,0,0,0,0,0,0,0,1,1,1,1,1,1,0,0,1,1,0.0,0.1451780188286576,2929.484538847018,106.61655981254283
976.0,2459.0,4918.0,0.0,3.0,12500.0,0.0,0.0,0.0,1.0,0.0,0.0,9.0,1,11.0,1.0,30790.0,35.0,1.0,1.0,0.0,0.0,1.0,0.0,1.0,1.0,0.0,3.0,1.0,253.0,0.0,0.0,0.0,154.0,1,0.0,0.0,0.0,0.0,0.2899033175712623,0.9161277696215954,0.4099058203126356,0.4784528837870758,0.5095443571651035,0.4186769738970917,0.4702985001271809,0.582312266201608,0.5248226732051349,0.5363636363636364,0,0,0,0,0,0,0,0,0,0,0,0,0,0,0,0,0,0,0,0,0,0,0,0,0,0,0,0,0,0,0,0,0,0,0,0,0,0,0,0,0,1,1,1,1,1,1,1,1,0.0,0.3627649314601022,1024.7388027757256,325.1867692519146
433.0,0.0,6071.0,0.0,2.0,15000.0,0.0,0.0,0.0,1.0,0.0,0.0,5.0,1,5.0,1.0,28832.0,27.0,1.0,1.0,0.0,0.0,1.0,0.0,1.0,0.0,0.0,3.0,0.0,207.0,0.0,0.0,0.0,28.0,0,1017.1537849042984,1.0,0.0,0.0,0.4066028511298137,0.4896542023548438,0.3259137433001915,0.4799837207334942,0.4141860636002697,0.3902564547553099,0.6366932613005919,0.9039892062438444,0.1308480100052313,0.1363636363636363,0,0,0,0,0,0,0,0,0,0,0,0,0,0,0,0,0,0,0,0,0,0,0,0,0,0,0,0,0,0,0,0,0,0,0,0,0,0,0,0,0,1,1,1,1,0,0,0,0,0.0,0.1698947361589472,1140.949276896485,131.12416145553456
227.0,0.0,1620.0,0.0,0.0,0.0,0.0,0.0,0.0,0.0,0.0,0.0,8.0,1,5.0,0.0,38595.0,34.0,0.0,1.0,0.0,0.0,0.0,0.0,1.0,0.0,0.0,2.0,0.0,165.8,0.0,0.0,0.0,2.0,1,0.0,0.0,0.0,0.0,0.5287721684685179,0.9318244743646006,0.5846772984817401,0.7105688688200503,0.578933411625346,0.3045451346353187,0.5532828820336156,0.6733996943092924,0.4924961422946867,0.922077922077922,0,0,0,0,0,0,0,0,0,0,0,0,0,0,0,0,0,0,0,0,0,0,0,0,0,0,0,0,0,1,0,0,0,0,0,0,0,0,0,1,0,1,1,1,1,1,1,1,0,0.0,0.288333940664093,1887.393908811362,156.98514241040212
248.0,9.0,1624.0,0.0,0.0,0.0,0.0,0.0,0.0,0.0,0.0,0.0,6.0,1,3.0,0.0,43621.0,25.0,0.0,1.0,0.0,0.0,1.0,0.0,0.0,0.0,0.0,1.0,0.0,304.0,0.0,0.0,0.0,4.0,1,0.0,0.0,0.0,0.0,0.4403675086070873,0.3068820608302857,0.6503502072009899,0.5623029804057031,0.5208205506969628,0.2356612561342102,0.634960012763262,0.7287999564656864,0.4082002104947341,0.4350649350649351,0,0,0,0,0,0,0,0,0,0,0,0,0,0,0,0,0,0,0,0,0,0,0,0,0,0,0,0,0,0,0,0,0,0,0,0,0,0,0,1,1,1,1,1,1,1,1,1,1,0.0,0.1450801489736647,1794.256819810087,53.906965888000414
227.0,0.0,1620.0,0.0,0.0,0.0,0.0,0.0,0.0,0.0,0.0,0.0,2.0,1,4.0,0.0,16926.0,43.0,0.0,1.0,0.0,0.0,1.0,0.0,0.0,0.0,0.0,2.0,3.0,296.0,0.0,0.0,0.0,4.0,0,0.0,0.0,0.0,0.0,0.5563240894826038,0.403864176634879,0.7815320751604552,0.6086554098142642,0.511998555340768,0.3125657175321996,0.6573692747449986,0.5931102259279035,0.4333230015850843,0.4350649350649351,0,0,0,0,0,0,0,0,0,0,0,0,0,0,0,0,0,0,0,0,0,0,0,0,0,0,0,0,0,0,0,0,0,0,0,0,0,0,0,1,1,1,1,1,1,1,1,1,1,0.0,0.0980304917022641,2207.8404719474293,47.55756417366629
3211.0,3115.0,3115.0,0.0,0.0,5000.0,0.0,0.0,1.0,0.0,1.0,0.0,6.0,1,12.0,0.0,27951.0,58.0,1.0,1.0,0.0,0.0,3.0,0.0,1.0,1.0,0.0,1.0,0.0,473.0,0.0,0.0,0.0,34.0,0,6275.166296603781,1.0,1.0,0.0,0.4805555961661761,0.674538882330781,0.6198375369407916,0.7364513305001019,0.7971121513320616,0.4732004120329774,0.4752035394769704,0.4141540479784683,0.5143854163607892,0.3948051948051948,0,0,0,0,0,0,0,0,0,0,0,0,0,0,0,0,0,0,0,0,0,0,0,0,0,0,0,0,0,0,0,0,0,0,0,0,0,0,0,1,1,0,0,0,0,1,1,1,1,0.0,0.4923812502943095,1632.360226114563,341.1555100817854
4014.0,3158.0,3158.0,42.0,1.0,15000.0,0.0,0.0,0.0,0.0,1.0,0.0,1.0,1,6.0,1.0,21641.0,35.0,0.0,0.0,0.0,0.0,2.0,0.0,1.0,1.0,0.0,3.0,3.0,469.0,0.0,0.0,0.0,68.0,0,1567.619335825551,1.0,0.0,0.0,0.715451495206801,0.8885569547760439,0.465806336822098,0.4310109873704162,0.4973626771736898,0.4377302139657158,0.4583816060323747,0.9421292562228396,0.3883205195190955,0.5311688311688311,0,0,0,0,0,0,0,0,0,0,0,0,0,0,0,0,0,0,0,0,0,0,0,0,0,0,0,0,0,0,0,0,0,0,0,0,0,0,0,0,0,1,1,1,1,0,0,1,1,0.0,0.172182151403765,1700.8091039058734,131.21263963652044
227.0,0.0,1620.0,0.0,0.0,0.0,0.0,0.0,0.0,0.0,0.0,0.0,6.0,1,3.0,0.0,20222.0,27.0,0.0,0.0,0.0,0.0,1.0,0.0,0.0,0.0,0.0,3.0,0.0,77.0,0.0,0.0,0.0,40.0,1,0.0,0.0,0.0,0.0,0.5540528132340329,0.5513130922153877,0.6874630615085279,0.5934858281503466,0.511998555340768,0.3125657175321996,0.6573692747449986,0.6739558870234131,0.4082002104947341,0.435064935064935,0,0,0,0,0,0,0,0,0,0,0,0,0,0,0,0,0,0,0,0,0,0,0,0,0,0,0,0,0,0,0,0,0,0,0,0,0,0,0,1,1,1,1,1,1,1,1,1,1,0.0,0.1132619671554829,888.1817488693661,42.40049215678121
227.0,0.0,1620.0,0.0,0.0,0.0,0.0,0.0,0.0,0.0,0.0,0.0,1.0,1,5.0,0.0,35859.0,58.0,0.0,1.0,0.0,0.0,1.0,0.0,1.0,0.0,0.0,2.0,0.0,237.0,0.0,0.0,0.0,4.0,0,0.0,0.0,0.0,0.0,0.5168801125751091,0.59021491284913,0.7756658667329128,0.5731635053413673,0.6358513253562073,0.3948031982129667,0.2506891720985219,0.5587575223638697,0.3575012150546365,0.3155844155844156,0,0,0,0,0,0,0,0,0,0,0,0,0,0,0,0,0,0,0,0,0,0,0,0,0,0,0,0,0,0,0,0,0,0,0,0,0,0,0,1,1,1,1,1,1,1,1,1,1,0.0,0.2544994756795998,2152.375460447543,120.97456149299401
2935.0,981.0,2019.0,0.0,0.0,750.0,0.0,0.0,0.0,0.0,0.0,0.0,7.0,1,7.0,1.0,32858.0,22.0,0.0,1.0,0.0,0.0,1.0,0.0,1.0,0.0,0.0,2.0,0.0,295.0,0.0,0.0,0.0,3.0,1,0.0,0.0,0.0,0.0,0.0323387424408507,0.1004541015111308,0.5848271640625745,0.4261707214395369,0.1754811094149031,0.252780503405765,0.1186417662321028,0.6426157429132342,0.4045419500488291,0.5558441558441558,0,0,0,0,0,0,0,0,0,0,0,0,0,0,0,0,0,0,0,0,0,0,0,0,0,0,0,0,0,0,0,0,0,0,0,0,0,0,0,0,0,1,1,0,0,0,0,1,1,0.0,0.3218424777833931,2089.9931180247104,182.36922625075576
1650.0,552.0,1807.0,0.0,0.0,5000.0,1.0,0.0,0.0,1.0,1.0,0.0,4.0,1,7.0,1.0,31897.0,23.0,1.0,1.0,0.0,0.0,1.0,0.0,0.0,1.0,0.0,3.0,0.0,162.0,0.0,0.0,0.0,43.0,0,0.0,1.0,0.0,0.0,0.4203311564209533,0.4053703895835916,0.5031018175457354,0.6324039704338451,0.7598727038725548,0.5940792968904451,0.6520335037139684,0.4168720086236604,0.6207289129237937,0.6493506493506493,0,0,0,0,0,0,0,0,0,0,0,0,0,0,0,0,0,0,0,0,0,0,0,0,0,0,0,0,0,0,0,0,0,0,0,0,0,0,0,1,1,1,1,1,1,1,1,1,1,0.0,0.4032442612598024,1313.1970190753063,295.36106252451225
2113.0,2259.5,4519.0,0.0,0.0,0.0,0.0,0.0,1.0,1.0,1.0,0.0,2.0,1,9.0,0.0,31177.0,57.0,1.0,1.0,0.0,0.0,2.0,0.0,1.0,0.0,0.0,1.0,0.0,242.0,0.0,0.0,0.0,1.0,1,0.0,0.0,1.0,0.0,0.3645368375700491,0.8067838961539954,0.3731008021854195,0.4058366070193716,0.9626362414415488,0.4774161695941687,0.3796543967792479,0.5681390238677768,0.4033675883522276,0.5493506493506494,0,0,0,0,0,0,0,0,0,0,0,0,0,0,0,0,0,0,0,0,0,0,0,0,0,0,0,0,0,0,0,0,0,0,0,0,0,0,0,0,0,1,1,0,0,1,1,1,1,0.0,0.160690352794502,4661.255234430606,107.13812153483065
556.0,110.0,1694.0,0.0,0.0,0.0,0.0,0.0,0.0,0.0,0.0,0.0,8.0,1,1.0,0.0,25482.0,16.0,0.0,1.0,0.0,0.0,1.0,1.0,1.0,0.0,0.0,3.0,1.0,264.0,0.0,0.0,0.0,4.0,1,0.0,0.0,0.0,0.0,0.6725844007522914,0.558634230173946,0.6458091079288997,0.3851305944144454,0.0343371787065854,0.4479005340075694,0.778504255630015,0.7437887783619044,0.373290452368578,0.409090909090909,0,0,0,0,0,0,0,0,0,0,0,0,0,0,0,0,0,0,0,0,0,0,0,0,0,0,0,0,0,0,0,0,0,0,0,0,0,0,0,1,1,1,1,0,0,1,1,1,1,0.0,0.1523003993496234,1680.838896801817,69.33548527240256
234.0,1011.0,2022.0,0.0,2.0,15000.0,0.0,0.0,0.0,0.0,0.0,0.0,6.0,1,5.0,1.0,33548.0,41.0,1.0,1.0,0.0,0.0,1.0,0.0,1.0,0.0,0.0,3.0,2.0,523.0,0.0,0.0,0.0,134.0,1,0.0,0.0,0.0,0.0,0.7605752201363764,0.4807453851793201,0.2674538723572542,0.5336517238567791,0.4836056822462511,0.5355944067454576,0.5765648454326063,0.6321439713269219,0.8021129000825342,0.6558441558441559,0,0,0,0,0,0,0,0,0,0,0,0,0,0,0,0,0,0,0,0,0,0,0,0,0,0,0,0,0,0,0,0,0,0,0,0,0,0,0,0,0,1,1,1,1,1,1,0,0,0.0,0.1168305361198137,1279.958002627947,80.69424225815975
4528.0,796.0,6679.0,0.0,0.0,3500.0,0.0,1.0,1.0,1.0,0.0,0.0,6.0,1,2.0,1.0,33060.0,24.0,1.0,1.0,0.0,0.0,2.0,0.0,1.0,0.0,0.0,2.0,0.0,334.0,0.0,1.0,0.0,4.0,1,0.0,0.0,0.0,0.0,0.269261936455379,0.1213037739562516,0.2090093338855739,0.6381128189577876,0.2385940575673818,0.5474567741397633,0.4054365269814283,0.4649486882440817,0.5415716503309048,0.412987012987013,0,0,0,0,0,0,0,0,0,0,0,0,0,0,0,0,0,0,0,0,0,0,0,0,0,0,0,0,0,0,0,0,0,0,0,0,0,0,0,1,1,1,1,1,1,1,1,1,1,0.0,0.2037875467008528,2647.508616112432,115.64351680579382
453.0,0.0,1859.0,0.0,0.0,0.0,1.0,0.0,0.0,0.0,1.0,0.0,0.0,1,1.0,0.0,39695.0,48.0,0.0,1.0,0.0,0.0,1.0,0.0,1.0,0.0,0.0,3.0,0.0,396.0,0.0,2.0,0.0,4.0,1,0.0,0.0,0.0,0.0,0.7733066518777162,0.7964602003653279,0.6001675918915577,0.5880409674219685,0.5789334116253461,0.2108889717956519,0.5614969921151003,0.9087786885316298,0.4082002104947341,0.435064935064935,0,0,0,0,0,0,0,0,0,0,0,0,0,0,0,0,0,0,0,0,0,0,0,0,0,0,0,0,0,0,0,0,0,0,0,0,0,0,0,0,0,1,1,1,1,0,0,1,1,0.0,0.0882245454676193,2059.716707413359,54.15665785559629
16552.0,127.0,41127.0,0.0,0.0,7000.0,0.0,0.0,0.0,0.0,0.0,0.0,8.0,0,6.0,1.0,32640.0,72.0,1.0,1.0,0.0,0.0,3.0,0.0,1.0,1.0,0.0,1.0,0.0,324.0,0.0,0.0,0.0,47.0,0,0.0,0.0,1.0,0.0,0.4420175561615241,0.4264102846149996,0.3229095570780279,0.4300458526990812,0.3147279151250651,0.3781535657452208,0.3675658238290608,0.5963040215550861,0.5868564280892123,0.3103896103896104,0,0,0,0,0,0,0,0,0,0,0,0,0,0,0,0,0,0,0,0,0,0,0,0,0,0,0,0,0,0,0,0,0,0,0,0,0,0,0,1,1,1,1,1,1,1,1,1,1,0.0,0.3007679541940493,3477.3047788390613,251.00810624195947
230.0,1.0,1636.0,0.0,0.0,0.0,0.0,0.0,0.0,0.0,1.0,0.0,7.0,0,8.0,0.0,31652.0,52.0,1.0,1.0,0.0,0.0,1.0,0.0,1.0,0.0,1.0,2.0,0.0,163.0,0.0,0.0,0.0,3.0,1,0.0,0.0,0.0,0.0,0.4993810795658019,0.449784966243607,0.7402170086195181,0.5189570073102999,0.7156698040608563,0.311428883659633,0.0957023676951125,0.2409239717504528,0.386287093256738,0.2818181818181818,0,0,0,0,0,0,0,0,0,0,0,0,0,0,0,0,0,0,0,0,0,0,0,0,0,0,0,0,0,0,0,0,0,0,0,0,0,0,0,1,1,1,1,1,1,0,0,1,1,0.0,0.2494981565015069,2095.70572464076,129.6154219524154
227.0,0.0,1620.0,0.0,0.0,4500.0,0.0,0.0,0.0,1.0,0.0,0.0,10.0,1,7.0,0.0,31362.0,23.0,1.0,1.0,0.0,0.0,1.0,0.0,1.0,0.0,0.0,3.0,0.0,7.0,0.0,0.0,0.0,4.0,0,0.0,0.0,0.0,0.0,0.2697289780778916,0.3575212256316002,0.7064075948196582,0.6050037294212403,0.8901595320623348,0.6570680349467709,0.697745608213418,0.7350435960010213,0.6775823919586935,0.7194805194805196,0,0,0,0,0,0,0,0,0,0,0,0,0,0,0,0,0,0,0,0,0,0,0,0,0,0,0,0,0,0,0,0,0,0,0,0,0,0,0,1,1,1,1,0,0,1,1,1,1,0.0,0.2541780819449476,1455.0156076633373,145.602540045853
601.0,1007.0,2014.0,184.0,1.0,15000.0,0.0,0.0,0.0,1.0,0.0,0.0,9.0,1,3.0,1.0,23881.0,33.0,0.0,1.0,0.0,0.0,1.0,0.0,1.0,1.0,0.0,3.0,0.0,269.0,0.0,0.0,0.0,26.0,0,1847.742631024109,1.0,0.0,0.0,0.4987992019621685,0.6583260140809336,0.508784443157499,0.5030553035726831,0.7582864347484987,0.3950784749747689,0.468100291858201,0.724298966687386,0.3883205195190955,0.5311688311688312,0,0,0,0,0,0,0,0,0,0,0,0,0,0,0,0,0,0,0,0,0,0,0,0,0,0,0,0,0,0,0,0,0,0,0,0,0,0,0,1,1,1,1,0,0,1,1,1,1,0.0,0.3469769837076236,1499.7126360732802,214.1189530877482
1259.0,0.0,2457.0,0.0,0.0,8000.0,0.0,0.0,0.0,0.0,0.0,0.0,9.0,1,2.0,0.0,31520.0,41.0,1.0,1.0,0.0,0.0,2.0,0.0,1.0,0.0,0.0,3.0,1.0,399.0,0.0,0.0,0.0,4.0,0,4533.695346387306,1.0,0.0,0.0,0.4887028156845514,0.4546129517663668,0.6027356124633221,0.5130721249863822,0.442707082253947,0.4433177871164003,0.5785613064317645,0.2593761669255283,0.4677766454701717,0.6051948051948053,0,0,0,0,0,0,0,0,0,0,0,0,0,0,0,0,0,0,0,0,0,0,0,0,0,0,0,0,0,0,0,0,0,0,0,0,0,0,0,1,1,1,1,1,1,0,0,1,1,0.0,0.2951493113714524,2519.00144678528,180.51400417172098
2359.0,687.0,2006.0,0.0,0.0,2500.0,0.0,0.0,0.0,0.0,0.0,0.0,9.0,1,8.0,0.0,25926.0,66.0,1.0,1.0,0.0,0.0,1.0,0.0,1.0,0.0,0.0,1.0,0.0,575.0,0.0,0.0,0.0,13.0,1,0.0,0.0,1.0,0.0,0.6911041847898971,0.8197508630303499,0.8596308974648625,0.3310447958727469,0.5600382184279508,0.4807161146322332,0.4857975246070871,0.3404008301312906,0.1168622906470031,0.1688311688311688,0,0,0,0,0,0,0,0,0,0,0,0,0,0,0,0,0,0,0,0,0,0,0,0,0,0,0,0,0,0,0,0,0,0,0,0,0,0,0,1,1,0,0,1,1,1,1,0,0,1.0,0.5536939100032874,1299.0276564034652,359.3599432677211
622.0,86.0,1766.0,0.0,0.0,2500.0,0.0,0.0,0.0,1.0,0.0,0.0,6.0,1,8.0,0.0,46844.0,17.0,0.0,1.0,0.0,0.0,1.0,0.0,1.0,0.0,0.0,2.0,0.0,230.0,0.0,0.0,0.0,2.0,1,159.44017722627984,1.0,0.0,0.0,0.5548248522155638,0.4008319886337571,0.4838999779569744,0.0528478033597171,0.5323673435780587,0.2661883512352843,0.649262571974042,0.5508676923750413,0.4087851526478537,0.4987012987012987,0,0,0,0,0,0,0,0,0,0,0,0,0,0,0,0,0,0,0,0,0,0,0,0,0,0,0,0,0,0,0,0,0,0,0,0,0,0,0,1,1,0,0,0,0,1,1,1,1,0.0,0.1777611090739737,2047.7294690185372,142.93198657309824
9722.0,3609.0,6246.0,0.0,0.0,8000.0,0.0,0.0,0.0,1.0,1.0,0.0,5.0,1,9.0,0.0,26964.0,64.0,1.0,1.0,0.0,0.0,2.0,0.0,1.0,1.0,0.0,1.0,0.0,333.0,0.0,0.0,0.0,39.0,1,0.0,0.0,1.0,0.0,0.4403427276106785,0.5196588692874249,0.5005286169194515,0.6369828174628169,0.0441910772674347,0.1584703932134636,0.4147204117289458,0.3158608569609739,0.5098660539082994,0.4558441558441558,0,0,0,0,0,0,0,0,0,0,0,0,0,0,0,0,0,0,0,0,0,0,0,0,0,0,0,0,0,0,0,0,0,0,0,0,0,0,0,1,1,1,1,0,0,1,1,1,1,0.0,0.2215996116314864,1339.310264729795,129.4992743857573
227.0,0.0,1675.0,1802.0,1.0,15000.0,0.0,0.0,0.0,0.0,0.0,0.0,1.0,1,7.0,1.0,37646.0,38.0,0.0,1.0,0.0,0.0,1.0,0.0,1.0,0.0,0.0,3.0,0.0,233.0,0.0,1.0,0.0,10.0,1,0.0,0.0,0.0,0.0,0.3647392522512698,0.451854043407793,0.3014420519904602,0.5203092791746342,0.47139080305384,0.9478969669310264,0.8946246561907684,0.6412744699340058,0.5801413335974699,0.6493506493506493,0,0,0,0,0,0,0,0,0,0,0,0,0,0,0,0,0,0,0,0,0,0,0,0,0,0,0,0,0,0,0,0,0,0,0,0,0,0,0,1,1,1,1,0,0,1,1,1,1,0.0,0.150774816545882,2180.8138521628293,114.14209998796152
964.0,93.0,2016.0,0.0,0.0,0.0,0.0,0.0,0.0,0.0,0.0,0.0,3.0,1,4.0,0.0,46036.0,30.0,0.0,1.0,0.0,0.0,1.0,0.0,1.0,0.0,0.0,3.0,0.0,205.0,0.0,0.0,0.0,4.0,1,0.0,0.0,0.0,0.0,0.6069286084029589,0.1630126972154166,0.3439797472124376,0.1925138731482928,0.0206573837361937,0.0098487711691879,0.634960012763262,0.7287999564656864,0.3221025046604911,0.6818181818181818,0,0,0,0,0,0,0,0,0,0,0,0,0,0,0,0,0,0,0,0,0,0,0,0,0,0,0,0,0,0,0,0,0,0,0,0,0,0,0,0,0,1,1,0,0,1,1,0,0,0.0,0.1829679473194141,2015.2676572226903,109.05362076455384
233.0,1.0,2088.0,0.0,0.0,3000.0,0.0,0.0,0.0,1.0,1.0,0.0,1.0,1,6.0,0.0,16799.0,32.0,1.0,0.0,0.0,0.0,1.0,0.0,0.0,0.0,0.0,3.0,0.0,15.0,0.0,0.0,0.0,15.0,0,0.0,0.0,0.0,0.0,0.5563240894826037,0.403864176634879,0.6877800964586639,0.7167182519826131,0.658599967435585,0.2924223028642615,0.6573692747449986,0.5931102259279035,0.602785760334509,0.2142857142857142,0,0,0,0,0,0,0,0,0,0,0,0,0,0,0,0,0,0,0,0,0,0,0,0,0,0,0,0,0,0,0,0,0,0,0,0,0,0,0,1,1,1,1,1,1,1,1,1,0,0.0,0.2637399159306001,1309.161120184281,171.38315713736088
836.0,810.5,1621.0,0.0,0.0,0.0,0.0,0.0,0.0,1.0,0.0,0.0,7.0,1,9.0,0.0,41596.0,22.0,1.0,1.0,0.0,0.0,0.0,0.0,1.0,0.0,0.0,2.0,0.0,3.0,0.0,0.0,0.0,4.0,1,0.0,1.0,0.0,0.0,0.4736431173020387,0.433571561460268,0.4124960494576074,0.2614278570610115,0.5369892130488303,0.2539708562319571,0.8106207600592757,0.8352933794933061,0.3466960845199222,0.409090909090909,0,0,0,0,0,0,0,0,0,0,0,0,0,0,0,0,0,0,0,0,0,0,0,0,0,0,0,0,0,0,0,0,0,0,0,0,0,0,0,1,1,0,0,1,1,0,0,1,1,0.0,0.1798659112282971,1762.32972739697,112.46143823434036
227.0,0.0,1653.0,0.0,0.0,0.0,0.0,0.0,0.0,0.0,0.0,0.0,9.0,1,8.0,0.0,27488.0,23.0,0.0,0.0,0.0,0.0,1.0,0.0,1.0,0.0,0.0,2.0,0.0,9.0,0.0,0.0,0.0,4.0,0,0.0,1.0,0.0,0.0,0.638539564298374,0.9044805612542086,0.5766763053321732,0.4098722803349061,0.9221751643529338,0.3542254280816382,0.75094498447726,0.1545259588427849,0.4679597785997152,0.435064935064935,0,0,0,0,0,0,0,0,0,0,0,0,0,0,0,0,0,0,0,0,0,0,0,0,0,0,0,0,0,0,0,0,0,0,0,0,0,0,0,0,0,1,1,0,0,0,0,1,1,0.0,0.2126748139710914,1269.729029623522,79.10756945324181
227.0,0.0,1621.0,0.0,0.0,0.0,0.0,0.0,0.0,0.0,0.0,0.0,8.0,1,5.0,0.0,33110.0,54.0,1.0,1.0,0.0,0.0,1.0,1.0,0.0,0.0,0.0,2.0,0.0,94.0,0.0,0.0,0.0,3.0,1,0.0,0.0,0.0,0.0,0.5844672881477517,0.5031177526148154,0.820111017103199,0.7449357980750536,0.3873647565842141,0.4476367198973239,0.4873865381940622,0.4024442511823388,0.4915792620167605,0.3831168831168831,0,0,0,0,0,0,0,0,0,0,0,0,0,0,0,0,1,0,0,0,0,0,0,0,0,0,0,0,0,0,0,0,0,0,0,0,0,0,0,1,1,1,1,1,1,1,1,1,0,1.0,0.5168392215643319,1792.4989922869613,318.44148369997754
13853.0,2386.0,7623.0,0.0,0.0,0.0,0.0,0.0,0.0,0.0,0.0,1.0,11.0,1,8.0,1.0,53732.0,55.0,1.0,1.0,1.0,0.0,3.0,0.0,1.0,1.0,0.0,2.0,0.0,375.0,0.0,0.0,0.0,4.0,0,1389.1733579691056,1.0,0.0,0.0,0.4622038870538952,0.3845910804875929,0.3992775550356578,0.3594176975742883,0.6889714696601695,0.2398536303329551,0.0147012260074244,0.8474847636496367,0.5251897830607941,0.5402597402597402,0,0,0,0,0,0,0,0,0,0,0,0,0,0,0,0,0,0,0,0,0,0,0,0,0,0,0,0,0,0,0,0,0,0,0,0,0,0,0,1,1,1,1,1,1,0,0,1,1,0.0,0.4602081221107458,4017.3832088529502,357.23946936538994
725.0,1087.0,2174.0,0.0,0.0,0.0,0.0,0.0,0.0,1.0,0.0,0.0,10.0,1,11.0,1.0,43039.0,46.0,0.0,1.0,0.0,0.0,1.0,0.0,1.0,0.0,0.0,2.0,0.0,410.0,0.0,0.0,0.0,1.0,1,0.0,0.0,0.0,0.0,0.4403675086070873,0.3068820608302857,0.6503502072009899,0.5623029804057031,0.6295782609279226,0.3673459721535846,0.634960012763262,0.7287999564656864,0.4082002104947341,0.5493506493506493,0,0,0,0,0,0,0,0,0,0,0,0,0,0,0,0,0,0,0,0,0,0,0,0,0,0,0,0,0,0,0,0,0,0,0,0,0,0,0,1,1,1,1,1,1,1,1,1,1,0.0,0.3996685298697247,3119.7968215629435,256.84800846990703
2046.0,756.0,1674.0,0.0,0.0,0.0,0.0,0.0,1.0,0.0,0.0,0.0,6.0,1,0.0,0.0,32322.0,40.0,1.0,1.0,0.0,0.0,4.0,6.0,1.0,0.0,0.0,3.0,4.0,404.0,0.0,0.0,0.0,2.0,1,0.0,0.0,0.0,0.0,0.4835791356346542,0.4484317134395421,0.5266830303300025,0.5281207650426987,0.5301457160321328,0.4623798430708067,0.4008675531720757,0.4781479423781675,0.8231842946294718,0.3636363636363636,0,0,0,0,0,0,0,0,0,0,0,0,0,0,0,0,0,0,0,0,0,0,0,0,0,0,0,0,0,0,0,0,0,0,0,0,0,0,0,1,1,1,1,1,1,1,1,0,0,0.0,0.2198213567987488,2309.109636345043,147.30782143179854
227.0,810.0,1620.0,0.0,0.0,0.0,0.0,0.0,0.0,0.0,1.0,0.0,10.0,1,5.0,0.0,34577.0,32.0,0.0,1.0,0.0,0.0,0.0,0.0,1.0,0.0,0.0,3.0,0.0,209.6,0.0,0.0,0.0,2.0,1,0.0,0.0,0.0,0.0,0.6364626674865408,0.3664334401938847,0.5900856181107972,0.4867845700852879,0.4537066773477693,0.2560769239986064,0.3404724271409098,0.8984907442752136,0.3604268718820905,0.3233766233766234,0,0,0,0,0,0,0,0,0,0,0,0,0,0,0,0,0,0,0,0,0,0,0,0,0,0,0,0,0,1,0,0,0,0,0,0,0,0,0,1,1,1,1,1,1,1,0,1,1,0.0,0.1238369433151673,1984.0869787706051,47.09306938866175
227.0,0.0,1620.0,0.0,0.0,0.0,0.0,0.0,0.0,0.0,0.0,0.0,1.0,1,2.0,0.0,41693.0,62.0,1.0,1.0,0.0,0.0,1.0,0.0,1.0,0.0,0.0,1.0,0.0,170.0,0.0,0.0,0.0,4.0,0,0.0,0.0,1.0,0.0,0.4736431173020387,0.433571561460268,0.8445307437468446,0.655771629721685,0.2929018994951427,0.1760356237699801,0.70155429574189,0.8547279905251136,0.3466960845199222,0.4350649350649351,0,0,0,0,0,0,0,0,0,0,0,0,0,0,0,0,0,0,0,0,0,0,0,0,0,0,0,0,0,0,0,0,0,0,0,0,0,0,0,1,1,0,0,0,0,1,1,1,1,0.0,0.1529462273010571,2250.7560319287963,110.92434399451014
3725.0,41.0,4455.0,41.0,1.0,3500.0,0.0,0.0,1.0,1.0,0.0,0.0,3.0,1,2.0,1.0,33332.0,55.0,1.0,1.0,0.0,0.0,2.0,0.0,1.0,0.0,0.0,2.0,0.0,563.0,0.0,0.0,0.0,38.0,1,0.0,0.0,0.0,0.0,0.5272537501829,0.3691701661559061,0.2186081266103705,0.4759513113829339,0.4202971199108232,0.4702768776414885,0.4091503898526857,0.5586163306999743,0.5617407703698407,0.3467532467532467,0,0,0,0,0,0,0,0,0,0,0,0,0,0,0,0,0,0,0,0,0,0,0,0,0,0,0,0,0,0,0,0,0,0,0,0,0,0,0,1,1,1,1,1,1,1,1,1,1,0.0,0.1318909132165684,1518.675680270756,99.4244997816796
2301.0,96.0,5045.0,366.0,1.0,15000.0,1.0,0.0,0.0,1.0,1.0,0.0,5.0,1,11.0,1.0,37433.0,46.0,0.0,1.0,0.0,0.0,2.0,0.0,1.0,0.0,0.0,2.0,3.0,293.0,0.0,1.0,0.0,65.0,1,4498.751158381897,1.0,0.0,0.0,0.1565434303993762,0.1024757486530458,0.3863557279409195,0.5203277294356035,0.4230357641431451,0.6647859943368882,0.1790325613254694,0.1946943657661972,0.3528473060745392,0.1818181818181818,0,0,0,0,0,0,0,0,0,0,0,0,0,0,0,0,0,0,0,0,0,0,0,0,0,0,0,0,0,0,0,0,0,0,0,0,0,0,0,0,0,1,1,1,1,0,0,0,0,0.0,0.3149123871789865,1959.0363644766544,260.62807334184936
7437.0,364.0,9443.0,0.0,0.0,3000.0,0.0,0.0,0.0,0.0,0.0,0.0,6.0,0,8.0,0.0,30205.0,59.0,1.0,1.0,0.0,0.0,2.0,0.0,1.0,0.0,1.0,1.0,0.0,384.0,0.0,0.0,0.0,47.0,1,5971.577965646757,1.0,1.0,0.0,0.0602663380707311,0.152690889374414,0.573090231622979,0.482237344354351,0.3022013136037558,0.6496014730782728,0.684145071643634,0.5998612486378572,0.3887238140183786,0.3896103896103896,0,0,0,0,0,0,0,0,0,0,0,0,0,0,0,0,0,0,0,0,0,0,0,0,0,0,0,0,0,0,0,0,0,0,0,0,0,0,0,0,0,1,1,1,1,1,1,0,0,0.0,0.2693712939721343,1551.202466976072,145.35493895481045
2280.0,1949.0,1949.0,0.0,0.0,0.0,0.0,0.0,0.0,0.0,0.0,0.0,11.0,0,9.0,0.0,27725.0,45.0,0.0,0.0,0.0,0.0,1.0,0.0,1.0,0.0,1.0,2.0,1.0,242.0,0.0,0.0,0.0,4.0,0,0.0,0.0,0.0,0.0,0.563543215005879,0.5691817017512957,0.5154147632829611,0.9234939979653016,0.3749963370918001,0.4825222281945535,0.6536574838428223,0.4525211472013833,0.6318439883562854,0.4038961038961038,0,0,0,0,0,0,0,0,0,0,0,0,0,0,0,0,0,0,0,0,0,0,0,0,0,0,0,0,0,0,0,0,0,0,0,0,0,0,0,1,1,0,0,1,1,1,1,1,1,0.0,0.4808663100380809,2312.799862028577,202.7575342136792
19858.0,378.0,26884.0,0.0,0.0,13000.0,1.0,1.0,1.0,1.0,1.0,0.0,4.0,1,12.0,1.0,35812.0,61.0,1.0,1.0,1.0,0.0,3.0,0.0,1.0,1.0,0.0,1.0,0.0,187.0,0.0,2.0,0.0,153.0,1,0.0,0.0,1.0,1.0,0.3606576063942439,0.9423138209842457,0.4619066786529283,0.3806580439714914,0.3147279151250651,0.3781535657452207,0.3683239421126817,0.6613742389116755,0.4835706209453094,0.1233766233766233,0,0,0,0,0,0,0,0,0,0,0,0,0,0,0,0,0,0,0,0,0,0,0,0,0,0,0,0,0,0,0,0,0,0,0,0,0,0,0,0,0,1,1,1,1,1,1,0,0,0.0,0.1730026290380744,2262.418364019219,236.1032386892688
252.0,10.0,2339.0,0.0,0.0,0.0,0.0,0.0,0.0,1.0,1.0,0.0,2.0,1,7.0,0.0,29441.0,22.0,0.0,1.0,0.0,0.0,1.0,0.0,1.0,0.0,0.0,1.0,1.0,73.0,0.0,0.0,0.0,12.0,1,0.0,0.0,0.0,0.0,0.5653559113453643,0.4646498448001243,0.2118695221857167,0.3914720551418525,0.5678249954428667,0.2608715730536005,0.9219742623657392,0.9257272735668044,0.3728651356677406,0.3545454545454546,0,0,0,0,0,0,0,0,0,0,0,0,0,0,0,0,0,0,0,0,0,0,0,0,0,0,0,0,0,0,0,0,0,0,0,0,0,0,0,1,1,0,0,1,1,0,0,1,1,0.0,0.0942824698441277,1542.4161711340946,78.0400628467323
25432.0,5395.0,29577.0,0.0,0.0,2500.0,0.0,0.0,0.0,0.0,1.0,0.0,2.0,1,6.0,1.0,32519.0,72.0,0.0,1.0,0.0,0.0,3.0,0.0,1.0,0.0,0.0,1.0,0.0,386.0,0.0,0.0,0.0,16.0,0,0.0,0.0,0.0,0.0,0.4537876781166135,0.4518775101839195,0.4121526875957018,0.2806696723738943,0.3147279151250651,0.3781535657452207,0.3905631060133748,0.7507138353411899,0.5109035567109037,0.2831168831168831,0,0,0,0,0,0,0,0,0,0,0,0,0,0,0,0,0,0,0,0,0,0,0,0,0,0,0,0,0,0,0,0,0,0,0,0,0,0,0,1,1,1,1,1,1,1,1,1,1,0.0,0.232400513396848,4017.177518133718,191.23517655064376
472.0,102.0,1662.0,0.0,0.0,0.0,0.0,0.0,0.0,0.0,0.0,0.0,2.0,1,6.0,0.0,29786.0,53.0,1.0,1.0,0.0,0.0,1.0,0.0,1.0,0.0,0.0,2.0,0.0,242.0,0.0,0.0,0.0,4.0,0,0.0,0.0,0.0,0.0,0.6751618389973755,0.3846294184330371,0.3989583076608108,0.2372795418411644,0.6129736990530912,0.3182178420054682,0.4733125186424515,0.5027560983600162,0.3376509803005036,0.3441558441558442,0,0,0,0,0,0,0,0,0,0,0,0,0,0,0,0,0,0,0,0,0,0,0,0,0,0,0,0,0,0,0,0,0,0,0,0,0,0,0,1,1,1,1,1,1,1,1,1,1,0.0,0.2660014244753631,1760.836355050151,120.13992662480706
265.0,0.0,1641.0,0.0,0.0,2500.0,0.0,0.0,0.0,1.0,1.0,0.0,8.0,0,6.0,0.0,30320.0,44.0,0.0,1.0,0.0,0.0,1.0,0.0,1.0,0.0,1.0,1.0,0.0,202.0,0.0,0.0,0.0,3.0,1,0.0,0.0,0.0,0.0,0.9766619711464456,0.6134900046900633,0.5432351831041576,0.0305472188545614,0.4714036797984515,0.5367681265333323,0.7413025101526314,0.940746950516854,0.3207081886651277,0.7792207792207793,0,0,0,0,0,0,0,0,0,0,0,0,0,0,0,0,0,0,0,0,0,0,0,0,0,0,0,0,0,0,0,0,0,0,0,0,0,0,0,0,0,0,0,1,1,0,0,0,0,0.0,0.2926076699886438,1579.0714214254615,233.3064253618946
227.0,0.0,1656.0,619.0,1.0,10000.0,0.0,0.0,0.0,0.0,0.0,0.0,1.0,1,4.0,1.0,33238.0,37.0,1.0,1.0,0.0,0.0,1.0,0.0,1.0,0.0,0.0,3.0,3.0,384.0,0.0,0.0,0.0,45.0,0,0.0,0.0,0.0,0.0,0.6500086831336366,0.2998751677709877,0.932458212134125,0.4158255596803468,0.4666927876653409,0.3755634746618783,0.1068551342414057,0.1089012322678185,0.3703946371115419,0.9805194805194806,0,0,0,0,0,0,0,0,0,0,0,0,0,0,0,0,0,0,0,0,0,0,0,0,0,0,0,0,0,0,0,0,0,0,0,0,0,0,0,1,1,0,0,1,1,0,0,0,0,0.0,0.2057409150819054,2126.7253143524063,172.21160198076316
227.0,0.0,1620.0,0.0,0.0,0.0,0.0,0.0,0.0,0.0,0.0,0.0,4.8,1,5.0,0.0,37632.0,61.0,0.0,1.0,0.0,0.0,0.0,0.0,1.0,0.0,0.0,1.0,0.0,175.0,0.0,0.0,0.0,4.0,0,0.0,0.0,0.0,0.0,0.543040787473408,0.4298401859152869,0.7230690139712797,0.6170883157677641,0.6630099611764855,0.3593172495603259,0.525271975202372,0.544749364955002,0.4924961422946866,0.4350649350649351,0,0,0,0,0,0,0,0,0,0,0,0,1,0,0,0,0,0,0,0,1,1,0,0,0,0,0,0,0,1,0,0,0,0,0,0,1,0,0,1,1,1,1,1,1,1,1,1,1,0.0,0.3237387922884959,1968.7024975521683,165.74456125810195
707.0,163.0,4296.0,0.0,0.0,13000.0,0.0,0.0,0.0,0.0,0.0,0.0,2.0,0,6.0,0.0,33137.0,46.0,0.0,1.0,0.0,0.0,1.0,0.0,1.0,0.0,1.0,2.0,0.0,255.0,0.0,0.0,0.0,28.0,0,0.0,0.0,0.0,0.0,0.3829763522842669,0.5143161911323622,0.2934353302644591,0.5375511340968275,0.3433577363874739,0.1295424761142119,0.1179283015036224,0.6181179286957175,0.5591527517168821,0.8025974025974026,0,0,0,0,0,0,0,0,0,0,0,0,0,0,0,0,0,0,0,0,0,0,0,0,0,0,0,0,0,0,0,0,0,0,0,0,0,0,0,1,1,1,1,0,0,0,0,1,1,0.0,0.1390374560442258,2046.12622689582,72.3006678274209
853.0,971.5,1943.0,0.0,0.0,0.0,0.0,0.0,0.0,1.0,1.0,0.0,2.0,1,3.0,1.0,31676.0,23.0,1.0,1.0,0.0,0.0,1.0,0.0,1.0,0.0,0.0,2.0,1.0,130.0,0.0,0.0,0.0,17.0,1,1061.987115055348,1.0,0.0,0.0,0.5254377797441282,0.5976837995453474,0.6067924022197991,0.5954274227589182,0.7863712383606635,0.7654649160334903,0.2239576252069662,0.5500041565430431,0.3915113890858631,0.4051948051948051,0,0,0,0,0,0,0,0,0,0,0,0,0,0,0,0,0,0,0,0,0,0,0,0,0,0,0,0,0,0,0,0,0,0,0,0,0,0,0,1,1,1,1,0,0,0,0,1,1,0.0,0.084321184906409,1616.935016693002,60.73711252592122
2070.0,17.0,3046.0,0.0,0.0,2500.0,0.0,0.0,1.0,1.0,0.0,0.0,4.0,0,7.0,0.0,31981.0,46.0,1.0,1.0,1.0,0.0,3.0,0.0,1.0,1.0,1.0,2.0,1.0,325.0,0.0,5.0,1682.0,157.0,0,0.0,0.0,0.0,0.0,0.483263712704239,0.4164957886117955,0.2751226505621873,0.381079887451235,0.0434959888037663,0.0267353716672778,0.3743358434386692,0.8618110702573729,0.7520820627579109,0.5402597402597402,0,0,0,0,0,0,0,0,0,0,0,0,0,0,0,0,0,0,0,0,0,0,0,0,0,0,0,0,0,0,0,0,0,0,0,0,0,0,0,1,1,1,1,0,0,0,0,1,1,0.0,0.1994692493551527,1489.8791613626836,140.94978736507352
422.0,32.0,1667.0,0.0,0.0,0.0,0.0,0.0,0.0,1.0,0.0,0.0,6.0,0,5.0,0.0,32937.0,50.0,1.0,1.0,0.0,0.0,1.0,0.0,1.0,0.0,0.0,1.0,0.0,255.0,0.0,0.0,0.0,30.0,0,0.0,0.0,0.0,0.0,0.6709443447453365,0.4708187366576083,0.7710108519500204,0.7653828197973326,0.7379257374612909,0.4695861347777074,0.5645065458520182,0.4707712561250375,0.386287093256738,0.3779220779220779,0,0,0,0,0,0,0,0,0,0,0,0,0,0,0,0,0,0,0,0,0,0,0,0,0,0,0,0,0,0,0,0,0,0,0,0,0,0,0,1,1,1,1,1,1,1,1,1,1,0.0,0.4256288474604588,1390.2697684511438,306.308782389432
231.0,0.0,3920.0,0.0,0.0,0.0,0.0,0.0,0.0,1.0,0.0,0.0,1.0,1,9.0,0.0,32339.0,24.0,1.0,0.0,0.0,0.0,1.0,0.0,0.0,0.0,0.0,2.0,0.0,4.0,0.0,0.0,0.0,5.0,0,0.0,0.0,0.0,0.0,0.6585713650469487,0.5996076706584127,0.7402170086195182,0.6313437719783582,0.7379257374612909,0.4695861347777074,0.4954956071321873,0.5012870029830029,0.2207535049870156,0.7922077922077922,0,0,0,0,0,0,0,0,0,0,0,0,0,0,0,0,0,0,0,0,0,0,0,0,0,0,0,0,0,0,0,0,0,0,0,0,0,0,0,1,1,1,1,1,1,1,1,1,0,0.0,0.2891407022940809,1818.275011027149,241.49519324191579
238.0,821.5,1643.0,0.0,0.0,0.0,0.0,0.0,0.0,0.0,0.0,0.0,8.0,1,6.0,0.0,32178.2,31.0,0.0,1.0,0.0,0.0,1.0,0.0,0.0,0.0,0.0,2.0,0.0,224.0,0.0,0.0,0.0,2.0,0,0.0,0.0,0.0,0.0,0.5924614529578334,0.4210396707837326,0.6033023042587529,0.5974713220595751,0.4410019975931259,0.4104360506140814,0.5842140829456179,0.5189624266109772,0.5202365122176273,0.3623376623376623,0,0,0,0,0,0,0,0,0,0,0,0,0,0,0,0,1,0,0,0,0,0,0,0,0,0,0,0,0,0,0,0,0,0,0,0,0,0,0,1,1,1,1,1,1,1,1,1,1,0.0,0.351235294485337,2132.397878059288,170.24871876902353
11586.0,843.0,17769.0,1933.0,1.0,0.0,0.0,0.0,0.0,0.0,0.0,0.0,1.0,1,6.0,1.0,33064.0,53.0,1.0,1.0,0.0,0.0,3.0,4.0,1.0,0.0,0.0,2.0,0.0,671.0,0.0,0.0,0.0,90.0,1,2380.916259058952,1.0,0.0,1.0,0.3045332063367695,0.2226982634437694,0.3932205376988854,0.370228028749156,0.4667563060838918,0.4097355269281689,0.6627603135011453,0.6865912572972477,0.5335516341235629,0.5376623376623376,0,0,0,0,0,0,0,0,0,0,0,0,0,0,0,0,0,0,0,0,0,0,0,0,0,0,0,0,0,0,0,0,0,0,0,0,0,0,0,1,1,1,1,0,0,1,1,1,1,0.0,0.1905693037860038,2309.259616046309,178.87795801597537
958.0,0.0,2229.0,0.0,0.0,0.0,0.0,0.0,0.0,0.0,1.0,0.0,10.0,1,6.0,0.0,33065.0,62.0,0.0,1.0,0.0,0.0,3.0,0.0,1.0,0.0,0.0,2.0,0.0,350.0,0.0,0.0,0.0,29.0,1,3612.0908087321377,1.0,1.0,0.0,0.6027343979648505,0.3826568255301875,0.7768750362419811,0.7805441603066733,0.3402049729769443,0.3161764094582934,0.3696141882910808,0.4447575805286459,0.6691105549845258,0.3181818181818182,0,0,0,0,0,0,0,0,0,0,0,0,0,0,0,0,0,0,0,0,0,0,0,0,0,0,0,0,0,0,0,0,0,0,0,0,0,0,0,1,1,1,1,0,0,1,1,0,0,0.0,0.3106731635788606,1739.1187398055051,163.24247428667326
3392.0,2447.0,2447.0,0.0,0.0,15000.0,0.0,0.0,0.0,0.0,0.0,0.0,2.0,1,8.0,0.0,47363.0,66.0,0.0,1.0,0.0,0.0,2.0,0.0,1.0,0.0,0.0,1.0,0.0,324.0,0.0,0.0,0.0,16.0,1,0.0,0.0,1.0,0.0,0.9947759253544588,0.7241865354024969,0.326984708856147,0.3965441489511331,0.478533111105422,0.7167933051196022,0.6607289812067568,0.54391054444847,0.6010215790915198,0.6207792207792208,0,0,0,0,0,0,0,0,0,0,0,0,0,0,0,0,0,0,0,0,0,0,0,0,0,0,0,0,0,0,0,0,0,0,0,0,0,0,0,0,0,1,1,1,1,1,1,1,1,0.0,0.2352625332693371,1202.1142818189896,154.9532297277883
823.0,204.0,1789.0,0.0,0.0,3500.0,0.0,0.0,0.0,0.0,1.0,0.0,1.0,1,7.0,0.0,26338.0,62.0,0.0,1.0,0.0,0.0,2.0,0.0,1.0,0.0,0.0,1.0,0.0,413.0,0.0,0.0,0.0,26.0,1,0.0,0.0,1.0,0.0,0.4311855035347728,0.5168799786459666,0.5709073097937851,0.5321454552996445,0.6895588633099597,0.4597374955907671,0.3628834193262157,0.2834739148688285,0.6516978331472748,0.5727272727272728,0,0,0,0,0,0,0,0,0,0,0,0,0,0,0,0,0,0,0,0,0,0,0,0,0,0,0,0,0,0,0,0,0,0,0,0,0,0,0,1,1,1,1,1,1,1,1,1,1,0.0,0.2972355326665671,1696.782605328763,172.76736946910097
4783.0,826.0,3863.0,0.0,0.0,0.0,0.0,0.0,0.0,0.0,0.0,0.0,10.0,0,8.0,0.0,31264.0,76.0,1.0,1.0,0.0,0.0,2.0,0.0,1.0,0.0,0.0,1.0,0.0,539.0,0.0,0.0,0.0,25.0,0,0.0,0.0,0.0,0.0,0.4938285053971792,0.639074352702783,0.5576162847829165,0.367879996820704,0.4865215001604797,0.5057790654198481,0.3183563599201868,0.0333730924397468,0.514409295321553,0.390909090909091,0,0,0,0,0,0,0,0,0,0,0,0,0,0,0,0,0,0,0,0,0,0,0,0,0,0,0,0,0,0,0,0,0,0,0,0,0,0,0,1,1,1,1,1,1,0,0,1,1,0.0,0.3735297255692661,1398.3899829183986,288.1590007638254
227.0,0.0,1620.0,0.0,0.0,0.0,0.0,0.0,0.0,0.0,0.0,0.0,6.0,1,1.0,0.0,29063.0,31.0,0.0,1.0,0.0,0.0,1.0,0.0,0.0,0.0,0.0,2.0,0.0,133.0,0.0,0.0,0.0,4.0,0,0.0,0.0,0.0,0.0,0.6701734919329045,0.5720728070407907,0.3464944808377254,0.5572994322100309,0.5678249954428667,0.3617364792814839,0.4354127146886672,0.3218290684325816,0.5440783804655386,0.448051948051948,0,0,0,0,0,0,0,0,0,0,0,0,0,0,0,0,0,0,0,0,0,0,0,0,0,0,0,0,0,0,0,0,0,0,0,0,0,0,0,1,1,1,1,1,1,1,1,1,1,0.0,0.3070491764667188,1638.5849261486826,161.10134667998753
227.0,0.0,1621.0,0.0,0.0,0.0,0.0,0.0,0.0,0.0,0.0,0.0,4.0,1,8.0,0.0,39153.0,54.0,1.0,1.0,0.0,0.0,1.0,0.0,1.0,0.0,0.0,1.0,0.0,305.0,0.0,0.0,0.0,2.0,1,0.0,0.0,0.0,0.0,0.5287721684685178,0.520772535296102,0.5846772984817401,0.7105688688200503,0.578933411625346,0.3045451346353187,0.5776029975252422,0.7644727767749764,0.4924961422946866,0.4350649350649351,0,0,0,0,0,0,0,0,0,0,0,0,0,0,0,0,0,0,0,0,0,0,0,0,0,0,0,0,0,0,0,0,0,0,0,0,0,0,0,1,1,1,1,1,1,1,1,1,1,0.0,0.2523433823583526,1999.3793497693289,133.9803787903035
245.0,810.5,1621.0,0.0,0.0,0.0,0.0,0.0,0.0,0.0,0.0,0.0,7.0,1,0.0,0.0,43647.0,54.0,0.0,1.0,0.0,0.0,1.0,0.0,1.0,0.0,0.0,1.0,0.0,4.0,0.0,0.0,0.0,4.0,0,0.0,0.0,0.0,0.0,0.4403675086070873,0.3068820608302857,0.6503502072009899,0.5623029804057031,0.42177023962595,0.549995161965203,0.6349600127632619,0.7287999564656864,0.4082002104947341,0.4350649350649351,0,0,0,0,0,0,0,0,0,0,0,0,0,0,0,0,0,0,0,0,0,0,0,0,0,0,0,0,0,0,0,0,0,0,0,0,0,0,0,1,1,1,1,0,0,1,1,1,1,0.0,0.1913318649825037,2159.461019206568,72.6451420832544
243.0,825.5,1651.0,0.0,0.0,750.0,0.0,0.0,0.0,1.0,0.0,0.0,9.0,1,8.0,0.0,49524.0,18.0,0.0,1.0,0.0,0.0,1.0,0.0,1.0,0.0,0.0,1.0,0.0,242.0,0.0,0.0,0.0,4.0,1,0.0,0.0,0.0,0.0,0.7285951328476464,0.5525418327445568,0.3439797472124376,0.1925138731482928,0.5389901562913724,0.1401706551353508,0.6439555169134917,0.5090626681006002,0.4082002104947341,0.4,0,0,0,0,0,0,0,0,0,0,0,0,0,0,0,0,0,0,0,0,0,0,0,0,0,0,0,0,0,0,0,0,0,0,0,0,0,0,0,1,1,1,1,1,1,1,1,1,1,0.0,0.1947560553164202,1246.6163020766471,140.5072354297144
1119.0,3.0,22739.0,1221.0,3.0,0.0,0.0,0.0,0.0,0.0,0.0,0.0,5.0,1,2.0,0.0,36233.0,40.0,1.0,1.0,0.0,0.0,1.0,4.0,1.0,0.0,0.0,3.0,2.0,551.0,0.0,0.0,0.0,21.0,1,0.0,0.0,0.0,0.0,0.3037693883485956,0.1804699541251322,0.314937255846478,0.3393355110500568,0.6103575189846512,0.5265660678062767,0.5887872354390116,0.1517624343107235,0.7282357409056716,0.564935064935065,0,0,0,0,0,0,0,0,0,0,0,0,0,0,0,0,0,0,0,0,0,0,0,0,0,0,0,0,0,0,0,0,0,0,0,0,0,0,0,1,1,1,1,1,1,0,0,0,0,0.0,0.2787454584373566,3861.915138876475,209.54557502365992
4315.0,1045.0,3671.0,0.0,0.0,3000.0,0.0,0.0,0.0,0.0,0.0,0.0,6.0,1,9.0,1.0,54579.0,50.0,1.0,1.0,0.0,0.0,3.0,0.0,1.0,1.0,0.0,3.0,0.0,399.0,0.0,0.0,0.0,83.0,0,0.0,0.0,0.0,0.0,0.6289057486191961,0.5462105083059098,0.3992775550356578,0.3594176975742883,0.5389901562913724,0.1401706551353509,0.8702857434741242,0.6398699645769805,0.3900627197288232,0.5844155844155844,0,0,0,0,0,0,0,0,0,0,0,0,0,0,0,0,0,0,0,0,0,0,0,0,0,0,0,0,0,0,0,0,0,0,0,0,0,0,0,1,1,1,1,1,1,0,0,1,1,0.0,0.3041119375035408,947.2909754831652,277.51339004198456
239.0,5.0,5476.0,595.0,1.0,0.0,0.0,0.0,0.0,1.0,0.0,0.0,6.0,1,6.0,0.0,30430.0,42.0,0.0,1.0,0.0,0.0,1.0,0.0,1.0,1.0,0.0,2.0,2.0,131.0,0.0,1.0,0.0,4.0,0,0.0,0.0,0.0,0.0,0.504986288199747,0.6840763176881985,0.2967206014111677,0.6348331820791104,0.4615461910208955,0.6407898502578904,0.7779387260477704,0.5242651461298988,0.3390667548083863,0.4779220779220779,0,0,0,0,0,0,0,0,0,0,0,0,0,0,0,0,0,0,0,0,0,0,0,0,0,0,0,0,0,0,0,0,0,0,0,0,0,0,0,1,1,0,0,0,0,1,1,1,1,0.0,0.2582221006246107,3235.8265682555843,259.34629566659396
332.0,1.0,1634.0,0.0,0.0,750.0,0.0,0.0,0.0,1.0,0.0,0.0,4.0,1,0.0,0.0,35291.0,20.0,0.0,1.0,0.0,0.0,1.0,0.0,1.0,0.0,0.0,1.0,0.0,264.0,0.0,0.0,0.0,4.0,1,0.0,0.0,0.0,0.0,0.4766520711728474,0.2611987313568568,0.6818956746719073,0.5364553615503211,0.408081654030681,0.7330971357000235,0.2378883045601295,0.6102272658823475,0.8268972604747636,0.6948051948051948,0,0,0,0,0,0,0,0,0,0,0,0,0,0,0,0,0,0,0,0,0,0,0,0,0,0,0,0,0,0,0,0,0,0,0,0,0,0,0,1,1,1,1,0,0,1,1,0,0,0.0,0.0869500356636977,2142.77366953626,59.18972385271686
813.0,2386.5,4773.0,514.0,2.0,5000.0,0.0,0.0,0.0,1.0,0.0,0.0,6.0,1,7.0,1.0,33592.0,37.0,1.0,1.0,0.0,0.0,1.0,0.0,1.0,1.0,0.0,3.0,2.0,518.0,0.0,0.0,0.0,120.0,0,1274.8705496526231,1.0,0.0,0.0,0.2070359334376544,0.0206453766594231,0.4129286834935413,0.751308094155789,0.5626047219173669,0.5889834894257252,0.5702252733273443,0.4804675101415759,0.5869813880575421,0.5376623376623376,0,0,0,0,0,0,0,0,0,0,0,0,0,0,0,0,0,0,0,0,0,0,0,0,0,0,0,0,0,0,0,0,0,0,0,0,0,0,0,0,0,1,1,1,1,1,1,1,1,0.0,0.4287089339101287,1624.506947114307,276.0379345799072
227.0,0.0,2183.0,1967.0,4.0,15000.0,0.0,0.0,0.0,1.0,0.0,0.0,8.0,1,5.0,1.0,32328.0,37.0,1.0,1.0,0.0,0.0,1.0,0.0,1.0,1.0,0.0,3.0,0.0,326.0,0.0,0.0,0.0,240.0,1,0.0,0.0,0.0,0.0,0.4623347580911101,0.4936785321899867,0.0706429726781354,0.4756876381275229,0.4836056822462511,0.5355944067454576,0.4218173735978419,0.5951055079495592,0.3909624553880805,0.6324675324675324,0,0,0,0,0,0,0,0,0,0,0,0,0,0,0,0,0,0,0,0,0,0,0,0,0,0,0,0,0,0,0,0,0,0,0,0,0,0,0,1,1,0,0,1,1,1,1,1,1,0.0,0.2399982338346014,1088.1527926413223,252.9440269544147
227.0,0.0,1620.0,0.0,0.0,0.0,0.0,0.0,0.0,0.0,1.0,0.0,5.0,1,9.0,0.0,33628.0,37.0,0.0,1.0,0.0,0.0,1.0,0.0,1.0,0.0,0.0,2.0,1.0,473.0,0.0,0.0,0.0,2.0,0,0.0,0.0,0.0,0.0,0.7080084394303064,0.4826580240691395,0.7432004310429361,0.6467245797492199,0.62517263182968,0.3163508858271238,0.6167895554998873,0.6480818435299295,0.2388614434669627,0.0844155844155844,0,0,0,0,0,0,0,0,0,0,0,0,0,0,0,0,0,0,0,0,0,0,0,0,0,0,0,0,0,0,0,0,0,0,0,0,0,0,0,1,1,1,1,1,1,0,0,0,0,0.0,0.1959786098449961,2228.9287338707204,115.61541046932312
227.0,810.0,1620.0,0.0,0.0,0.0,0.0,0.0,0.0,0.0,1.0,0.0,8.0,1,4.0,1.0,24959.0,48.0,0.0,1.0,1.0,0.0,0.0,0.0,1.0,0.0,0.0,3.0,0.0,190.4,0.0,1.0,2472.0,3.0,0,0.0,0.0,0.0,0.0,0.6409600595944809,0.6582190260091976,0.6458091079288997,0.3851305944144455,0.3676543038240044,0.2734267368254174,0.778504255630015,0.7437887783619044,0.4082002104947341,0.3142857142857143,0,0,0,0,0,0,0,0,0,0,0,0,0,0,0,0,0,0,0,0,0,0,0,0,0,0,0,0,0,1,0,0,0,0,0,0,0,0,0,1,1,1,1,1,1,1,1,1,1,0.0,0.2433243702435716,1864.8364014160252,99.88351832120831
3709.0,1438.0,3100.0,155.0,3.0,2500.0,0.0,0.0,0.0,0.0,1.0,0.0,4.0,1,9.0,1.0,27693.0,38.0,1.0,0.0,0.0,0.0,3.0,0.0,1.0,1.0,0.0,3.0,4.0,287.0,0.0,0.0,0.0,66.0,0,0.0,0.0,0.0,0.0,0.7424592090580866,0.8781781762552335,0.6324771890151698,0.5873361348836597,0.9496569775070648,0.4232399159322248,0.5136684460574422,0.2402928047963613,0.6179690212759084,0.4974025974025973,0,0,0,0,0,0,0,0,0,0,0,0,0,0,0,0,0,0,0,0,0,0,0,0,0,0,0,0,0,0,0,0,0,0,0,0,0,0,0,0,0,1,1,0,0,1,1,1,1,0.0,0.3174873950745544,1201.8214670396587,174.5854681207919
227.0,0.0,1620.0,0.0,0.0,0.0,0.0,0.0,0.0,0.0,1.0,0.0,2.0,0,1.0,0.0,37198.0,67.0,0.0,1.0,0.0,0.0,0.0,0.0,1.0,0.0,0.0,1.0,0.0,175.0,0.0,0.0,0.0,4.0,0,0.0,0.0,0.0,0.0,0.543040787473408,0.3672901940165035,0.6823487981624152,0.5360078110052373,0.6039545111030084,0.2767718257341749,0.437420819097146,0.481693955145666,0.5230416719352877,0.4350649350649351,0,0,0,0,0,0,0,0,0,0,0,0,0,0,0,0,0,0,0,0,0,0,0,0,0,0,0,0,0,1,0,0,0,0,0,0,0,0,0,1,0,1,1,1,1,1,1,1,1,0.0,0.1650228136482626,2016.802127917328,87.21849243849529
5886.0,122.0,14047.0,0.0,0.0,6000.0,0.0,0.0,1.0,0.0,0.0,0.0,4.0,0,7.0,0.0,45054.0,75.0,0.0,1.0,0.0,0.0,2.0,0.0,1.0,0.0,0.0,1.0,0.0,350.0,0.0,0.0,0.0,64.0,0,0.0,0.0,0.0,0.0,0.3900544371722659,0.2792139393585338,0.3235164339586168,0.5354779532939218,0.7551077198010805,0.6401392331912986,0.6924063176042384,0.4831569671462701,0.4141616333971719,0.5532467532467532,0,0,0,0,0,0,0,0,0,0,0,0,0,0,0,0,0,0,0,0,0,0,0,0,0,0,0,0,0,0,0,0,0,0,0,0,0,0,0,0,0,1,1,1,1,1,1,1,1,0.0,0.3095119740863186,1382.1454047976752,190.60893736256085
10215.0,2750.0,2750.0,0.0,0.0,0.0,0.0,0.0,0.0,0.0,0.0,0.0,10.0,1,4.0,0.0,49709.0,63.0,1.0,1.0,0.0,0.0,2.0,0.0,1.0,0.0,0.0,1.0,0.0,286.0,0.0,0.0,0.0,4.0,1,0.0,0.0,0.0,0.0,0.3614188417877922,0.3762072784025083,0.3439797472124376,0.1925138731482928,0.4996299749143872,0.3163236928227945,0.4847716101031215,0.5115009449318663,0.3885800009451364,0.5441558441558441,0,0,0,0,0,0,0,0,0,0,0,0,0,0,0,0,0,0,0,0,0,0,0,0,0,0,0,0,0,0,0,0,0,0,0,0,0,0,0,0,0,1,1,1,1,1,1,1,1,0.0,0.1926961572538096,1435.0023682255778,112.73993039236255
1027.0,0.0,2330.0,0.0,0.0,4000.0,0.0,0.0,0.0,1.0,1.0,0.0,7.0,1,9.0,1.0,38755.0,34.0,1.0,1.0,0.0,0.0,1.0,0.0,1.0,1.0,0.0,3.0,0.0,185.0,1.0,0.0,0.0,4.0,0,3706.0297766293806,1.0,0.0,0.0,0.4659737810893435,0.5630014783292974,0.5837642630900097,0.2335840944769482,0.3356512625613849,0.3553499063964319,0.4524791961878732,0.2816009775637087,0.6118360152878417,0.4961038961038961,0,0,0,0,0,0,0,0,0,0,0,0,0,0,0,0,0,0,0,0,0,0,0,0,0,0,0,0,0,0,0,0,0,0,0,0,0,0,0,1,1,0,0,1,1,1,1,1,1,0.0,0.394810512724529,2492.9632716463348,322.17301692796156
810.0,191.0,1734.0,0.0,0.0,0.0,0.0,0.0,0.0,1.0,1.0,0.0,9.0,1,2.0,0.0,26338.0,21.0,0.0,1.0,0.0,0.0,1.0,0.0,1.0,0.0,0.0,1.0,0.0,242.0,0.0,0.0,0.0,10.0,1,0.0,0.0,0.0,0.0,0.255247011806906,0.3865623703486033,0.6074744061238693,0.4982055273035216,0.4352640928522383,0.1641321435877982,0.7156962415003626,0.5794600811670596,0.1848382288637614,0.4545454545454545,0,0,0,0,0,0,0,0,0,0,0,0,0,0,0,0,0,0,0,0,0,0,0,0,0,0,0,0,0,0,0,0,0,0,0,0,0,0,0,0,0,1,1,1,1,1,1,0,0,0.0,0.2160953824181775,1421.1307536217478,91.49282018894785
268.0,0.0,2133.0,1769.0,2.0,5500.0,0.0,0.0,0.0,1.0,0.0,0.0,5.0,1,0.0,1.0,32413.6,31.0,0.0,1.0,0.0,0.0,1.0,0.0,1.0,0.0,0.0,2.0,2.0,422.0,0.0,0.0,0.0,28.0,0,0.0,0.0,0.0,0.0,0.1084816872607071,0.1313560750221808,0.6329358894111644,0.8044688805170391,0.567647067601177,0.6578895250797079,0.8159343839129901,0.7120417649926948,0.5682773035411729,0.4753246753246753,0,0,0,0,0,0,0,0,0,0,0,0,0,0,0,0,1,0,0,0,0,0,0,0,0,0,0,0,0,0,0,0,0,0,0,0,0,0,0,0,0,1,1,1,1,1,1,1,1,0.0,0.179597913893749,2368.6207266019164,114.4433068729062
715.0,118.0,2090.0,0.0,0.0,3000.0,0.0,0.0,0.0,1.0,0.0,0.0,2.0,0,1.0,0.0,28003.0,46.0,1.0,0.0,0.0,0.0,1.0,0.0,1.0,0.0,1.0,2.0,0.0,324.0,0.0,0.0,0.0,25.0,0,1019.2685433818104,1.0,0.0,0.0,0.3140327480592986,0.4862441963643078,0.6552498251286668,0.4923821272076543,0.5803264834496328,0.6364991719167863,0.4038612119935479,0.3071244407113691,0.9180481195538496,0.4506493506493506,0,0,0,0,0,0,0,0,0,0,0,0,0,0,0,0,0,0,0,0,0,0,0,0,0,0,0,0,0,0,0,0,0,0,0,0,0,0,0,0,0,0,0,1,1,1,1,1,1,0.0,0.1350846180987637,2077.2743315004536,58.4827459695879
17146.0,9463.0,9463.0,0.0,0.0,6000.0,0.0,0.0,0.0,0.0,0.0,0.0,6.0,1,1.0,1.0,30100.0,66.0,0.0,1.0,0.0,0.0,3.0,0.0,1.0,0.0,0.0,1.0,0.0,599.0,0.0,0.0,0.0,44.0,1,0.0,0.0,1.0,0.0,0.4403615627173393,0.4735860617531079,0.3314704144726813,0.4784554015275618,0.2761031992743331,0.6650625425914058,0.5498810153693122,0.5092066605702291,0.4399033172092695,0.3792207792207792,0,0,0,0,0,0,0,0,0,0,0,0,0,0,0,0,0,0,0,0,0,0,0,0,0,0,0,0,0,0,0,0,0,0,0,0,0,0,0,1,1,1,1,1,1,1,1,1,1,0.0,0.0784651871788492,1208.3483598334797,53.42453606958017
227.0,810.0,1620.0,0.0,0.0,0.0,0.0,0.0,0.0,0.0,1.0,0.0,6.0,1,8.0,0.0,28936.0,65.0,1.0,1.0,1.0,0.0,0.0,0.0,1.0,0.0,0.0,1.0,0.0,295.4,0.0,1.0,0.0,4.0,1,0.0,0.0,1.0,0.0,0.6701734919329045,0.2737210076476332,0.3464944808377254,0.5572994322100308,0.5678249954428667,0.4755220265531344,0.523694497695962,0.21956478529286,0.6238530496419668,0.4142857142857142,0,0,0,0,0,0,0,0,0,0,0,0,0,0,0,0,0,0,0,0,0,0,0,0,0,0,0,0,0,1,0,0,0,0,0,0,0,0,0,1,0,1,1,1,1,1,1,1,1,0.0,0.3450298887250594,1702.911696401456,160.12259031895297
227.0,0.0,1620.0,0.0,0.0,0.0,0.0,0.0,0.0,0.0,0.0,0.0,3.0,1,5.0,0.0,29858.0,49.0,0.0,1.0,0.0,0.0,0.0,0.0,1.0,0.0,0.0,2.0,0.0,165.8,0.0,0.0,0.0,4.0,1,0.0,0.0,0.0,0.0,0.7204953514050076,0.304716384601904,0.3989583076608108,0.4364435332903322,0.6129736990530912,0.2565224599204748,0.4715290487738479,0.5027560983600162,0.3376509803005036,0.3441558441558441,0,0,0,0,0,0,0,0,0,0,0,0,0,0,0,0,0,0,0,0,0,0,0,0,0,0,0,0,0,1,0,0,0,0,0,0,0,0,0,1,0,1,1,1,1,1,1,1,1,0.0,0.1850811332724009,1320.0915734935777,80.21616757913205
2091.0,773.0,7027.0,1687.0,1.0,15000.0,1.0,0.0,0.0,1.0,0.0,0.0,8.0,1,1.0,1.0,33748.0,23.0,0.0,1.0,0.0,0.0,1.0,0.0,1.0,1.0,0.0,3.0,0.0,304.0,0.0,1.0,0.0,55.0,1,0.0,0.0,0.0,0.0,0.4632463997516838,0.6177368665604318,0.2288361968412265,0.3783205199145639,0.2760520304735916,0.5753097781848228,0.4717759513419522,0.7584691527779245,0.9738111730647316,0.9545454545454546,0,0,0,0,0,0,0,0,0,0,0,0,0,0,0,0,0,0,0,0,0,0,0,0,0,0,0,0,0,0,0,0,0,0,0,0,0,0,0,1,1,1,1,0,0,1,1,0,0,0.0,0.1865986273763051,1869.641052046695,160.49100446148498
270.0,16.0,1670.0,0.0,0.0,750.0,0.0,0.0,0.0,1.0,0.0,0.0,9.0,1,4.0,0.0,15914.0,17.0,1.0,0.0,0.0,0.0,1.0,0.0,1.0,0.0,0.0,1.0,0.0,157.0,0.0,0.0,0.0,9.0,1,0.0,0.0,0.0,0.0,0.5563240894826038,0.403864176634879,0.7815320751604552,0.6086554098142642,0.511998555340768,0.3125657175321996,0.6573692747449986,0.5931102259279035,0.4850009749462927,0.1753246753246753,0,0,0,0,0,0,0,0,0,0,0,0,0,0,0,0,0,0,0,0,0,0,0,0,0,0,0,0,0,0,0,0,0,0,0,0,0,0,0,1,1,1,1,1,1,1,1,0,0,0.0,0.3011813145721922,1035.5602740458762,236.37635119944918
227.0,810.0,1620.0,0.0,0.0,0.0,0.0,0.0,0.0,0.0,0.0,0.0,10.0,1,4.0,0.0,36034.0,67.0,0.0,1.0,0.0,0.0,0.0,0.0,1.0,0.0,0.0,1.0,0.0,157.8,0.0,0.0,0.0,4.0,0,0.0,0.0,0.0,0.0,0.4820537611405493,0.4588731720517552,0.6823487981624152,0.5731635053413673,0.6358513253562073,0.3948031982129667,0.3467699645512043,0.4968187193997774,0.3877625082085773,0.1428571428571428,0,0,0,0,0,0,0,0,0,0,0,0,0,0,0,0,0,0,0,0,0,0,0,0,0,0,0,0,0,1,0,0,0,0,0,0,0,0,0,1,1,1,1,1,1,1,1,1,0,0.0,0.3272649756720108,1838.6916606073453,149.56792807280002
227.0,0.0,1620.0,0.0,0.0,0.0,0.0,0.0,0.0,0.0,0.0,0.0,1.0,1,0.0,0.0,34003.0,48.0,1.0,1.0,0.0,0.0,1.0,0.0,1.0,0.0,0.0,2.0,0.0,39.0,0.0,0.0,0.0,4.0,0,0.0,0.0,0.0,0.0,0.8291101560962053,0.6127941103467055,0.6482299572775749,0.5869212096920008,0.1556204060394707,0.5675991713386225,0.4072421267185904,0.4261196493791964,0.5301873376646735,0.435064935064935,0,0,0,0,0,0,0,0,0,0,0,0,0,0,0,0,0,0,0,0,0,0,0,0,0,0,0,0,0,0,0,0,0,0,0,0,0,0,0,0,0,1,1,0,0,1,1,1,1,0.0,0.3140454870005779,2274.175405083716,215.72522325569048
2067.0,311.0,2051.0,0.0,0.0,0.0,0.0,0.0,0.0,0.0,1.0,0.0,7.0,0,9.0,0.0,41529.0,71.0,0.0,0.0,0.0,0.0,1.0,0.0,1.0,0.0,1.0,1.0,0.0,278.0,0.0,0.0,0.0,4.0,0,0.0,0.0,1.0,0.0,0.5185224597600187,0.4451204739607413,0.5594357977850897,0.429634347139096,0.6469763250082494,0.3286206254145775,0.6586986536566402,0.790867402622711,0.4082002104947341,0.5493506493506493,0,0,0,0,0,0,0,0,0,0,0,0,0,0,0,0,0,0,0,0,0,0,0,0,0,0,0,0,0,0,0,0,0,0,0,0,0,0,0,1,1,1,1,1,1,1,1,1,1,0.0,0.4327314407469819,2007.8242326284549,195.9448651429691
1327.0,460.0,1844.0,0.0,0.0,1500.0,0.0,0.0,0.0,0.0,0.0,0.0,1.0,1,9.0,0.0,32481.0,43.0,1.0,1.0,0.0,0.0,1.0,0.0,1.0,0.0,0.0,3.0,4.0,166.0,0.0,0.0,0.0,20.0,0,0.0,0.0,0.0,0.0,0.5043590007195438,0.3853948957690635,0.5595974038314393,0.7140580326105599,0.5171877545475592,0.3590024826336478,0.8997708518921145,0.4383991321425651,0.837381064478293,0.6402597402597403,0,0,0,0,0,0,0,0,0,0,0,0,0,0,0,0,0,0,0,0,0,0,0,0,0,0,0,0,0,0,0,0,0,0,0,0,0,0,0,1,1,1,1,1,1,0,0,1,1,0.0,0.3328264862316431,2077.5469364645032,195.00215761625125
227.0,0.0,1635.0,0.0,0.0,0.0,0.0,0.0,0.0,1.0,0.0,0.0,4.0,1,4.0,0.0,27067.0,25.0,1.0,1.0,0.0,0.0,1.0,0.0,1.0,0.0,0.0,1.0,1.0,83.0,0.0,0.0,0.0,4.0,1,0.0,0.0,0.0,0.0,0.4996971672790103,0.5063455401734742,0.6035717928725107,0.5474352346518943,0.5925416162366074,0.2508778011527501,0.7156962415003626,0.6554265284055935,0.3839436868896243,0.435064935064935,0,0,0,0,0,0,0,0,0,0,0,0,0,0,0,0,0,0,0,0,0,0,0,0,0,0,0,0,0,0,0,0,0,0,0,0,0,0,0,1,1,1,1,1,1,1,1,1,1,0.0,0.1975805040307918,1430.216634242965,145.40694485035337
875.0,233.0,1664.0,0.0,1.0,11000.0,0.0,0.0,0.0,0.0,0.0,0.0,1.0,1,2.0,1.0,27536.0,25.0,0.0,1.0,0.0,0.0,1.0,1.0,1.0,0.0,0.0,3.0,3.0,376.0,0.0,0.0,0.0,75.0,0,0.0,0.0,0.0,0.0,0.361255991427696,0.2763453486145152,0.508784443157499,0.5030553035726831,0.5223633901329331,0.4036493845482514,0.3349824863673026,0.3505953225866798,0.8378241757074693,0.961038961038961,0,0,0,0,0,0,0,0,0,0,0,0,0,0,0,0,0,0,0,0,0,0,0,0,0,0,0,0,0,0,0,0,0,0,0,0,0,0,0,1,1,1,1,1,1,1,1,0,0,0.0,0.2166724738675958,2007.1226267149395,134.1970377049972
3587.0,2449.5,4899.0,0.0,0.0,13000.0,0.0,0.0,1.0,1.0,1.0,0.0,9.0,1,2.0,1.0,30170.0,57.0,1.0,1.0,1.0,0.0,2.0,0.0,1.0,1.0,0.0,3.0,0.0,487.0,0.0,1.0,9560.0,162.0,1,0.0,0.0,0.0,0.0,0.5063031007543087,0.467006578457112,0.6867372645820035,0.4631843395217858,0.5101738009221283,0.4760407213745079,0.3120149466516809,0.4619482613563198,0.4781788152221088,0.5571428571428572,0,0,0,0,0,0,0,0,0,0,0,0,0,0,0,0,0,0,0,0,0,0,0,0,0,0,0,0,0,0,0,0,0,0,0,0,0,0,0,1,1,0,0,1,1,1,1,1,1,0.0,0.1857842250900302,1258.9775227681496,149.58872009544592
227.0,810.0,1620.0,0.0,0.0,0.0,0.0,0.0,0.0,0.0,1.0,0.0,4.0,1,2.0,0.0,25186.0,53.0,1.0,1.0,0.0,0.0,1.0,0.0,0.0,0.0,0.0,2.0,0.0,7.0,0.0,0.0,0.0,4.0,1,0.0,0.0,0.0,0.0,0.6725844007522914,0.558634230173946,0.6458091079288997,0.3851305944144455,0.3786424514971854,0.3346711299469029,0.778504255630015,0.7437887783619044,0.373290452368578,0.435064935064935,0,0,0,0,0,0,0,0,0,0,0,0,0,0,0,0,0,0,0,0,0,0,0,0,0,0,0,0,0,0,0,0,0,0,0,0,0,0,0,1,1,1,1,1,1,1,1,1,1,0.0,0.1102652021761765,1363.4406062258606,43.4360087526721
230.0,0.0,2124.0,0.0,0.0,0.0,0.0,0.0,0.0,0.0,0.0,0.0,11.0,1,1.0,0.0,32537.4,44.0,0.0,1.0,0.0,0.0,1.0,0.0,0.0,1.0,0.0,2.0,0.0,190.0,0.0,0.0,0.0,1.0,1,0.0,0.0,0.0,0.0,0.6514779059564434,0.648030645244271,0.5756499137406456,0.586775362509111,0.5363894866798706,0.3818548122721066,0.4038014451129103,0.5412969628757889,0.4952854218240505,0.8636363636363636,0,0,0,0,0,0,0,0,0,0,0,0,0,0,0,0,1,0,0,0,0,0,0,0,0,0,0,0,0,0,0,0,0,0,0,0,0,0,0,1,1,1,1,1,1,1,1,1,0,0.0,0.2861125096650479,2423.0979830960714,143.11416925531472
495.0,112.0,1666.0,0.0,0.0,0.0,0.0,0.0,0.0,0.0,1.0,0.0,5.0,1,4.0,0.0,21351.0,68.0,0.0,1.0,0.0,0.0,2.0,0.0,1.0,0.0,0.0,1.0,0.0,324.0,0.0,0.0,0.0,4.0,0,0.0,0.0,0.0,0.0,0.5621796544698983,0.6000160522618093,0.6643287264839325,0.5022489237288077,0.446527107461657,0.4448135258356258,0.6573692747449986,0.6739558870234131,0.4082002104947341,0.409090909090909,0,0,0,0,0,0,0,0,0,0,0,0,0,0,0,0,0,0,0,0,0,0,0,0,0,0,0,0,0,0,0,0,0,0,0,0,0,0,0,1,1,1,1,1,1,1,1,1,1,0.0,0.2376204503467193,1959.9407941651184,129.74135434508204
861.0,0.0,2426.0,0.0,0.0,0.0,0.0,0.0,1.0,0.0,1.0,0.0,9.0,1,2.0,0.0,35590.0,53.0,1.0,1.0,0.0,0.0,1.0,0.0,1.0,0.0,0.0,2.0,0.0,103.0,0.0,0.0,0.0,3.0,0,0.0,0.0,0.0,1.0,0.567803856466277,0.491734717884244,0.7756658667329128,0.5126751374428994,0.1349908226049467,0.4591282990076008,0.2506891720985219,0.6102272658823475,0.5234537738206773,0.5909090909090908,0,0,0,0,0,0,0,0,0,0,0,0,0,0,0,0,0,0,0,0,0,0,0,0,0,0,0,0,0,0,0,0,0,0,0,0,0,0,0,1,1,1,1,0,0,1,1,1,1,0.0,0.2323473225067152,2852.9794587848883,171.54316154808447
672.0,0.0,1885.0,19.0,1.0,2500.0,0.0,0.0,0.0,1.0,0.0,0.0,8.0,0,7.0,1.0,30989.0,43.0,1.0,1.0,0.0,0.0,1.0,0.0,1.0,0.0,1.0,2.0,2.0,368.0,0.0,1.0,393.0,21.0,0,0.0,0.0,0.0,0.0,0.2048148185555289,0.6575634406526788,0.1412030582633011,0.5257378649989436,0.5997247265805038,0.4834017188371947,0.6154874663901042,0.4906579550284668,0.8102186257403851,0.7025974025974027,0,0,0,0,0,0,0,0,0,0,0,0,0,0,0,0,0,0,0,0,0,0,0,0,0,0,0,0,0,0,0,0,0,0,0,0,0,0,0,0,0,0,0,1,1,1,1,1,1,0.0,0.2223807618746362,1851.3765737579267,137.21000308716563
7143.0,2150.0,3905.0,0.0,0.0,4000.0,0.0,0.0,0.0,0.0,0.0,0.0,4.0,0,0.0,1.0,27339.0,63.0,1.0,1.0,0.0,0.0,2.0,0.0,1.0,0.0,0.0,1.0,0.0,384.0,0.0,0.0,0.0,71.0,0,4174.940871759715,1.0,0.0,0.0,0.3819157367530825,0.6347766633840318,0.7481507766778972,0.671629504997171,0.6552213600105571,0.5327999177092414,0.4363070628172186,0.401901779951966,0.3345543877193477,0.3766233766233766,0,0,0,0,0,0,0,0,0,0,0,0,0,0,0,0,0,0,0,0,0,0,0,0,0,0,0,0,0,0,0,0,0,0,0,0,0,0,0,1,1,1,1,1,1,1,1,0,0,0.0,0.1258054083599585,1562.446971752306,72.2601314272371
949.0,230.0,2010.0,0.0,0.0,3000.0,0.0,0.0,0.0,1.0,0.0,0.0,8.0,1,9.0,0.0,34813.0,35.0,1.0,1.0,0.0,0.0,1.0,0.0,1.0,1.0,0.0,2.0,0.0,151.0,0.0,0.0,0.0,14.0,1,590.2878719003485,1.0,0.0,0.0,0.6262355429502914,0.4698790755102731,0.6484135099108495,0.7859734795742168,0.2318837087967689,0.4380239362463824,0.4963919657547235,0.4203084218149876,0.8539428570971836,0.9155844155844156,0,0,0,0,0,0,0,0,0,0,0,0,0,0,0,0,0,0,0,0,0,0,0,0,0,0,0,0,0,0,0,0,0,0,0,0,0,0,0,1,1,1,1,0,0,1,1,0,0,1.0,0.6399619965097656,1396.028674344329,507.2978496983476
227.0,0.0,1620.0,0.0,1.0,14000.0,0.0,0.0,0.0,1.0,1.0,0.0,3.0,1,15.0,0.0,32361.0,51.0,1.0,1.0,0.0,0.0,1.0,0.0,1.0,1.0,0.0,3.0,0.0,351.0,0.0,0.0,0.0,4.0,0,0.0,0.0,0.0,0.0,0.5013465829612869,0.4810338762780411,0.3830104737672402,0.5869199000783236,0.5003972441838462,0.4064320294425295,0.9528268683447012,0.8645865029576717,0.3909624553880805,0.5532467532467533,0,0,0,0,0,0,0,0,0,0,0,0,0,0,0,0,0,0,0,0,0,0,0,0,0,0,0,0,0,0,0,0,0,0,0,0,0,0,0,1,1,1,1,1,1,0,0,1,1,0.0,0.3257347736121321,1895.794089512918,246.48020555849675
227.0,0.0,1620.0,0.0,0.0,2500.0,0.0,0.0,0.0,0.0,1.0,0.0,4.0,1,4.0,0.0,51328.0,36.0,1.0,1.0,0.0,0.0,1.0,0.0,1.0,0.0,0.0,2.0,0.0,128.0,0.0,0.0,0.0,20.0,0,0.0,0.0,0.0,0.0,0.9773330904211208,0.8899052955761797,0.484331616825304,0.2955756153025187,0.5389901562913724,0.1401706551353508,0.913816161486963,0.0905368490682396,0.5716887850610355,0.435064935064935,0,0,0,0,0,0,0,0,0,0,0,0,0,0,0,0,0,0,0,0,0,0,0,0,0,0,0,0,0,0,0,0,0,0,0,0,0,0,0,0,0,1,1,1,1,0,0,1,1,0.0,0.235284395332764,1040.868808663215,176.8617486141832
7779.0,3087.0,3589.0,0.0,0.0,11000.0,0.0,0.0,0.0,0.0,0.0,0.0,8.0,1,6.0,0.0,29693.0,45.0,0.0,0.0,0.0,0.0,2.0,1.0,1.0,0.0,0.0,3.0,1.0,357.0,1.0,3.0,0.0,22.0,1,0.0,0.0,0.0,0.0,0.5392920433342157,0.5610924504056374,0.4470083610690454,0.4617499377837043,0.3852179227569813,0.5196731016091171,0.706719439582376,0.6862110418851026,0.5050563754125253,0.6610389610389611,0,0,0,0,0,0,0,0,0,0,0,0,0,0,0,0,0,0,0,0,0,0,0,0,0,0,0,0,0,0,0,0,0,0,0,0,0,0,0,1,1,0,0,0,0,0,0,1,1,0.0,0.381477429884465,1563.3262037758311,210.31889721494835
505.0,92.0,1665.0,0.0,0.0,0.0,0.0,0.0,0.0,0.0,0.0,0.0,2.0,1,0.0,0.0,36511.0,53.0,0.0,1.0,0.0,0.0,1.0,0.0,1.0,0.0,0.0,3.0,0.0,611.0,0.0,0.0,0.0,1.0,0,0.0,0.0,0.0,0.0,0.6286478301489129,0.0791396018543743,0.6823487981624151,0.5360078110052373,0.5064181819449839,0.4119221233377465,0.3587307281807063,0.5838006768585504,0.3903993326760467,0.5077922077922078,0,0,0,0,0,0,0,0,0,0,0,0,0,0,0,0,0,0,0,0,0,0,0,0,0,0,0,0,0,0,0,0,0,0,0,0,0,0,0,0,0,1,1,0,0,1,1,1,1,0.0,0.2209815567931354,3057.0225250938474,125.6847639523854
1197.0,126.0,5754.0,0.0,0.0,0.0,0.0,0.0,0.0,1.0,0.0,0.0,9.0,0,6.0,1.0,35141.0,50.0,1.0,1.0,0.0,0.0,1.0,1.0,1.0,0.0,1.0,2.0,0.0,472.0,0.0,2.0,0.0,163.0,0,0.0,0.0,0.0,0.0,0.636307946634125,0.5082770268904009,0.4256837828201556,0.3887612035850307,0.4069947972542615,0.5111035120475727,0.4607140750695375,0.374276879711877,0.2714295100090609,0.790909090909091,0,0,0,0,0,0,0,0,0,0,0,0,0,0,0,0,0,0,0,0,0,0,0,0,0,0,0,0,0,0,0,0,0,0,0,0,0,0,0,1,1,1,1,1,1,1,1,1,1,0.0,0.3158884493698289,1255.6813614689888,241.36035745884274
237.0,890.5,1781.0,0.0,0.0,4500.0,0.0,0.0,0.0,1.0,0.0,0.0,7.0,1,0.0,0.0,34043.0,25.0,1.0,1.0,0.0,0.0,4.0,6.0,1.0,0.0,0.0,3.0,0.0,326.0,0.0,0.0,0.0,32.0,1,0.0,0.0,0.0,0.0,0.6427960786345442,0.475113325280958,0.6484135099108495,0.7859734795742167,0.792478560755229,0.9521568672820216,0.4907904612393817,0.3843617682958516,0.5945960688280926,0.5064935064935064,0,0,0,0,0,0,0,0,0,0,0,0,0,0,0,0,0,0,0,0,0,0,0,0,0,0,0,0,0,0,0,0,0,0,0,0,0,0,0,1,1,1,1,0,0,1,1,0,0,0.0,0.1615505678482654,963.7741937884956,127.15423738367859
227.0,0.0,1620.0,0.0,0.0,0.0,0.0,0.0,0.0,0.0,0.0,0.0,2.0,0,6.0,0.0,35978.0,57.0,0.0,1.0,0.0,0.0,1.0,0.0,1.0,0.0,1.0,2.0,0.0,98.0,0.0,0.0,0.0,4.0,1,0.0,0.0,0.0,0.0,0.5168801125751091,0.59021491284913,0.6823487981624152,0.5731635053413673,0.2418309078504659,0.3943861048429074,0.284738434529302,0.5587575223638697,0.1058920422940539,0.2662337662337662,0,0,0,0,0,0,0,0,0,0,0,0,0,0,0,0,0,0,0,0,0,0,0,0,0,0,0,0,0,0,0,0,0,0,0,0,0,0,0,1,1,1,1,0,0,1,1,0,0,0.0,0.2435279284127444,2196.557133071334,115.89924545774865
229.0,0.0,2690.0,0.0,0.0,12500.0,0.0,0.0,0.0,1.0,0.0,0.0,4.0,1,20.0,0.0,29469.0,36.0,1.0,1.0,0.0,0.0,1.0,0.0,1.0,0.0,0.0,3.0,1.0,189.0,0.0,0.0,0.0,53.0,0,0.0,0.0,0.0,0.0,0.4322036694560617,0.4817187110912658,0.9759910900351808,0.9763494574900828,0.5487377427383352,0.41376524236843,0.3472399423695388,0.4881052314313319,0.310335517053418,0.6025974025974026,0,0,0,0,0,0,0,0,0,0,0,0,0,0,0,0,0,0,0,0,0,0,0,0,0,0,0,0,0,0,0,0,0,0,0,0,0,0,0,1,1,0,0,1,1,1,1,1,1,0.0,0.3368160859521683,1230.5589077785164,342.8533230693585
375.0,62.0,1676.0,0.0,0.0,750.0,0.0,0.0,0.0,1.0,1.0,0.0,7.0,1,9.0,0.0,29202.0,20.0,0.0,1.0,0.0,0.0,1.0,0.0,1.0,0.0,0.0,1.0,0.0,154.0,0.0,0.0,0.0,3.0,1,0.0,0.0,0.0,0.0,0.6402088668653079,0.5419502557472476,0.3464944808377254,0.4961164761623068,0.5489016251903073,0.3617364792814839,0.4354127146886672,0.3218290684325816,0.5440783804655385,0.448051948051948,0,0,0,0,0,0,0,0,0,0,0,0,0,0,0,0,0,0,0,0,0,0,0,0,0,0,0,0,0,0,0,0,0,0,0,0,0,0,0,1,1,1,1,1,1,1,1,1,1,0.0,0.4040545708083553,1792.95675062941,246.64730535976543
3578.0,1408.0,2164.0,0.0,0.0,0.0,0.0,0.0,0.0,0.0,0.0,0.0,10.0,1,5.0,1.0,26684.0,40.0,0.0,1.0,0.0,0.0,2.0,0.0,1.0,0.0,0.0,3.0,0.0,590.0,0.0,0.0,0.0,4.0,0,0.0,0.0,0.0,0.0,0.6695689728926192,0.7060415567879699,0.6237573394921562,0.4402001685200337,0.5270785286125341,0.4140700103745378,0.5981226519324394,0.4346943730179762,0.5704720329868653,0.6493506493506493,0,0,0,0,0,0,0,0,0,0,0,0,0,0,0,0,0,0,0,0,0,0,0,0,0,0,0,0,0,0,0,0,0,0,0,0,0,0,0,1,1,1,1,0,0,1,1,0,0,0.0,0.2864156338350091,1981.2665574923387,155.66684191820778
4294.0,618.0,5440.0,703.0,1.0,15000.0,0.0,0.0,0.0,1.0,0.0,0.0,2.0,1,2.0,1.0,34906.0,53.0,1.0,1.0,1.0,0.0,2.0,0.0,1.0,1.0,0.0,3.0,0.0,563.0,0.0,1.0,0.0,118.0,1,0.0,0.0,0.0,0.0,0.849339787825369,0.6093144785796789,0.3885692259443523,0.3623096839813529,0.3522604772792063,0.525079011235692,0.524253895349054,0.6123968244253477,0.3922715594873633,0.2922077922077922,0,0,0,0,0,0,0,0,0,0,0,0,0,0,0,0,0,0,0,0,0,0,0,0,0,0,0,0,0,0,0,0,0,0,0,0,0,0,0,0,0,1,1,1,1,1,1,0,0,0.0,0.1464840999496868,1503.940777591007,143.34790895527078
302.0,30.0,1632.0,0.0,0.0,0.0,0.0,0.0,0.0,1.0,0.0,0.0,5.0,1,5.0,0.0,34801.0,16.0,0.0,1.0,0.0,0.0,1.0,0.0,1.0,0.0,0.0,3.0,2.0,262.0,0.0,0.0,0.0,45.0,1,0.0,0.0,0.0,0.0,0.5444267260361129,0.3664334401938846,0.7761216366378036,0.6947280978492613,0.1114083943619237,0.1570511203572077,0.2378883045601295,0.5561686807065467,0.3604268718820905,0.3233766233766234,0,0,0,0,0,0,0,0,0,0,0,0,0,0,0,0,0,0,0,0,0,0,0,0,0,0,0,0,0,0,0,0,0,0,0,0,0,0,0,1,1,0,0,0,0,1,1,1,1,0.0,0.3120785900431079,1517.0512993269526,256.1045652486073
319.0,34.0,1639.0,0.0,0.0,0.0,0.0,0.0,0.0,0.0,0.0,0.0,5.0,1,9.0,0.0,28543.0,59.0,0.0,1.0,0.0,0.0,1.0,0.0,1.0,0.0,0.0,1.0,0.0,671.0,0.0,0.0,0.0,3.0,1,0.0,0.0,1.0,0.0,0.5088703048175532,0.4909217322547968,0.3464944808377254,0.5572994322100308,0.5678249954428667,0.3746571203252511,0.5173726415399641,0.0436347177087939,0.6238530496419666,0.4818181818181818,0,0,0,0,0,0,0,0,0,0,0,0,0,0,0,0,0,0,0,0,0,0,0,0,0,0,0,0,0,0,0,0,0,0,0,0,0,0,0,1,1,1,1,1,1,0,0,1,1,0.0,0.3174691518404899,2360.0793547916987,180.49898336258082
369.0,11.0,1954.0,0.0,0.0,3500.0,0.0,0.0,0.0,0.0,1.0,0.0,8.0,1,13.0,0.0,24657.0,51.0,1.0,1.0,0.0,0.0,1.0,1.0,1.0,1.0,0.0,2.0,0.0,350.0,0.0,0.0,0.0,108.0,1,0.0,0.0,0.0,0.0,0.4405320976261778,0.6126095539521292,0.5916181132325309,0.487909991123786,0.7894658042567264,0.0239999789664108,0.766425254847014,0.0579888635654764,0.6516978331472747,0.6935064935064934,0,0,0,0,0,0,0,0,0,0,0,0,0,0,0,0,0,0,0,0,0,0,0,0,0,0,0,0,0,0,0,0,0,0,0,0,0,0,0,1,1,1,1,0,0,0,0,1,1,0.0,0.3296212277370672,1130.1923620862897,219.79440716732287
1103.0,2367.5,4735.0,713.0,1.0,4000.0,0.0,0.0,0.0,1.0,1.0,0.0,5.0,1,8.0,1.0,25499.0,29.0,1.0,1.0,0.0,0.0,1.0,0.0,1.0,0.0,0.0,2.0,0.0,386.0,0.0,0.0,0.0,43.0,1,394.7932021644915,1.0,0.0,0.0,0.4369113647010438,0.6064028175702527,0.4341331917112493,0.4662149216129264,0.6895588633099596,0.4597374955907671,0.5102730279265476,0.1515505240312788,0.7102921438730692,0.5532467532467533,0,0,0,0,0,0,0,0,0,0,0,0,0,0,0,0,0,0,0,0,0,0,0,0,0,0,0,0,0,0,0,0,0,0,0,0,0,0,0,1,1,1,1,1,1,1,1,1,1,0.0,0.3452912385412811,1793.1858831673708,264.3024657224301
3781.0,2810.0,2810.0,0.0,0.0,10000.0,0.0,0.0,0.0,0.0,1.0,0.0,6.0,0,5.0,0.0,33853.0,44.0,1.0,1.0,0.0,0.0,2.0,0.0,1.0,0.0,0.0,2.0,1.0,345.0,0.0,1.0,0.0,41.0,1,581.5270513705057,1.0,0.0,0.0,0.9721591319719324,0.3528702596243467,0.5547661099021719,0.5157110943083754,0.4180575117972748,0.2479525170542196,0.4630749224188869,0.3443320205442234,0.5405603075019415,0.5454545454545454,0,0,0,0,0,0,0,0,0,0,0,0,0,0,0,0,0,0,0,0,0,0,0,0,0,0,0,0,0,0,0,0,0,0,0,0,0,0,0,0,0,1,1,0,0,1,1,0,0,0.0,0.2913182142733052,1569.9346277775544,176.09714451407098
250.0,0.0,1635.0,0.0,0.0,0.0,0.0,0.0,0.0,0.0,1.0,0.0,10.0,0,5.0,0.0,23566.0,63.0,1.0,0.0,0.0,0.0,1.0,0.0,1.0,0.0,0.0,1.0,0.0,98.0,0.0,0.0,0.0,4.0,1,0.0,0.0,1.0,0.0,0.5526066466390976,0.3390968879026047,0.6458091079288997,0.4707999230977154,0.0816307576917859,0.9246503796025112,0.674020374178955,0.7437887783619044,0.2600434906921223,0.7012987012987013,0,0,0,0,0,0,0,0,0,0,0,0,0,0,0,0,0,0,0,0,0,0,0,0,0,0,0,0,0,0,0,0,0,0,0,0,0,0,0,0,0,1,1,0,0,1,1,0,0,0.0,0.2623493943031758,1578.0940198181895,128.94882050350677
227.0,0.0,1621.0,0.0,0.0,0.0,0.0,0.0,0.0,0.0,0.0,0.0,3.0,1,6.0,0.0,34799.0,41.0,0.0,1.0,0.0,0.0,3.0,0.0,1.0,0.0,0.0,3.0,1.0,329.0,0.0,0.0,0.0,12.0,0,0.0,0.0,0.0,0.0,0.7785255909502578,0.130686445819029,0.5900856181107973,0.5364553615503213,0.5396072674773962,0.3784716109160019,0.1650647035488305,0.3356013421664746,0.120520326431324,0.3051948051948052,0,0,0,0,0,0,0,0,0,0,0,0,0,0,0,0,0,0,0,0,0,0,0,0,0,0,0,0,0,0,0,0,0,0,0,0,0,0,0,0,0,1,1,1,1,0,0,0,0,0.0,0.2055482952480593,1898.9482847633635,108.56928182638478
507.0,86.0,2148.0,0.0,0.0,0.0,0.0,1.0,0.0,0.0,0.0,0.0,5.0,1,6.0,0.0,30472.0,57.0,0.0,1.0,0.0,0.0,1.0,0.0,1.0,1.0,0.0,1.0,0.0,308.0,0.0,0.0,0.0,2.0,1,0.0,0.0,0.0,0.0,0.6191185565787997,0.5069305073552751,0.4147460567622126,0.3317429982203741,0.8459014101169496,0.4359326113002066,0.4182942216731337,0.5803660884039902,0.4400412573114538,0.5051948051948052,0,0,0,0,0,0,0,0,0,0,0,0,0,0,0,0,0,0,0,0,0,0,0,0,0,0,0,0,0,0,0,0,0,0,0,0,0,0,0,1,1,1,1,0,0,1,1,1,1,0.0,0.3019446157033395,1912.9979248256057,158.49237506353379
26728.0,191.0,20800.0,0.0,0.0,0.0,0.0,0.0,1.0,0.0,0.0,0.0,5.0,1,8.0,0.0,37959.0,49.0,1.0,1.0,0.0,0.0,3.0,1.0,1.0,1.0,0.0,3.0,3.0,264.0,0.0,0.0,0.0,4.0,1,0.0,0.0,0.0,1.0,0.8102472210330656,0.286789017177491,0.4121526875957018,0.2806696723738943,0.3147279151250651,0.3781535657452207,0.3428324553111378,0.6760778967321797,0.7706479734580142,0.2532467532467532,0,0,0,0,0,0,0,0,0,0,0,0,0,0,0,0,0,0,0,0,0,0,0,0,0,0,0,0,0,0,0,0,0,0,0,0,0,0,0,0,0,1,1,1,1,1,1,0,0,0.0,0.3078727775346578,6962.748062761055,240.08233962279587
10461.0,976.0,17385.0,0.0,0.0,6000.0,0.0,0.0,1.0,1.0,0.0,0.0,1.0,0,4.0,0.0,33832.0,65.0,0.0,1.0,0.0,0.0,2.0,0.0,1.0,0.0,0.0,1.0,0.0,359.0,0.0,0.0,0.0,33.0,1,0.0,0.0,1.0,0.0,0.3233633407659607,0.2755031198573559,0.3932205376988854,0.370228028749156,0.2977624538116191,0.6661703625266175,0.6610154867567392,0.5571003313235767,0.4124266897909071,0.235064935064935,0,0,0,0,0,0,0,0,0,0,0,0,0,0,0,0,0,0,0,0,0,0,0,0,0,0,0,0,0,0,0,0,0,0,0,0,0,0,0,1,1,1,1,1,1,1,1,1,1,0.0,0.1140309970805225,1971.153713332145,90.99743001059151
512.0,810.0,1620.0,0.0,0.0,0.0,0.0,0.0,0.0,1.0,0.0,0.0,6.0,1,9.0,0.0,30433.0,21.0,1.0,1.0,0.0,0.0,0.0,0.0,1.0,0.0,0.0,2.0,0.0,1.0,0.0,0.0,0.0,3.0,1,0.0,0.0,0.0,0.0,0.6191185565787997,0.3704548294663527,0.3989583076608108,0.3317429982203741,0.6621100655456036,0.5964901041428297,0.370848161097877,0.5266036430573926,0.4400412573114539,0.4415584415584416,0,0,0,0,0,0,0,0,0,0,0,0,0,0,0,0,0,0,0,0,0,0,0,0,0,0,0,0,0,0,0,0,0,0,0,0,0,0,0,1,1,1,1,0,0,1,1,1,1,0.0,0.3194467276711004,1503.642692122859,188.63602865530453
24044.0,31.0,34985.0,367.0,3.0,7000.0,0.0,0.0,1.0,0.0,1.0,0.0,3.0,1,6.0,1.0,26632.0,49.0,1.0,1.0,0.0,1.0,3.0,0.0,1.0,1.0,0.0,3.0,0.0,360.0,0.0,3.0,0.0,13.0,1,9723.472552067977,1.0,0.0,1.0,0.4537876781166135,0.4518775101839195,0.4121526875957018,0.2806696723738943,0.3908706159539218,0.4657995997894814,0.8312310803683016,0.8502932141387213,0.5109035567109037,0.2831168831168831,0,0,0,0,0,0,0,0,0,0,0,0,0,0,0,0,0,0,0,0,0,0,0,0,0,0,0,0,0,0,0,0,0,0,0,0,0,0,0,1,1,1,1,1,1,0,0,1,1,0.0,0.3085019311665513,9645.89024042242,308.39732118409626
227.0,810.0,1620.0,0.0,0.0,0.0,0.0,0.0,0.0,0.0,1.0,0.0,5.0,1,1.0,0.0,35153.0,20.0,0.0,0.0,0.0,0.0,1.0,0.0,0.0,0.0,0.0,1.0,0.0,173.0,0.0,0.0,0.0,4.0,0,0.0,0.0,0.0,0.0,0.4180646730288347,0.4419550322728701,0.5900856181107972,0.5468886603878288,0.5900995170756381,0.4115712037882822,0.2378883045601295,0.6016232429856704,0.3604268718820905,0.3519480519480519,0,0,0,0,0,0,0,0,0,0,0,0,0,0,0,0,0,0,0,0,0,0,0,0,0,0,0,0,0,0,0,0,0,0,0,0,0,0,0,1,1,1,1,1,1,1,1,1,1,0.0,0.1140309970805225,1911.9750378647543,28.373078088678863
3045.0,199.0,6883.0,0.0,0.0,0.0,0.0,0.0,0.0,0.0,0.0,0.0,7.0,1,4.0,1.0,33264.0,52.0,1.0,1.0,0.0,0.0,3.0,2.0,1.0,0.0,0.0,3.0,0.0,389.0,0.0,0.0,0.0,274.0,0,0.0,0.0,0.0,1.0,0.4442679976100423,0.1327952039799929,0.1202563592011409,0.3107767357437677,0.5531770544045448,0.4781347190624919,0.4943269710710323,0.3482787105220511,0.2930819109895499,0.5493506493506494,0,0,0,0,0,0,0,0,0,0,0,0,0,0,0,0,0,0,0,0,0,0,0,0,0,0,0,0,0,0,0,0,0,0,0,0,0,0,0,0,0,0,0,1,1,1,1,1,1,0.0,0.289870883002242,1207.8094722531955,212.60705099262896
519.0,40.0,1652.0,0.0,0.0,0.0,0.0,0.0,0.0,0.0,1.0,0.0,8.0,1,6.0,1.0,32155.0,51.0,1.0,1.0,0.0,0.0,1.0,0.0,1.0,0.0,0.0,3.0,1.0,340.0,0.0,0.0,0.0,4.0,0,0.0,0.0,0.0,0.0,0.5686645586264109,0.4237557659517065,0.587573535039804,0.7831245402321099,0.4599967519953364,0.5280970984677835,0.5310171521923582,0.4906569005212448,0.386287093256738,0.2818181818181818,0,0,0,0,0,0,0,0,0,0,0,0,0,0,0,0,0,0,0,0,0,0,0,0,0,0,0,0,0,0,0,0,0,0,0,0,0,0,0,1,1,0,0,0,0,1,1,1,1,0.0,0.3737411035292391,2085.6129926902536,190.57503591704238
2929.0,14.0,4689.0,0.0,0.0,0.0,0.0,0.0,0.0,0.0,1.0,0.0,6.0,0,5.0,0.0,32838.0,51.0,0.0,1.0,0.0,0.0,2.0,0.0,1.0,0.0,0.0,2.0,0.0,243.0,0.0,0.0,0.0,4.0,0,0.0,0.0,0.0,0.0,0.4198776657308687,0.478290036714258,0.3289255445519417,0.3766394284673749,0.5813947200139704,0.4240521198042323,0.4943269710710323,0.3482787105220511,0.4045419500488291,0.6415584415584416,0,0,0,0,0,0,0,0,0,0,0,0,0,0,0,0,0,0,0,0,0,0,0,0,0,0,0,0,0,0,0,0,0,0,0,0,0,0,0,1,1,1,1,1,1,1,1,1,1,0.0,0.3131396801637366,2742.682434441318,153.66648862595733
263.0,15.0,3575.0,0.0,0.0,0.0,0.0,0.0,0.0,0.0,0.0,0.0,10.0,0,7.0,0.0,23375.0,56.0,0.0,1.0,0.0,0.0,1.0,0.0,1.0,0.0,1.0,1.0,0.0,254.0,0.0,0.0,0.0,4.0,0,0.0,0.0,1.0,0.0,0.5621796544698983,0.6000160522618093,0.6458091079288997,0.4707999230977154,0.446527107461657,0.4448135258356257,0.674020374178955,0.7437887783619044,0.2022868112707031,0.2337662337662337,0,0,0,0,0,0,0,0,0,0,0,0,0,0,0,0,0,0,0,0,0,0,0,0,0,0,0,0,0,0,0,0,0,0,0,0,0,0,0,1,1,1,1,1,1,1,1,0,0,0.0,0.3687043922425704,2058.2256390444227,220.5595815611247
227.0,0.0,1620.0,0.0,0.0,0.0,0.0,0.0,0.0,0.0,1.0,0.0,6.0,1,3.0,0.0,35368.0,41.0,0.0,1.0,0.0,0.0,0.0,0.0,1.0,0.0,0.0,2.0,0.0,165.8,0.0,0.0,0.0,3.0,1,0.0,0.0,0.0,0.0,0.4935209661820249,0.6477814563992326,0.699631455423666,0.9131403470653162,0.5568493678395952,0.3438289976168589,0.2378883045601295,0.8734640861000513,0.3604268718820905,0.0584415584415584,0,0,0,0,0,0,0,0,0,0,0,0,0,0,0,0,0,0,0,0,0,0,0,0,0,0,0,0,0,1,0,0,0,0,0,0,0,0,0,1,0,1,0,1,1,1,0,1,0,0.0,0.1857456951649898,2276.0795459650085,85.45598343649785
356.0,844.0,1688.0,0.0,0.0,0.0,0.0,0.0,0.0,0.0,0.0,0.0,7.0,1,0.0,0.0,29463.0,36.0,0.0,1.0,0.0,0.0,1.0,0.0,1.0,0.0,0.0,3.0,0.0,484.0,0.0,0.0,0.0,2.0,0,0.0,0.0,0.0,0.0,0.6897509129403014,0.3669808475520276,0.3989583076608108,0.5240765292514353,0.5489016251903074,0.4200516498943766,0.4091779480645418,0.3930313955758954,0.4828716340546897,0.3441558441558441,0,0,0,0,0,0,0,0,0,0,0,0,0,0,0,0,0,0,0,0,0,0,0,0,0,0,0,0,0,0,0,0,0,0,0,0,0,0,0,1,1,1,1,1,1,1,1,1,1,0.0,0.2095363479205332,2401.842058573439,75.7731503252395
1378.0,24.0,2005.0,0.0,0.0,0.0,0.0,0.0,0.0,0.0,0.0,0.0,3.0,1,9.0,0.0,42235.0,21.0,1.0,1.0,0.0,0.0,1.0,0.0,1.0,0.0,0.0,1.0,0.0,180.0,0.0,0.0,0.0,4.0,1,722.6978774044754,1.0,0.0,0.0,0.4736431173020387,0.433571561460268,0.6503502072009899,0.5623029804057033,0.6308076626563819,0.3103110253168307,0.70155429574189,0.8547279905251136,0.4082002104947341,0.5493506493506493,0,0,0,0,0,0,0,0,0,0,0,0,0,0,0,0,0,0,0,0,0,0,0,0,0,0,0,0,0,0,0,0,0,0,0,0,0,0,0,1,1,1,1,1,1,1,1,1,1,0.0,0.2071910273681397,2040.4935918010808,187.92171549454545
227.0,0.0,1620.0,0.0,0.0,0.0,0.0,0.0,0.0,0.0,0.0,0.0,2.0,1,1.0,0.0,40206.0,33.0,0.0,1.0,0.0,0.0,1.0,0.0,1.0,0.0,0.0,3.0,2.0,288.0,0.0,0.0,0.0,4.0,0,0.0,0.0,0.0,0.0,0.3102382398486918,0.3857960769133657,0.3771908724347886,0.8059729150920121,0.5087605600275841,0.3563684282701674,0.8423033654330622,0.9801981695214652,0.3466960845199222,0.4350649350649351,0,0,0,0,0,0,0,0,0,0,0,0,0,0,0,0,0,0,0,0,0,0,0,0,0,0,0,0,0,0,0,0,0,0,0,0,0,0,0,0,0,0,0,0,0,0,0,1,1,0.0,0.1730974687717966,2269.432132123816,88.167425177899
227.0,0.0,1620.0,0.0,0.0,4000.0,0.0,0.0,0.0,0.0,1.0,0.0,9.0,1,4.0,0.0,32480.0,46.0,0.0,1.0,0.0,0.0,1.0,0.0,1.0,0.0,0.0,3.0,0.0,350.0,0.0,0.0,0.0,63.0,0,0.0,0.0,0.0,0.0,0.5925950998421091,0.6361982190806905,0.4652285778450131,0.6223775287351003,0.8001437547483987,0.9866388961751008,0.5702252733273443,0.4804675101415759,0.8422174050809204,0.6675324675324675,0,0,0,0,0,0,0,0,0,0,0,0,0,0,0,0,0,0,0,0,0,0,0,0,0,0,0,0,0,0,0,0,0,0,0,0,0,0,0,1,1,1,1,0,0,1,1,1,1,0.0,0.3209014903671392,1331.037428761803,115.87433897612291
227.0,810.0,1620.0,0.0,0.0,0.0,0.0,0.0,0.0,0.0,0.0,0.0,2.0,1,8.0,0.0,34643.0,42.0,0.0,1.0,0.0,0.0,1.0,0.0,1.0,0.0,0.0,3.0,1.0,191.0,0.0,0.0,0.0,25.0,1,0.0,0.0,0.0,0.0,0.6364626674865408,0.3664334401938847,0.5251475311731948,0.4324816247896279,0.5396072674773962,0.2560769239986064,0.271960323100652,0.2000854132566314,0.3604268718820905,0.3363636363636363,0,0,0,0,0,0,0,0,0,0,0,0,0,0,0,0,0,0,0,0,0,0,0,0,0,0,0,0,0,0,0,0,0,0,0,0,0,0,0,1,1,0,0,1,1,0,0,1,1,0.0,0.1567004812964963,1644.5613792911672,81.47000883214976
407.0,0.0,2043.0,0.0,0.0,0.0,0.0,0.0,0.0,0.0,0.0,0.0,10.0,0,2.0,1.0,28716.0,46.0,0.0,1.0,0.0,0.0,1.0,0.0,1.0,0.0,1.0,2.0,0.0,368.6,0.0,2.0,0.0,4.0,0,0.0,0.0,0.0,0.0,0.5088703048175532,0.5279224076504587,0.4746785480931886,0.5284349039331167,0.5678249954428667,0.3612360033033803,0.523694497695962,0.1900446965364611,0.4931073209619223,0.4844155844155844,0,0,0,0,0,0,0,0,0,0,0,0,0,0,0,0,0,0,0,0,0,0,0,0,0,0,0,0,0,1,0,0,0,0,0,0,0,0,0,1,1,1,0,1,0,1,1,1,1,0.0,0.2887088865697033,2020.4967072776788,138.93151168679742
647.0,84.0,1876.0,0.0,0.0,4000.0,0.0,0.0,0.0,1.0,1.0,0.0,5.0,1,1.0,0.0,25703.0,26.0,0.0,0.0,0.0,0.0,1.0,1.0,1.0,0.0,0.0,2.0,1.0,59.0,0.0,0.0,0.0,58.0,0,945.54927901077,1.0,0.0,0.0,0.4311855035347728,0.5168799786459666,0.5709073097937851,0.5321454552996444,0.6895588633099596,0.4597374955907671,0.4369972851524948,0.2847121065227818,0.6836479955432226,0.9935064935064936,0,0,0,0,0,0,0,0,0,0,0,0,0,0,0,0,0,0,0,0,0,0,0,0,0,0,0,0,0,0,0,0,0,0,0,0,0,0,0,1,1,1,1,1,1,1,1,0,0,0.0,0.4677823313322237,1632.1443685559536,243.65179319574463
14701.0,0.0,9258.0,2647.0,2.0,9000.0,0.0,0.0,0.0,0.0,1.0,0.0,3.0,1,13.0,0.0,45210.0,57.0,0.0,1.0,0.0,0.0,2.0,1.0,1.0,1.0,0.0,3.0,0.0,326.0,0.0,0.0,0.0,9.0,1,0.0,0.0,0.0,0.0,0.3780436451280752,0.4676273453511885,0.4428226734425416,0.3078049188749523,0.5746779530033057,0.3302572117396789,0.6314034129069668,0.4821861492392353,0.8926472210123885,1.0,0,0,0,0,0,0,0,0,0,0,0,0,0,0,0,0,0,0,0,0,0,0,0,0,0,0,0,0,0,0,0,0,0,0,0,0,0,0,0,0,0,1,1,1,1,1,1,0,0,0.0,0.3321654347673758,2947.20066376808,267.37519092910213
9160.0,5113.5,10227.0,0.0,0.0,10000.0,0.0,1.0,1.0,0.0,0.0,0.0,6.0,1,5.0,1.0,36412.0,68.0,0.0,1.0,0.0,0.0,2.0,0.0,1.0,0.0,0.0,1.0,0.0,372.0,0.0,0.0,0.0,185.0,1,0.0,0.0,1.0,1.0,0.3938735271131355,0.4903554859517195,0.4028575425293724,0.5073729106153756,0.4277561924044355,0.542818365418935,0.4339998432484167,0.1817175137441573,0.2425309710956456,0.0324675324675324,0,0,0,0,0,0,0,0,0,0,0,0,0,0,0,0,0,0,0,0,0,0,0,0,0,0,0,0,0,0,0,0,0,0,0,0,0,0,0,0,0,1,1,1,1,0,0,0,0,0.0,0.2295495667331443,1288.7213638474216,199.18003943334833
231.0,0.0,1622.0,0.0,0.0,0.0,0.0,0.0,0.0,0.0,0.0,0.0,5.0,1,2.0,1.0,28717.0,28.0,0.0,1.0,0.0,0.0,1.0,0.0,1.0,0.0,0.0,1.0,0.0,165.8,0.0,0.0,0.0,2.0,1,0.0,0.0,0.0,0.0,0.6701734919329045,0.4909217322547968,0.3464944808377254,0.5572994322100308,0.5678249954428667,0.2608715730536005,0.523694497695962,0.1900446965364611,0.5340044750611137,0.3298701298701299,0,0,0,0,0,0,0,0,0,0,0,0,0,0,0,0,0,0,0,0,0,0,0,0,0,0,0,0,0,1,0,0,0,0,0,0,0,0,0,1,1,1,1,1,1,1,1,1,1,0.0,0.3125588160168871,1849.2079639585943,125.01720838417233
453.0,93.0,1828.0,0.0,0.0,4000.0,0.0,0.0,0.0,0.0,0.0,0.0,12.0,0,4.0,0.0,34857.0,66.0,1.0,1.0,1.0,0.0,3.0,0.0,1.0,1.0,0.0,1.0,0.0,407.0,0.0,0.0,0.0,5.0,0,0.0,0.0,0.0,0.0,0.6427960786345442,0.475113325280958,0.6484135099108495,0.7859734795742167,0.5140919054837269,0.6041720821260923,0.0448922344432524,0.3335789120563299,0.7617393713623668,0.7285714285714286,0,0,0,0,0,0,0,0,0,0,0,0,0,0,0,0,0,0,0,0,0,0,0,0,0,0,0,0,0,0,0,0,0,0,0,0,0,0,0,1,1,1,1,0,0,0,0,1,1,0.0,0.1830995680766449,2065.204856824151,111.59122686322102
268.0,12.0,1655.0,0.0,0.0,1500.0,0.0,0.0,0.0,1.0,1.0,0.0,4.0,1,5.0,0.0,36761.0,24.0,0.0,1.0,0.0,0.0,1.0,0.0,1.0,0.0,0.0,3.0,2.0,109.0,0.0,0.0,0.0,3.0,0,0.0,0.0,0.0,0.0,0.5990626581799433,0.2712522291781121,0.7230690139712797,0.6170883157677641,0.3562253909863202,0.7964806291175776,0.4334521988005807,0.5215938131784703,0.409805214232689,0.409090909090909,0,0,0,0,0,0,0,0,0,0,0,0,0,0,0,0,0,0,0,0,0,0,0,0,0,0,0,0,0,0,0,0,0,0,0,0,0,0,0,1,1,1,1,0,0,1,1,1,1,0.0,0.3157984760233249,2723.484669563957,212.17082145082716
227.0,810.0,1620.0,0.0,0.0,0.0,0.0,0.0,0.0,0.0,0.0,0.0,6.0,0,4.0,0.0,31442.0,44.0,0.0,1.0,0.0,0.0,1.0,0.0,0.0,0.0,1.0,2.0,0.0,94.0,0.0,0.0,0.0,2.0,1,0.0,0.0,0.0,0.0,0.5184942192913109,0.377984567504604,0.7402170086195182,0.4220073451819008,0.6882157366811439,0.2089114385107398,0.5248204338897747,0.441241786478137,0.5316370669015563,0.6363636363636364,0,0,0,0,0,0,0,0,0,0,0,0,0,0,0,0,0,0,0,0,0,0,0,0,0,0,0,0,0,0,0,0,0,0,0,0,0,0,0,1,1,1,1,1,1,1,1,1,0,0.0,0.3695724552389537,1883.7090731981125,163.49081747222192
432.0,0.0,2038.0,69.0,1.0,6000.0,0.0,0.0,0.0,1.0,0.0,0.0,4.0,1,5.0,1.0,30126.0,52.0,1.0,1.0,0.0,0.0,1.0,0.0,1.0,1.0,0.0,3.0,0.0,297.0,0.0,0.0,0.0,72.0,0,731.4947321575773,1.0,0.0,0.0,0.3442729443246402,0.2722219868298651,0.5507579620745044,0.3338409069950755,0.6590184859666202,0.6868850749723201,0.7546216514702482,0.8638362968074653,0.4302426523244885,0.8051948051948052,0,0,0,0,0,0,0,0,0,0,0,0,0,0,0,0,0,0,0,0,0,0,0,0,0,0,0,0,0,0,0,0,0,0,0,0,0,0,0,1,1,0,0,1,1,0,0,0,0,0.0,0.2271452332549119,1154.2479359541856,195.5894862925924
1824.0,0.0,2794.0,0.0,0.0,0.0,0.0,0.0,0.0,0.0,0.0,0.0,6.0,1,2.0,1.0,27357.0,52.0,0.0,1.0,0.0,0.0,1.0,0.0,1.0,0.0,0.0,2.0,0.0,383.0,0.0,0.0,0.0,4.0,1,5620.507789129148,1.0,0.0,0.0,0.1332465359082165,0.387894301514001,0.7798595556089459,0.647594239783615,0.0877223053710549,0.0182486198088709,0.5917366609842525,0.4248844070648497,0.332332957780321,0.448051948051948,0,0,0,0,0,0,0,0,0,0,0,0,0,0,0,0,0,0,0,0,0,0,0,0,0,0,0,0,0,0,0,0,0,0,0,0,0,0,0,0,0,1,1,0,0,1,1,1,1,0.0,0.1225624335112457,2713.924022524412,59.14202809912165
227.0,0.0,1620.0,0.0,0.0,0.0,0.0,0.0,0.0,0.0,0.0,0.0,4.0,1,3.0,0.0,29642.0,38.0,0.0,1.0,0.0,0.0,1.0,0.0,1.0,0.0,0.0,2.0,0.0,212.0,0.0,0.0,0.0,25.0,0,0.0,0.0,0.0,0.0,0.6751618389973756,0.445274153418505,0.1615290907111473,0.2225201236944963,0.6129736990530913,0.2565224599204748,0.0759637265034907,0.5751768911061758,0.0066408685233893,0.4090909090909091,0,0,0,0,0,0,0,0,0,0,0,0,0,0,0,0,0,0,0,0,0,0,0,0,0,0,0,0,0,0,0,0,0,0,0,0,0,0,0,1,1,0,0,1,1,0,0,0,0,0.0,0.1674091087103636,1185.972825356116,53.61331498059679
507.0,0.0,1840.0,0.0,0.0,0.0,0.0,0.0,0.0,1.0,0.0,0.0,7.0,1,5.0,0.0,32957.4,26.0,1.0,1.0,0.0,0.0,1.0,0.0,1.0,0.0,0.0,2.0,0.0,354.0,0.0,0.0,0.0,3.0,0,452.8308230010087,1.0,0.0,0.0,0.359939804636821,0.2710432142158462,0.7933979724530271,0.5326696408610406,0.3429547884914011,0.4123810226708957,0.689146697848616,0.5751902638558957,0.151885081911946,0.7337662337662337,0,0,0,0,0,0,0,0,0,0,0,0,0,0,0,0,1,0,0,0,0,0,0,0,0,0,0,0,0,0,0,0,0,0,0,0,0,0,0,0,0,1,1,1,1,1,1,0,0,0.0,0.3155891108817066,2432.717769302598,188.7102914977282
4268.0,2420.0,2420.0,0.0,0.0,5000.0,0.0,0.0,0.0,1.0,0.0,0.0,7.0,0,4.0,0.0,27091.0,48.0,0.0,1.0,0.0,0.0,2.0,0.0,1.0,0.0,0.0,2.0,0.0,384.0,0.0,0.0,0.0,4.0,0,1495.12748718427,1.0,0.0,0.0,0.4962379596079513,0.5828965217319035,0.90232837231685,0.9825453962685576,0.6925718238943944,0.732379247801618,0.4187470416831241,0.3257888545839248,0.4689491810601278,0.2662337662337662,0,0,0,0,0,0,0,0,0,0,0,0,0,0,0,0,0,0,0,0,0,0,0,0,0,0,0,0,0,0,0,0,0,0,0,0,0,0,0,1,1,0,0,0,0,1,1,1,1,0.0,0.2429313472214588,2768.223153501347,150.58037457638576
301.0,0.0,3835.0,0.0,0.0,1500.0,0.0,0.0,0.0,1.0,0.0,0.0,8.0,1,5.0,0.0,25001.0,26.0,0.0,1.0,0.0,0.0,1.0,0.0,1.0,0.0,0.0,2.0,0.0,116.0,0.0,0.0,0.0,11.0,0,0.0,0.0,0.0,0.0,0.6771079268836392,0.6931403327006393,0.6607318955611723,0.4707999230977154,0.5199113496665151,0.3293315698640587,0.6573692747449986,0.6297259560896097,0.8641419406457419,0.7532467532467533,0,0,0,0,0,0,0,0,0,0,0,0,0,0,0,0,0,0,0,0,0,0,0,0,0,0,0,0,0,0,0,0,0,0,0,0,0,0,0,1,1,1,1,1,1,1,1,0,0,0.0,0.3422248909836148,1739.5090933666045,301.33444387964926
227.0,0.0,1620.0,0.0,0.0,0.0,0.0,0.0,0.0,0.0,1.0,0.0,6.0,1,3.0,0.0,27256.0,61.0,0.0,1.0,0.0,0.0,1.0,0.0,1.0,0.0,0.0,1.0,0.0,87.0,0.0,0.0,0.0,4.0,0,0.0,0.0,0.0,0.0,0.3659573064971615,0.2881635625563857,0.7850169593034998,0.8365794707737422,0.5925416162366074,0.2508778011527501,0.6238926449345132,0.4737975371688406,0.3839436868896243,0.435064935064935,0,0,0,0,0,0,0,0,0,0,0,0,0,0,0,0,0,0,0,0,0,0,0,0,0,0,0,0,0,0,0,0,0,0,0,0,0,0,0,0,0,0,0,1,1,1,1,1,1,0.0,0.1998911297319384,1836.4932311960868,97.60371222377854
1831.0,642.0,2140.0,0.0,0.0,3500.0,0.0,0.0,0.0,1.0,0.0,0.0,3.0,1,11.0,1.0,27407.0,61.0,1.0,1.0,0.0,0.0,1.0,0.0,1.0,1.0,0.0,1.0,0.0,112.0,0.0,0.0,0.0,84.0,1,0.0,0.0,1.0,0.0,0.5579810078942486,0.6662443988925772,0.5542200076870945,0.4215702456077654,0.1975676417237934,0.2739233536474538,0.3998814627680425,0.4364704791919725,0.7637777544986919,0.3155844155844155,0,0,0,0,0,0,0,0,0,0,0,0,0,0,0,0,0,0,0,0,0,0,0,0,0,0,0,0,0,0,0,0,0,0,0,0,0,0,0,1,1,1,1,0,0,1,1,1,1,0.0,0.327826777723461,1240.8893811602345,210.90302893686783
991.0,0.0,2143.0,0.0,0.0,0.0,0.0,0.0,0.0,0.0,0.0,0.0,5.0,1,3.0,1.0,31864.0,32.0,1.0,1.0,0.0,0.0,1.0,0.0,1.0,0.0,0.0,2.0,0.0,435.0,0.0,0.0,0.0,3.0,1,0.0,0.0,0.0,0.0,0.5254377797441283,0.5517155747181681,0.8031904325071035,0.9478343468711118,0.6630282231745135,0.1872206248060272,0.4882741167917134,0.4984169990142734,0.4082002104947341,0.5493506493506493,0,0,0,0,0,0,0,0,0,0,0,0,0,0,0,0,0,0,0,0,0,0,0,0,0,0,0,0,0,0,0,0,0,0,0,0,0,0,0,1,1,0,0,1,1,1,1,1,1,0.0,0.238396069442427,1692.4350613833622,180.88676254532578
227.0,0.0,1620.0,0.0,0.0,0.0,0.0,0.0,0.0,0.0,0.0,0.0,5.0,1,4.0,0.0,30839.0,20.0,0.0,1.0,0.0,0.0,1.0,0.0,1.0,0.0,0.0,1.0,0.0,205.0,0.0,0.0,0.0,4.0,1,0.0,0.0,0.0,0.0,0.5111502828909151,0.7689870722044041,0.5364516645033821,0.2448521434715957,0.6125112456124735,0.3346702300987721,0.3544750610310969,0.4792325971054163,0.233809608510403,0.435064935064935,0,0,0,0,0,0,0,0,0,0,0,0,0,0,0,0,1,0,0,0,0,0,0,0,0,0,0,0,0,0,0,0,0,0,0,0,0,0,0,1,1,0,0,1,1,1,1,0,0,0.0,0.2244981565015069,1444.4223386953322,118.76433488788115
1386.0,154.0,6204.0,935.0,1.0,10000.0,0.0,1.0,0.0,1.0,0.0,0.0,6.0,1,16.0,1.0,28673.0,34.0,1.0,0.0,0.0,0.0,1.0,0.0,1.0,1.0,0.0,2.0,0.0,284.0,0.0,0.0,0.0,70.0,1,3006.0064342106275,1.0,0.0,0.0,0.3939773681491332,0.517198192654363,0.5320799322060805,0.6853782189584716,0.5377563924311992,0.1542060748126532,0.3761398219463454,0.4242374197345285,0.5095868297016641,0.612987012987013,0,0,0,0,0,0,0,0,0,0,0,0,0,0,0,0,0,0,0,0,0,0,0,0,0,0,0,0,0,0,0,0,0,0,0,0,0,0,0,1,1,1,1,0,0,1,1,1,1,1.0,0.5004915515391275,1490.5322308989107,359.5250355265298
6287.0,1179.0,4445.0,0.0,0.0,2500.0,0.0,0.0,0.0,0.0,1.0,0.0,5.0,0,8.0,0.0,32114.0,73.0,1.0,1.0,0.0,0.0,2.0,0.0,1.0,0.0,0.0,1.0,0.0,384.0,0.0,0.0,0.0,51.0,1,0.0,0.0,1.0,0.0,0.2995514751663221,0.2956212917641674,0.4020938680369658,0.4094656274861446,0.325719835113598,0.2718669963813995,0.4343436235976186,0.5896556192523323,0.2658840993330758,0.0909090909090909,0,0,0,0,0,0,0,0,0,0,0,0,0,0,0,0,0,0,0,0,0,0,0,0,0,0,0,0,0,0,0,0,0,0,0,0,0,0,0,1,1,1,1,0,0,1,1,0,0,0.0,0.2684856734446737,1118.506445288155,188.3697929383571
341.0,48.0,1642.0,0.0,0.0,0.0,0.0,0.0,0.0,0.0,0.0,0.0,4.0,1,6.0,0.0,40900.0,33.0,0.0,1.0,0.0,0.0,1.0,0.0,1.0,0.0,0.0,3.0,2.0,278.0,0.0,0.0,0.0,4.0,0,0.0,0.0,0.0,0.0,0.4736431173020387,0.433571561460268,0.6001675918915577,0.5880409674219685,0.5382186147772896,0.2052485827752831,0.8968210187768763,0.8488950859491861,0.3466960845199222,0.3168831168831169,0,0,0,0,0,0,0,0,0,0,0,0,0,0,0,0,0,0,0,0,0,0,0,0,0,0,0,0,0,0,0,0,0,0,0,0,0,0,0,1,1,1,1,1,1,0,0,1,1,0.0,0.1952807419372152,2278.24599898013,93.9404796389815
2468.0,23.0,4035.0,0.0,0.0,1500.0,0.0,0.0,0.0,0.0,0.0,0.0,7.0,0,2.0,1.0,27347.0,68.0,1.0,1.0,0.0,0.0,2.0,0.0,1.0,0.0,0.0,1.0,0.0,386.0,0.0,2.0,0.0,50.0,1,0.0,0.0,1.0,0.0,0.6813261201430978,0.7259779219911108,0.0698693590430134,0.2281248654687192,0.4912398849078191,0.3515414223602626,0.6862338152619074,0.4692575494830282,0.4419368469260304,0.7272727272727273,0,0,0,0,0,0,0,0,0,0,0,0,0,0,0,0,0,0,0,0,0,0,0,0,0,0,0,0,0,0,0,0,0,0,0,0,0,0,0,1,1,0,0,1,1,1,1,0,0,0.0,0.1140309970805225,834.336511525332,76.16313927855897
245.0,2336.5,4673.0,0.0,0.0,2500.0,0.0,0.0,0.0,1.0,0.0,0.0,4.0,0,8.0,0.0,20488.0,46.0,0.0,0.0,0.0,0.0,1.0,0.0,1.0,1.0,1.0,2.0,0.0,154.0,0.0,1.0,0.0,25.0,1,0.0,1.0,0.0,0.0,0.3822229351656957,0.3740180985648459,0.8776150520786639,0.9368030872235472,0.511998555340768,0.3125657175321996,0.6573692747449986,0.4951977249579968,0.3833392951862093,0.6519480519480518,0,0,0,0,0,0,0,0,0,0,0,0,0,0,0,0,0,0,0,0,0,0,0,0,0,0,0,0,0,0,0,0,0,0,0,0,0,0,0,1,1,0,0,1,1,1,1,1,1,0.0,0.2385732390218521,1592.8227997405463,152.52636222805504
233.0,815.5,1631.0,0.0,0.0,0.0,0.0,0.0,0.0,1.0,1.0,0.0,1.0,1,9.0,0.0,37387.0,23.0,0.0,1.0,0.0,0.0,1.0,1.0,1.0,0.0,0.0,2.0,0.0,40.0,0.0,0.0,0.0,4.0,0,0.0,0.0,0.0,0.0,0.5430407874734081,0.339207488640547,0.6823487981624152,0.5360078110052373,0.6630099611764855,0.3593172495603259,0.7752204413187435,0.3935296736207659,0.3886300301502146,0.3857142857142857,0,0,0,0,0,0,0,0,0,0,0,0,0,0,0,0,0,0,0,0,0,0,0,0,0,0,0,0,0,0,0,0,0,0,0,0,0,0,0,1,1,1,1,1,1,0,0,1,1,0.0,0.2558767800722172,2118.4677953810124,166.0747205471305
1761.0,0.0,2030.0,0.0,0.0,0.0,0.0,0.0,0.0,0.0,0.0,0.0,8.0,1,6.0,0.0,26462.0,47.0,1.0,1.0,0.0,0.0,1.0,1.0,1.0,0.0,0.0,3.0,0.0,393.0,0.0,0.0,0.0,3.0,1,0.0,0.0,0.0,0.0,0.9329156620805162,0.7751286405223579,0.6035717928725107,0.4982055273035216,0.4259621667805185,0.1455282925828477,0.7156962415003626,0.5794600811670596,0.7830389441404445,0.2857142857142857,0,0,0,0,0,0,0,0,0,0,0,0,0,0,0,0,0,0,0,0,0,0,0,0,0,0,0,0,0,0,0,0,0,0,0,0,0,0,0,0,0,1,1,1,1,1,1,0,0,0.0,0.2538372459130152,1850.3766635345464,173.80291199904113
529.0,91.0,1669.0,0.0,0.0,7000.0,0.0,0.0,0.0,1.0,0.0,0.0,10.0,1,0.0,0.0,31542.0,33.0,1.0,1.0,0.0,0.0,1.0,0.0,1.0,0.0,0.0,2.0,0.0,290.0,0.0,0.0,0.0,45.0,0,0.0,0.0,0.0,0.0,0.3287640273370004,0.4730508164624654,0.2637124821124955,0.4555343665484582,0.5227961116424604,0.4865840773216601,0.4656718384399693,0.1170556861117554,0.5009422493974115,0.7233766233766235,0,0,0,0,0,0,0,0,0,0,0,0,0,0,0,0,0,0,0,0,0,0,0,0,0,0,0,0,0,0,0,0,0,0,0,0,0,0,0,1,1,0,0,1,1,0,0,1,1,0.0,0.2837426496022138,1292.586375225299,180.91820983453457
5199.0,532.0,4159.0,178.0,1.0,4500.0,1.0,1.0,1.0,1.0,1.0,0.0,9.0,1,4.0,1.0,33941.0,41.0,1.0,1.0,0.0,0.0,2.0,0.0,1.0,1.0,0.0,3.0,3.0,431.0,0.0,2.0,0.0,90.0,1,2744.8168711957173,1.0,0.0,0.0,0.3260537841990786,0.1650367492041269,0.3238085107411492,0.6360496554799462,0.2745959030517266,0.9112782228628,0.5225569616850345,0.9128466977690112,0.4068841666050143,0.2376623376623376,0,0,0,0,0,0,0,0,0,0,0,0,0,0,0,0,0,0,0,0,0,0,0,0,0,0,0,0,0,0,0,0,0,0,0,0,0,0,0,0,0,1,1,0,0,0,0,1,1,0.0,0.3890433752934178,1998.5405862646571,323.3958559103764
3400.0,423.0,6331.0,0.0,0.0,0.0,0.0,0.0,0.0,0.0,0.0,0.0,7.0,1,4.0,1.0,34552.0,51.0,1.0,1.0,0.0,0.0,2.0,0.0,1.0,0.0,0.0,3.0,0.0,57.0,0.0,0.0,0.0,3.0,0,0.0,0.0,0.0,0.0,0.536300221155803,0.5048218434555916,0.2817201794554623,0.6627754684828358,0.5894583966403641,0.5806862225643271,0.5324992860671295,0.3277134050559477,0.3994233569416907,0.5831168831168831,0,0,0,0,0,0,0,0,0,0,0,0,0,0,0,0,0,0,0,0,0,0,0,0,0,0,0,0,0,0,0,0,0,0,0,0,0,0,0,1,1,0,0,1,1,1,1,1,1,0.0,0.3408126698851991,3606.043061828533,278.36962630391434
361.0,19.0,3771.0,1233.0,2.0,10000.0,0.0,0.0,0.0,1.0,0.0,0.0,4.0,1,3.0,1.0,30796.0,38.0,0.0,1.0,0.0,0.0,1.0,0.0,0.0,0.0,0.0,2.0,0.0,214.0,0.0,0.0,0.0,22.0,0,0.0,0.0,0.0,0.0,0.5062932971035229,0.5121130377275632,0.5779243069015563,0.5307455064582752,0.5713459969023689,0.3368567264088701,0.3234693091956727,0.1528966950809162,0.4736268194931818,0.512987012987013,0,0,0,0,0,0,0,0,0,0,0,0,0,0,0,0,0,0,0,0,0,0,0,0,0,0,0,0,0,0,0,0,0,0,0,0,0,0,0,1,1,1,1,1,1,1,1,1,0,0.0,0.3073184676958261,1937.1903459204875,266.556958243725
1198.0,383.0,1782.0,0.0,0.0,5000.0,0.0,0.0,0.0,1.0,1.0,0.0,5.0,0,8.0,0.0,29606.0,38.0,1.0,1.0,0.0,0.0,1.0,0.0,1.0,1.0,0.0,3.0,0.0,237.0,0.0,0.0,0.0,5.0,1,0.0,0.0,0.0,0.0,0.0053175066278121,0.0695048105609395,0.6188015287371751,0.5934542046081767,0.4995944710025075,0.4676112972203985,0.9514154720561474,0.8229716851811963,0.8096342175429149,0.4935064935064935,0,0,0,0,0,0,0,0,0,0,0,0,0,0,0,0,0,0,0,0,0,0,0,0,0,0,0,0,0,0,0,0,0,0,0,0,0,0,0,0,0,1,1,0,0,0,0,1,1,0.0,0.2435162182716695,1605.0333526675622,122.72617561328934
227.0,810.0,1620.0,0.0,0.0,0.0,0.0,0.0,0.0,0.0,1.0,0.0,7.0,1,3.0,0.0,21938.0,55.0,0.0,0.0,0.0,0.0,0.0,0.0,1.0,0.0,0.0,2.0,0.0,179.2,0.0,1.0,0.0,4.0,1,0.0,0.0,0.0,0.0,0.5555486272200607,0.4887306236082177,0.6643287264839325,0.4707999230977154,0.446527107461657,0.4448135258356258,0.6573692747449986,0.6739558870234131,0.4082002104947341,0.3116883116883117,0,0,0,0,0,0,0,0,0,0,0,0,0,0,0,0,0,0,0,0,0,0,0,0,0,0,0,0,0,1,0,0,0,0,0,0,0,0,0,1,1,1,1,1,1,1,1,1,0,0.0,0.2068432988086904,1594.9221335772943,67.32393458787249
419.0,845.0,1690.0,0.0,0.0,0.0,0.0,0.0,0.0,0.0,1.0,0.0,7.0,1,1.0,0.0,38005.0,48.0,1.0,1.0,0.0,0.0,1.0,0.0,1.0,0.0,0.0,3.0,0.0,330.0,0.0,0.0,0.0,3.0,1,0.0,0.0,0.0,0.0,0.5816237627525298,0.40012988923626,0.7230690139712797,0.6170883157677641,0.6497101867541663,0.3335500065418476,0.4963826258570331,0.5033721610425819,0.261536117771944,0.6168831168831169,0,0,0,0,0,0,0,0,0,0,0,0,0,0,0,0,0,0,0,0,0,0,0,0,0,0,0,0,0,0,0,0,0,0,0,0,0,0,0,1,1,1,1,1,1,1,1,0,0,0.0,0.1540344629110007,1900.6284679618504,62.48818829153975
227.0,810.0,1620.0,0.0,0.0,0.0,0.0,0.0,0.0,0.0,0.0,0.0,9.0,1,8.0,0.0,31171.0,56.0,0.0,1.0,0.0,0.0,1.0,0.0,1.0,1.0,0.0,1.0,0.0,350.0,0.0,0.0,0.0,62.0,1,0.0,0.0,1.0,0.0,0.5510479897519478,0.4429434378199491,0.6123549434002609,0.4476017963170192,0.7653966683054665,0.2335379417286069,0.4213561279416019,0.459753059186248,0.6049785012347952,0.3493506493506493,0,0,0,0,0,0,0,0,0,0,0,0,0,0,0,0,0,0,0,0,0,0,0,0,0,0,0,0,0,0,0,0,0,0,0,0,0,0,0,1,1,1,1,1,1,1,1,1,1,0.0,0.453460647363271,1021.1457266112034,209.0092822130066
672.0,82.0,2001.0,0.0,0.0,3000.0,0.0,0.0,0.0,0.0,0.0,0.0,2.0,1,7.0,1.0,30753.0,50.0,0.0,1.0,0.0,0.0,1.0,0.0,1.0,0.0,0.0,3.0,0.0,211.0,0.0,0.0,0.0,95.0,1,0.0,0.0,0.0,0.0,0.5264965575209111,0.3735851149637026,0.6446377686924011,0.3163905927760287,0.192967454873963,0.0753550559524508,0.5448975262581599,0.5391185077102586,0.6122747846970226,0.7012987012987013,0,0,0,0,0,0,0,0,0,0,0,0,0,0,0,0,0,0,0,0,0,0,0,0,0,0,0,0,0,0,0,0,0,0,0,0,0,0,0,1,1,0,0,0,0,1,1,1,1,0.0,0.2265473989551951,1476.5768639815549,190.3494015792239
266.0,1805.0,3610.0,0.0,2.0,9000.0,0.0,0.0,0.0,1.0,1.0,0.0,9.0,1,5.0,1.0,24783.0,31.0,1.0,0.0,0.0,0.0,1.0,0.0,1.0,0.0,0.0,3.0,0.0,185.0,0.0,0.0,0.0,68.0,0,0.0,0.0,0.0,0.0,0.0443799302571904,0.1175833591026242,0.5290672308086192,0.5645148662182955,0.5486014151377516,0.4528082680502455,0.4763523055830675,0.2740987187386351,0.4267226162534165,0.712987012987013,0,0,0,0,0,0,0,0,0,0,0,0,0,0,0,0,0,0,0,0,0,0,0,0,0,0,0,0,0,0,0,0,0,0,0,0,0,0,0,0,0,1,1,1,1,1,1,1,1,0.0,0.4344408424563836,1287.9539378016068,298.82741243547076
1163.0,0.0,1975.0,0.0,0.0,0.0,0.0,0.0,0.0,0.0,0.0,0.0,3.0,0,1.0,0.0,29151.0,57.0,0.0,1.0,0.0,0.0,1.0,0.0,1.0,0.0,0.0,1.0,0.0,231.0,0.0,0.0,0.0,1.0,1,0.0,0.0,0.0,0.0,0.1648698963057488,0.4587243846259428,0.7242516870000941,0.6809270070376547,0.5678249954428667,0.4563412065626951,0.604614821861117,0.4004918152202946,0.2673645929648043,0.5714285714285714,0,0,0,0,0,0,0,0,0,0,0,0,0,0,0,0,0,0,0,0,0,0,0,0,0,0,0,0,0,0,0,0,0,0,0,0,0,0,0,0,0,0,0,1,1,1,1,0,0,0.0,0.1497821719370327,3315.4243901749514,101.24508199947846
570.0,142.0,1650.0,0.0,0.0,0.0,0.0,0.0,0.0,0.0,1.0,0.0,1.0,1,0.0,0.0,29150.0,16.0,0.0,1.0,0.0,0.0,1.0,0.0,1.0,0.0,0.0,1.0,0.0,163.0,0.0,0.0,0.0,3.0,1,0.0,0.0,0.0,0.0,0.4646116436147293,0.3823947843389643,0.3989583076608108,0.4961164761623068,0.8009161006020316,0.8655605344427971,0.4354127146886674,0.2195647852928601,0.5440783804655385,0.4480519480519481,0,0,0,0,0,0,0,0,0,0,0,0,0,0,0,0,0,0,0,0,0,0,0,0,0,0,0,0,0,0,0,0,0,0,0,0,0,0,0,0,0,1,1,0,0,1,1,1,1,0.0,0.2343255350920856,1869.2963497397443,125.06300715949175
303.0,1078.5,2157.0,0.0,0.0,4000.0,0.0,0.0,0.0,0.0,0.0,0.0,5.0,1,4.0,0.0,36506.0,56.0,1.0,1.0,0.0,0.0,1.0,0.0,1.0,0.0,0.0,1.0,0.0,350.0,0.0,0.0,0.0,41.0,1,0.0,0.0,1.0,0.0,0.5426443153342468,0.5680990894741902,0.832448468188524,0.8317881767659118,0.4547765255897357,0.3916832509984079,0.4232847892813163,0.2715132978264506,0.7449342923467157,0.683116883116883,0,0,0,0,0,0,0,0,0,0,0,0,0,0,0,0,0,0,0,0,0,0,0,0,0,0,0,0,0,0,0,0,0,0,0,0,0,0,0,1,1,0,0,1,1,1,1,1,1,0.0,0.2467909460434891,1605.6291640238976,150.10174507336328
227.0,810.5,1621.0,0.0,0.0,0.0,0.0,0.0,0.0,1.0,1.0,0.0,5.0,1,5.0,0.0,33108.0,23.0,0.0,1.0,0.0,0.0,1.0,0.0,1.0,0.0,0.0,2.0,0.0,309.0,0.0,0.0,0.0,4.0,1,0.0,0.0,0.0,0.0,0.5474327136863406,0.9820942181676016,0.7427500059248355,0.6165516079145742,0.7539246311106191,0.3655029133545974,0.6271195750202607,0.0660158160874416,0.5301873376646735,0.3779220779220779,0,0,0,0,0,0,0,0,0,0,0,0,0,0,0,0,0,0,0,0,0,0,0,0,0,0,0,0,0,0,0,0,0,0,0,0,0,0,0,0,0,1,1,1,1,0,0,1,1,0.0,0.1736156815304077,1538.3767240418697,94.14334329634485
4573.0,3226.0,6452.0,0.0,1.0,3000.0,0.0,0.0,1.0,0.0,1.0,0.0,8.0,1,5.0,0.0,27523.0,52.0,1.0,1.0,0.0,0.0,3.0,0.0,1.0,1.0,0.0,3.0,0.0,440.0,0.0,0.0,0.0,42.0,0,11764.079354530037,1.0,0.0,1.0,0.6776915444601503,0.7716762380232952,0.2953159868173369,0.2857790758008689,0.8550599188364012,0.5683677491292574,0.4856150925034551,0.3859689339991645,0.3440434671503099,0.8116883116883117,0,0,0,0,0,0,0,0,0,0,0,0,0,0,0,0,0,0,0,0,0,0,0,0,0,0,0,0,0,0,0,0,0,0,0,0,0,0,0,0,0,0,0,0,0,0,0,0,0,0.0,0.3727237474306211,2483.6812576931,290.6303971797745
3620.0,953.0,3461.0,0.0,0.0,4000.0,0.0,0.0,0.0,1.0,0.0,0.0,5.0,0,10.0,0.0,32475.0,61.0,1.0,1.0,0.0,0.0,1.0,0.0,1.0,1.0,1.0,1.0,0.0,350.0,0.0,0.0,0.0,4.0,1,0.0,0.0,1.0,0.0,0.5272537501829,0.3691701661559061,0.4018087784962243,0.4863653995927886,0.4727814153435326,0.3153344301585632,0.5479946026394859,0.5837980879703468,0.7692354703445726,0.3701298701298701,0,0,0,0,0,0,0,0,0,0,0,0,0,0,0,0,0,0,0,0,0,0,0,0,0,0,0,0,0,0,0,0,0,0,0,0,0,0,0,1,1,1,1,1,1,1,1,0,0,0.0,0.3566440995167835,2212.441564699611,244.80335802307906
534.0,86.0,1701.0,0.0,0.0,0.0,0.0,0.0,0.0,0.0,1.0,0.0,8.0,1,3.0,0.0,28746.0,29.0,0.0,1.0,0.0,0.0,1.0,0.0,1.0,0.0,0.0,3.0,0.0,393.0,0.0,0.0,0.0,29.0,0,0.0,0.0,0.0,0.0,0.6889577992434504,0.8418311958052359,0.3464944808377254,0.5572994322100308,0.5678249954428667,0.4363525024102443,0.523694497695962,0.1900446965364611,0.8276188236607526,0.7597402597402597,0,0,0,0,0,0,0,0,0,0,0,0,0,0,0,0,0,0,0,0,0,0,0,0,0,0,0,0,0,0,0,0,0,0,0,0,0,0,0,0,0,1,1,1,1,1,1,0,0,0.0,0.2749373729654439,1495.9221424718478,117.55411538833103
1711.0,508.0,2454.0,0.0,0.0,15000.0,0.0,0.0,0.0,0.0,1.0,0.0,10.0,1,8.0,0.0,41058.0,49.0,1.0,0.0,0.0,0.0,2.0,0.0,0.0,1.0,0.0,3.0,1.0,181.0,0.0,0.0,0.0,40.0,1,0.0,0.0,0.0,0.0,0.245039870772718,0.4533594694406509,0.326984708856147,0.3965441489511331,0.5154920452248165,0.7325542491197183,0.6607289812067568,0.54391054444847,0.5878781922186402,0.574025974025974,0,0,0,0,0,0,0,0,0,0,0,0,0,0,0,0,0,0,0,0,0,0,0,0,0,0,0,0,0,0,0,0,0,0,0,0,0,0,0,1,1,1,1,1,1,1,1,1,1,0.0,0.2983281639457254,1161.3362710969402,157.85704594817827
227.0,0.0,1817.0,1586.0,5.0,0.0,0.0,0.0,0.0,1.0,1.0,0.0,6.0,1,0.0,0.0,35657.0,40.0,0.0,1.0,0.0,0.0,1.0,0.0,1.0,1.0,0.0,3.0,4.0,158.0,0.0,0.0,0.0,167.0,0,0.0,0.0,0.0,0.0,0.3772758262039363,0.5902149128491301,0.7756658667329128,0.6493930240607158,0.6161840197733466,0.4590382006854221,0.1363224146993601,0.1919592240930522,0.3575012150546365,0.274025974025974,0,0,0,0,0,0,0,0,0,0,0,0,0,0,0,0,0,0,0,0,0,0,0,0,0,0,0,0,0,0,0,0,0,0,0,0,0,0,0,1,1,1,1,1,1,0,0,1,1,0.0,0.1965758985547107,2222.529677294912,146.7746102873832
932.0,218.0,2490.0,961.0,4.0,15000.0,0.0,0.0,0.0,1.0,0.0,0.0,9.0,1,8.0,1.0,29832.0,31.0,0.0,1.0,0.0,0.0,1.0,0.0,1.0,1.0,0.0,3.0,2.0,136.0,0.0,0.0,0.0,85.0,0,0.0,0.0,0.0,0.0,0.5017920103260807,0.4657494909272118,0.3830104737672402,0.5869199000783236,0.5003972441838463,0.4064320294425295,0.4635253869724589,0.678290809246162,0.176780975371236,0.422077922077922,0,0,0,0,0,0,0,0,0,0,0,0,0,0,0,0,0,0,0,0,0,0,0,0,0,0,0,0,0,0,0,0,0,0,0,0,0,0,0,1,1,1,1,1,1,1,1,0,0,0.0,0.3804425307329485,1642.5566301919705,427.7134888762644
6309.0,2500.0,4772.0,438.0,1.0,15000.0,0.0,0.0,0.0,1.0,0.0,0.0,8.0,1,11.0,1.0,49945.0,48.0,1.0,1.0,0.0,0.0,2.0,0.0,0.0,1.0,0.0,2.0,0.0,650.0,0.0,0.0,0.0,34.0,1,0.0,0.0,0.0,0.0,0.4532123151286226,0.5100137272057592,0.4587919147584845,0.5557993992570703,0.52445034581463,0.5741044376256097,0.6105904247376583,0.4711736141038088,0.5262112458672108,0.7324675324675325,0,0,0,0,0,0,0,0,0,0,0,0,0,0,0,0,0,0,0,0,0,0,0,0,0,0,0,0,0,0,0,0,0,0,0,0,0,0,0,1,1,1,1,1,1,1,1,1,1,0.0,0.4403642627083147,1706.3639702369514,396.34229852167323
227.0,810.0,1620.0,0.0,0.0,0.0,0.0,0.0,0.0,0.0,0.0,0.0,5.0,1,6.0,0.0,30124.0,24.0,1.0,1.0,0.0,0.0,0.0,0.0,1.0,0.0,0.0,1.0,0.0,137.0,0.0,0.0,0.0,2.0,1,0.0,0.0,0.0,0.0,0.704669856203691,0.463439683343709,0.3989583076608108,0.9999999000000004,0.6007658970934492,0.3227189265583673,0.4715290487738479,0.5539435429879901,0.4109924146337425,0.3441558441558442,0,0,0,0,0,0,0,0,0,0,0,0,0,0,0,0,0,0,0,0,0,0,0,0,0,0,0,0,0,1,0,0,0,0,0,0,0,0,0,1,1,1,0,1,1,1,1,1,1,0.0,0.2666554960903873,1305.0135557495246,152.5237933798103
1910.0,702.0,1927.0,0.0,0.0,3500.0,0.0,0.0,0.0,1.0,0.0,0.0,6.0,1,6.0,0.0,32502.0,41.0,1.0,1.0,0.0,0.0,1.0,0.0,1.0,0.0,0.0,2.0,0.0,556.0,0.0,0.0,0.0,4.0,1,0.0,0.0,0.0,0.0,0.9931835887648937,0.5102993651026985,0.3413913860830581,0.5500517166369502,0.9466278603793588,0.3781907808979784,0.8016918006856624,0.0966696243257593,0.8771452853842163,0.6402597402597403,0,0,0,0,0,0,0,0,0,0,0,0,0,0,0,0,0,0,0,0,0,0,0,0,0,0,0,0,0,0,0,0,0,0,0,0,0,0,0,0,0,1,1,0,0,0,0,1,1,0.0,0.3019681216091984,1791.6543983854162,148.16894637598233
1257.0,41.0,2374.0,0.0,0.0,0.0,0.0,0.0,0.0,0.0,1.0,0.0,10.0,1,7.0,0.0,31135.0,47.0,1.0,1.0,0.0,0.0,1.0,0.0,1.0,0.0,0.0,2.0,0.0,611.0,0.0,1.0,0.0,4.0,0,4241.836155101085,1.0,0.0,0.0,0.1883052228911372,0.2111750547329367,0.5116599485446264,0.4085107329956615,0.4445427986715929,0.3899868011734075,0.229052983505253,0.5772629970169652,0.2271562994394226,0.525974025974026,0,0,0,0,0,0,0,0,0,0,0,0,0,0,0,0,0,0,0,0,0,0,0,0,0,0,0,0,0,0,0,0,0,0,0,0,0,0,0,0,0,1,1,1,1,0,0,0,0,0.0,0.3289656559441197,2660.0467907464017,173.56717632235748
458.0,847.5,1695.0,0.0,0.0,0.0,0.0,0.0,0.0,0.0,0.0,0.0,5.0,0,3.0,0.0,25689.0,79.0,0.0,1.0,0.0,0.0,1.0,0.0,1.0,0.0,0.0,1.0,0.0,276.0,0.0,0.0,0.0,13.0,0,0.0,0.0,1.0,0.0,0.9465086722620104,0.7229266438614084,0.8587291247017818,0.2468655644504279,0.4259621667805185,0.2696157658995589,0.778504255630015,0.7437887783619044,0.373290452368578,0.4038961038961038,0,0,0,0,0,0,0,0,0,0,0,0,0,0,0,0,0,0,0,0,0,0,0,0,0,0,0,0,0,0,0,0,0,0,0,0,0,0,0,0,0,0,0,1,1,1,1,1,1,0.0,0.1832048892268226,1384.6766650943423,95.37781389188818
485.0,31.0,3720.0,558.0,3.0,0.0,0.0,0.0,0.0,0.0,0.0,0.0,3.0,1,10.0,1.0,32449.0,47.0,1.0,1.0,0.0,0.0,1.0,0.0,1.0,1.0,0.0,2.0,0.0,374.0,0.0,0.0,0.0,106.0,0,841.1063350335296,1.0,0.0,0.0,0.6585713650469487,0.5996076706584127,0.7402170086195181,0.7567788721489207,0.682850897159025,0.492111433676606,0.7059572733706295,0.2110062199745163,0.1988287071091535,0.809090909090909,0,0,0,0,0,0,0,0,0,0,0,0,0,0,0,0,0,0,0,0,0,0,0,0,0,0,0,0,0,0,0,0,0,0,0,0,0,0,0,1,1,1,1,1,1,0,0,1,1,0.0,0.3019297051745451,1674.855787991312,275.49516113422436
6319.0,2520.0,3114.0,0.0,0.0,15000.0,0.0,0.0,0.0,0.0,0.0,0.0,10.0,1,11.0,0.0,30218.0,59.0,1.0,1.0,0.0,0.0,2.0,0.0,1.0,1.0,0.0,1.0,0.0,440.0,0.0,0.0,0.0,5.0,1,0.0,0.0,1.0,0.0,0.5993873731528111,0.6299867833195171,0.3864720804205401,0.3998613144822157,0.4286946683884909,0.4754748992609025,0.5703280845518419,0.3403223039815309,0.5304635251185352,0.5883116883116882,0,0,0,0,0,0,0,0,0,0,0,0,0,0,0,0,0,0,0,0,0,0,0,0,0,0,0,0,0,0,0,0,0,0,0,0,0,0,0,1,1,1,1,1,1,0,0,1,1,0.0,0.4940362472912789,1663.6674788174575,443.0844738987583
227.0,0.0,1620.0,0.0,0.0,0.0,0.0,0.0,0.0,0.0,1.0,0.0,8.0,0,3.0,0.0,26029.0,67.0,0.0,1.0,0.0,0.0,0.0,0.0,1.0,0.0,0.0,1.0,0.0,175.0,0.0,0.0,0.0,4.0,0,0.0,0.0,0.0,0.0,0.684032289274545,0.3706766737484671,0.6074744061238693,0.7795580840680852,0.4149740191073377,0.2448379863623973,0.778504255630015,0.5794600811670596,0.373290452368578,0.4350649350649351,0,0,0,0,0,0,0,0,0,0,0,0,0,0,0,0,0,0,0,0,0,0,0,0,0,0,0,0,0,1,0,0,0,0,0,0,0,0,0,1,0,1,0,1,1,1,1,1,1,0.0,0.2172383815802591,1782.4969304193803,95.72179110635652
227.0,0.0,1620.0,0.0,0.0,0.0,0.0,0.0,0.0,0.0,0.0,0.0,2.0,1,6.0,0.0,26497.0,57.0,0.0,0.0,0.0,0.0,3.0,0.0,1.0,0.0,0.0,2.0,0.0,413.0,0.0,1.0,508.0,1.0,1,0.0,0.0,0.0,0.0,0.4325307614444441,0.3995847626723258,0.6074744061238693,0.5474352346518943,0.0808468090651843,0.5409197890323219,0.7156962415003626,0.5794600811670596,0.373290452368578,0.4350649350649351,0,0,0,0,0,0,0,0,0,0,0,0,0,0,0,0,0,0,0,0,0,0,0,0,0,0,0,0,0,0,0,0,0,0,0,0,0,0,0,1,1,1,1,0,0,1,1,1,1,0.0,0.124848377556791,2437.6318789404568,59.709844041085134
227.0,0.0,2035.0,0.0,0.0,0.0,0.0,0.0,0.0,0.0,1.0,0.0,4.0,1,4.0,0.0,31250.0,31.0,1.0,1.0,1.0,0.0,1.0,0.0,1.0,0.0,0.0,3.0,0.0,210.8,0.0,0.0,0.0,3.0,0,0.0,0.0,0.0,0.0,0.522436945430132,0.8769740690386462,0.7402170086195182,0.1871628811816169,0.7249740055954131,0.1583332602630427,0.4895988594418144,0.323347888570789,0.4400412573114538,0.4350649350649351,0,0,0,0,0,0,0,0,0,0,0,0,0,0,0,0,0,0,0,0,0,0,0,0,0,0,0,0,0,1,0,0,0,0,0,0,0,0,0,1,0,1,0,1,1,1,0,1,1,0.0,0.1971742001642293,1785.9381952361464,122.44694587981401
227.0,0.0,1620.0,0.0,0.0,0.0,0.0,0.0,0.0,0.0,1.0,0.0,10.0,1,3.0,1.0,32089.0,20.0,1.0,1.0,0.0,0.0,0.0,0.0,1.0,0.0,0.0,2.0,0.0,165.8,0.0,0.0,0.0,4.0,0,0.0,0.0,0.0,0.0,0.5686645586264109,0.4497849662436071,0.7402170086195182,0.6384251011507169,0.7379257374612909,0.311428883659633,0.5310171521923582,0.4906569005212448,0.386287093256738,0.0974025974025974,0,0,0,0,0,0,0,0,0,0,0,0,0,0,0,0,0,0,0,0,0,0,0,0,0,0,0,0,0,1,0,0,0,0,0,0,0,0,0,1,1,1,1,1,1,1,1,1,0,0.0,0.2933928692536859,1446.3350917745413,177.52964918244786
227.0,810.0,1620.0,0.0,0.0,0.0,0.0,0.0,0.0,0.0,1.0,0.0,0.0,1,8.0,1.0,27158.0,46.0,0.0,1.0,0.0,0.0,1.0,0.0,1.0,0.0,0.0,3.0,0.0,247.8,0.0,1.0,0.0,3.0,0,0.0,0.0,0.0,0.0,0.5091892719427376,0.453376443462658,0.6035717928725107,0.4930141011922916,0.6035297639097882,0.664793968910017,0.6238926449345132,0.5575140274356868,0.3839436868896243,0.4038961038961038,0,0,0,0,0,0,0,0,0,0,0,0,0,0,0,0,0,0,0,0,0,0,0,0,0,0,0,0,0,1,0,0,0,0,0,0,0,0,0,1,1,1,0,1,0,1,1,1,1,0.0,0.28757326007326,1632.4871234819473,124.38555598895478
2023.0,1313.0,2626.0,0.0,0.0,0.0,0.0,0.0,1.0,0.0,0.0,0.0,7.0,1,7.0,0.0,32859.0,76.0,1.0,1.0,0.0,0.0,3.0,0.0,1.0,0.0,0.0,1.0,0.0,397.0,0.0,0.0,0.0,3.0,0,0.0,0.0,1.0,1.0,0.5319157827410228,0.5925657853429585,0.0720265351037073,0.0021513936329878,0.8405018950317783,0.7478200756732359,0.5142099398326851,0.4970835057763202,0.4045419500488291,0.5558441558441558,0,0,0,0,0,0,0,0,0,0,0,0,0,0,0,0,0,0,0,0,0,0,0,0,0,0,0,0,0,0,0,0,0,0,0,0,0,0,0,1,1,0,0,0,0,1,1,1,1,0.0,0.4937627004293682,2250.470992898968,348.48867174872356
444.0,0.0,1634.0,0.0,0.0,0.0,0.0,0.0,0.0,0.0,1.0,0.0,6.0,1,9.0,0.0,32646.0,38.0,0.0,1.0,0.0,0.0,1.0,0.0,1.0,0.0,0.0,2.0,0.0,225.0,0.0,0.0,0.0,3.0,1,0.0,0.0,0.0,0.0,0.6709443447453364,0.4509884826069146,0.9999999000000004,0.993744948135357,0.9687381667714768,0.8133593089759907,0.5645065458520182,0.5508495761421066,0.386287093256738,0.3831168831168831,0,0,0,0,0,0,0,0,0,0,0,0,0,0,0,0,0,0,0,0,0,0,0,0,0,0,0,0,0,0,0,0,0,0,0,0,0,0,0,1,1,0,0,0,0,1,1,1,1,0.0,0.2283788442068456,1768.772947332486,116.97290774259457
279.0,19.0,1637.0,0.0,0.0,750.0,0.0,0.0,0.0,0.0,1.0,0.0,7.0,1,8.0,0.0,36844.0,19.0,0.0,1.0,0.0,0.0,1.0,0.0,1.0,0.0,0.0,1.0,0.0,112.0,0.0,0.0,0.0,4.0,0,0.0,0.0,0.0,0.0,0.6315906408953446,0.3687814562299126,0.3095362937853154,0.727361875384666,0.3028090016621935,0.3577698541378785,0.3353110157027311,0.5909033303047208,0.506937233531608,0.2987012987012987,0,0,0,0,0,0,0,0,0,0,0,0,0,0,0,0,0,0,0,0,0,0,0,0,0,0,0,0,0,0,0,0,0,0,0,0,0,0,0,1,1,0,0,0,0,0,0,0,0,0.0,0.4302797527050133,2274.2871091735383,268.62261867612676
2647.0,976.0,2467.0,916.0,1.0,4000.0,0.0,0.0,0.0,1.0,0.0,0.0,10.0,1,7.0,1.0,29500.0,26.0,1.0,1.0,0.0,0.0,1.0,0.0,1.0,1.0,0.0,2.0,0.0,138.0,0.0,0.0,0.0,25.0,0,0.0,0.0,0.0,0.0,0.3890241774186801,0.3230998013563474,0.5561209811454022,0.4237569939175647,0.9313238833966356,0.5576764586754038,0.4948052188507617,0.4390567663002487,0.744326610281244,0.4753246753246752,0,0,0,0,0,0,0,0,0,0,0,0,0,0,0,0,0,0,0,0,0,0,0,0,0,0,0,0,0,0,0,0,0,0,0,0,0,0,0,1,1,1,1,0,0,1,1,1,1,0.0,0.372527118112426,1368.0254068095835,264.1316877282785
6603.0,347.0,8406.0,0.0,0.0,5000.0,0.0,0.0,0.0,0.0,0.0,0.0,9.0,1,1.0,0.0,56185.0,68.0,1.0,1.0,1.0,0.0,2.0,0.0,1.0,1.0,0.0,1.0,0.0,515.0,0.0,1.0,0.0,45.0,1,0.0,0.0,1.0,0.0,0.5257472261301925,0.4394750976653205,0.463893735313971,0.3196326811170858,0.548310577551997,0.1341177451530492,0.0566849069848505,0.0728244609786843,0.3900627197288232,0.5844155844155844,0,0,0,0,0,0,0,0,0,0,0,0,0,0,0,0,0,0,0,0,0,0,0,0,0,0,0,0,0,0,0,0,0,0,0,0,0,0,0,1,1,1,1,1,1,0,0,1,1,0.0,0.263036091113889,1094.5384014905358,248.7954676623771
227.0,0.0,1622.0,0.0,0.0,0.0,0.0,0.0,0.0,1.0,1.0,0.0,10.0,0,8.0,0.0,33505.0,55.0,1.0,1.0,0.0,0.0,1.0,0.0,1.0,0.0,1.0,2.0,0.0,471.0,0.0,0.0,0.0,121.0,1,0.0,0.0,1.0,0.0,0.9888054230765976,0.6272505621908797,0.9571596491596146,0.9331648228231922,0.62517263182968,0.4053668953937686,0.500686186206646,0.4720062237198085,0.5301873376646735,0.3363636363636363,0,0,0,0,0,0,0,0,0,0,0,0,0,0,0,0,0,0,0,0,0,0,0,0,0,0,0,0,0,0,0,0,0,0,0,0,0,0,0,0,0,0,0,1,1,1,1,1,1,0.0,0.3852057209507352,941.4134581905148,346.91380871846303
504.0,848.0,1696.0,0.0,0.0,750.0,0.0,0.0,0.0,1.0,0.0,0.0,4.0,1,3.0,0.0,29576.0,18.0,1.0,1.0,0.0,0.0,1.0,0.0,1.0,0.0,0.0,1.0,0.0,113.0,0.0,0.0,0.0,4.0,0,0.0,0.0,0.0,0.0,0.7820754933218416,0.4118102956536244,0.3989583076608108,0.358985110812794,0.2799228422561241,0.4901590238568201,0.3340074313371032,0.5359697776678147,0.350958818308717,0.5051948051948052,0,0,0,0,0,0,0,0,0,0,0,0,0,0,0,0,0,0,0,0,0,0,0,0,0,0,0,0,0,0,0,0,0,0,0,0,0,0,0,1,1,1,1,0,0,1,1,1,1,0.0,0.322234056708663,1906.4667437477467,259.2039907654091
3020.0,0.0,8200.0,1708.0,3.0,15000.0,0.0,0.0,0.0,1.0,0.0,0.0,5.0,1,5.0,0.0,35153.0,39.0,1.0,0.0,0.0,0.0,1.0,2.0,1.0,0.0,0.0,3.0,1.0,116.0,0.0,0.0,0.0,13.0,1,0.0,0.0,0.0,0.0,0.2644479066212264,0.5188321904883666,0.3410842909303199,0.3681688744190256,0.2700024707033842,0.3809718079330839,0.6727816300060676,0.8863167531234725,0.5946405740330146,0.6649350649350649,0,0,0,0,0,0,0,0,0,0,0,0,0,0,0,0,0,0,0,0,0,0,0,0,0,0,0,0,0,0,0,0,0,0,0,0,0,0,0,1,1,1,1,1,1,0,0,1,1,0.0,0.1281276599113626,2743.01162670492,118.42770140505542
228.0,0.0,2394.0,0.0,0.0,0.0,0.0,0.0,0.0,1.0,0.0,0.0,4.0,1,1.0,0.0,35323.0,23.0,1.0,1.0,0.0,0.0,1.0,0.0,1.0,0.0,0.0,2.0,0.0,155.0,0.0,0.0,0.0,1.0,1,0.0,0.0,0.0,0.0,0.5591964333474243,0.4120992820260722,0.699631455423666,0.5364553615503211,0.5354813507904913,0.3567774364497976,0.1038689425959856,0.4703783391356354,0.4983382916238494,0.3701298701298701,0,0,0,0,0,0,0,0,0,0,0,0,0,0,0,0,0,0,0,0,0,0,0,0,0,0,0,0,0,0,0,0,0,0,0,0,0,0,0,1,1,1,1,1,1,0,0,1,1,0.0,0.1486555107048619,3014.400991683772,115.91130503507408
902.0,0.0,1709.0,0.0,0.0,1500.0,0.0,0.0,0.0,0.0,0.0,0.0,4.0,1,9.0,0.0,38094.0,41.0,0.0,1.0,0.0,0.0,1.0,0.0,0.0,1.0,0.0,3.0,0.0,7.0,0.0,0.0,0.0,2.0,0,0.0,0.0,0.0,0.0,0.5572208285449372,0.528591605571864,0.7230690139712797,0.6170883157677641,0.4842314954326365,0.4801577853625008,0.4044321204372654,0.5827467504121773,0.5614505235608311,0.5571428571428572,0,0,0,0,0,0,0,0,0,0,0,0,0,0,0,0,0,0,0,0,0,0,0,0,0,0,0,0,0,0,0,0,0,0,0,0,0,0,0,1,1,1,1,1,1,1,1,1,1,0.0,0.3493140965806959,2439.157643932999,211.81459075742615
235.0,823.0,1646.0,0.0,0.0,0.0,0.0,0.0,0.0,0.0,0.0,0.0,2.0,0,4.0,0.0,27821.0,77.0,1.0,1.0,0.0,0.0,1.0,0.0,0.0,0.0,0.0,1.0,0.0,173.0,0.0,0.0,0.0,36.0,0,0.0,0.0,1.0,0.0,0.4712204019602699,0.5158479082958619,0.5766763053321732,0.5052777324950262,0.5171641826753104,0.3983448165334112,0.6004515430505177,0.3609080372649643,0.4679597785997152,0.4350649350649351,0,0,0,0,0,0,0,0,0,0,0,0,0,0,0,0,0,0,0,0,0,0,0,0,0,0,0,0,0,0,0,0,0,0,0,0,0,0,0,1,1,1,1,1,1,1,1,1,1,0.0,0.3928376849688278,1231.8910797277242,280.4926190435089
4656.0,1629.0,2515.0,0.0,0.0,12000.0,0.0,0.0,0.0,1.0,0.0,0.0,7.0,1,12.0,0.0,49451.0,34.0,0.0,1.0,0.0,0.0,1.0,1.0,1.0,1.0,0.0,2.0,0.0,260.0,0.0,0.0,0.0,25.0,1,1859.3636680251343,1.0,0.0,0.0,0.6140183356042416,0.6327059643157095,0.4706386759685474,0.4759501768285987,0.2631908687479312,0.0324105177067592,0.6971425685962502,0.4343097227629031,0.638565418323396,0.5454545454545454,0,0,0,0,0,0,0,0,0,0,0,0,0,0,0,0,0,0,0,0,0,0,0,0,0,0,0,0,0,0,0,0,0,0,0,0,0,0,0,1,1,1,1,0,0,1,1,1,1,0.0,0.3944521803248643,1270.4267238344185,317.03302864604825
283.0,19.0,1683.0,0.0,0.0,3000.0,0.0,0.0,0.0,1.0,0.0,0.0,5.0,0,9.0,0.0,30189.0,51.0,0.0,1.0,0.0,0.0,1.0,0.0,1.0,0.0,1.0,2.0,0.0,324.0,0.0,0.0,0.0,24.0,0,0.0,0.0,0.0,0.0,0.3230521821338971,0.3686629003358976,0.8918030761576403,0.5862298896611449,0.6552085701599527,0.9718420377945084,0.4291981952613424,0.5525852912504247,0.7984167087114029,0.5740259740259741,0,0,0,0,0,0,0,0,0,0,0,0,0,0,0,0,0,0,0,0,0,0,0,0,0,0,0,0,0,0,0,0,0,0,0,0,0,0,0,1,1,0,0,0,0,1,1,1,1,0.0,0.3017607503132885,1532.4314206787403,160.79046064206292
644.0,0.0,1970.0,0.0,0.0,0.0,0.0,0.0,0.0,0.0,0.0,0.0,1.0,1,1.0,0.0,35095.0,42.0,0.0,1.0,0.0,0.0,1.0,0.0,1.0,0.0,0.0,2.0,0.0,297.0,0.0,0.0,0.0,4.0,0,2061.371523615055,1.0,0.0,0.0,0.5097840899078964,0.3166573664619142,0.7202190639537726,0.5617542582353054,0.4279172482682464,0.2648204277814334,0.5215804891766412,0.4737512660943372,0.1401974439152505,0.0064935064935064,0,0,0,0,0,0,0,0,0,0,0,0,0,0,0,0,1,0,0,0,0,0,0,0,0,0,0,0,0,0,0,0,0,0,0,0,0,0,0,1,1,1,1,0,0,1,1,0,0,0.0,0.1182116264303132,3039.014748105088,47.83820235531011
3457.0,213.0,5434.0,0.0,0.0,0.0,0.0,0.0,1.0,0.0,0.0,1.0,7.0,0,7.0,0.0,28743.0,43.0,1.0,1.0,0.0,0.0,2.0,0.0,1.0,1.0,0.0,3.0,2.0,254.0,0.0,0.0,0.0,4.0,1,2950.1646488539554,1.0,0.0,0.0,0.4485140002738168,0.6441496425157569,0.9954885305468664,0.6182647032017012,0.5036005613829937,0.4294046244735276,0.639208888220855,0.4547161410769971,0.5047391339668781,0.3883116883116883,0,0,0,0,0,0,0,0,0,0,0,0,0,0,0,0,0,0,0,0,0,0,0,0,0,0,0,0,0,0,0,0,0,0,0,0,0,0,0,1,1,0,0,1,1,1,1,1,1,0.0,0.3049821382689949,3761.5898994937465,209.2181030648521
11661.0,57.0,19590.0,0.0,0.0,5000.0,0.0,0.0,1.0,0.0,1.0,0.0,3.0,0,6.0,0.0,41635.0,58.0,1.0,1.0,0.0,0.0,3.0,0.0,1.0,1.0,0.0,2.0,0.0,563.0,0.0,0.0,0.0,23.0,0,832.1788562211138,1.0,0.0,1.0,0.3632654741372139,0.4488247643173633,0.3229095570780279,0.4300458526990812,0.5142587673936124,0.2939083827752677,0.6058935755904791,0.5442736677703185,0.5290105578991329,0.5051948051948052,0,0,0,0,0,0,0,0,0,0,0,0,0,0,0,0,0,0,0,0,0,0,0,0,0,0,0,0,0,0,0,0,0,0,0,0,0,0,0,1,1,1,1,1,1,1,1,1,1,0.0,0.2364197664975566,2881.3597837206685,206.35024442015865
227.0,0.0,1620.0,0.0,0.0,0.0,0.0,0.0,0.0,0.0,0.0,0.0,7.0,1,4.0,0.0,29251.0,51.0,1.0,1.0,0.0,0.0,1.0,0.0,1.0,0.0,0.0,3.0,0.0,118.0,0.0,0.0,0.0,2.0,1,0.0,0.0,0.0,0.0,0.6701734919329047,0.4646498448001243,0.3989583076608108,0.4961164761623067,0.5678249954428667,0.3617364792814839,0.3618765031986835,0.1912351614907885,0.8779883506828763,0.9285714285714286,0,0,0,0,0,0,0,0,0,0,0,0,0,0,0,0,0,0,0,0,0,0,0,0,0,0,0,0,0,0,0,0,0,0,0,0,0,0,0,1,1,1,1,1,1,0,0,0,0,0.0,0.2628209254716379,2203.953613807769,187.7796592534922
282.0,9.0,1637.0,0.0,0.0,0.0,0.0,0.0,0.0,0.0,0.0,0.0,9.0,0,7.0,0.0,23918.0,75.0,0.0,1.0,0.0,0.0,1.0,0.0,1.0,0.0,1.0,1.0,0.0,235.0,0.0,0.0,0.0,4.0,0,0.0,0.0,1.0,0.0,0.0971253060178531,0.8686006529247247,0.6458091079288997,0.4707999230977154,0.3678110935493248,0.4814295470808529,0.778504255630015,0.7437887783619044,0.40746832483924,0.4025974025974026,0,0,0,0,0,0,0,0,0,0,0,0,0,0,0,0,0,0,0,0,0,0,0,0,0,0,0,0,0,0,0,0,0,0,0,0,0,0,0,0,0,1,1,1,1,1,1,1,1,0.0,0.2986388065483048,1744.0024243841465,139.1841535494363
276.0,0.0,1622.0,0.0,0.0,0.0,0.0,0.0,0.0,1.0,0.0,1.0,11.0,1,8.0,0.0,35632.0,39.0,0.0,0.0,0.0,0.0,1.0,0.0,1.0,0.0,0.0,2.0,0.0,8.0,0.0,0.0,0.0,4.0,1,0.0,0.0,0.0,0.0,0.2259323626728221,0.16986197418861,0.6664379533257263,0.3970745945758049,0.9694941708901116,0.9802526957297448,0.252018211230044,0.6712179328795952,0.3575012150546365,0.274025974025974,0,0,0,0,0,0,0,0,0,0,0,0,0,0,0,0,0,0,0,0,0,0,0,0,0,0,0,0,0,0,0,0,0,0,0,0,0,0,0,0,0,0,0,0,0,0,0,1,1,0.0,0.2754079054068686,1830.0151551131844,128.31325015795483
460.0,5.0,1903.0,0.0,0.0,6500.0,0.0,0.0,0.0,0.0,0.0,0.0,4.0,1,6.0,0.0,23302.0,45.0,1.0,0.0,0.0,0.0,1.0,0.0,1.0,1.0,0.0,3.0,0.0,261.0,0.0,0.0,0.0,22.0,1,0.0,0.0,0.0,0.0,0.2972955089408646,0.4542838541397307,0.5722371233172618,0.5980633336171215,0.8146378181658712,0.8239333062628206,0.4390769309735155,0.2284874884880137,0.4638096819764611,0.5194805194805194,0,0,0,0,0,0,0,0,0,0,0,0,0,0,0,0,0,0,0,0,0,0,0,0,0,0,0,0,0,0,0,0,0,0,0,0,0,0,0,1,1,1,1,0,0,1,1,0,0,0.0,0.1767972249276987,1237.9786967525902,69.92128138820537
464.0,928.0,1856.0,0.0,0.0,750.0,0.0,0.0,0.0,1.0,0.0,0.0,6.0,1,0.0,0.0,37393.0,21.0,0.0,1.0,0.0,0.0,1.0,0.0,0.0,0.0,0.0,2.0,0.0,19.0,0.0,0.0,0.0,4.0,0,0.0,0.0,0.0,0.0,0.5816237627525298,0.3492480160643443,0.7230690139712797,0.6170883157677641,0.5632326750464502,0.2659413718942013,0.525271975202372,0.544749364955002,0.4847559426709747,0.4909090909090909,0,0,0,0,0,0,0,0,0,0,0,0,0,0,0,0,0,0,0,0,0,0,0,0,0,0,0,0,0,0,0,0,0,0,0,0,0,0,0,1,1,1,1,1,1,1,1,1,1,0.0,0.2277656212986866,1992.1899316892811,129.59051965870466
1031.0,0.0,2339.0,0.0,0.0,750.0,0.0,0.0,0.0,1.0,0.0,0.0,3.0,1,1.0,0.0,30975.0,18.0,0.0,1.0,0.0,0.0,1.0,0.0,0.0,0.0,0.0,1.0,0.0,187.0,0.0,0.0,0.0,5.0,1,0.0,0.0,0.0,0.0,0.627554849225028,0.5366093214029134,0.5241564147910818,0.3648426968075944,0.6499042994701163,0.1756771602079965,0.4602743024360508,0.4119503327399288,0.3595513813946626,0.5324675324675324,0,0,0,0,0,0,0,0,0,0,0,0,0,0,0,0,0,0,0,0,0,0,0,0,0,0,0,0,0,0,0,0,0,0,0,0,0,0,0,1,1,1,1,1,1,1,1,1,1,0.0,0.178252787342564,1245.3993553161672,140.6811866439817
227.0,810.0,1620.0,0.0,0.0,0.0,0.0,0.0,0.0,0.0,0.0,0.0,0.0,0,2.0,0.0,30325.0,47.0,0.0,1.0,0.0,0.0,1.0,0.0,1.0,0.0,1.0,2.0,0.0,239.0,0.0,0.0,0.0,4.0,0,0.0,0.0,0.0,0.0,0.7868449042804346,0.1945956795940339,0.3989583076608108,0.3317429982203741,0.7162730285960853,0.253828235681994,0.6013014094761909,0.3771037596462006,0.4400412573114539,0.4415584415584416,0,0,0,0,0,0,0,0,0,0,0,0,0,0,0,0,0,0,0,0,0,0,0,0,0,0,0,0,0,0,0,0,0,0,0,0,0,0,0,0,0,1,1,1,1,0,0,1,1,0.0,0.2765043117064832,1502.0905222225354,127.20826678019588
227.0,0.0,1620.0,0.0,0.0,0.0,0.0,0.0,0.0,0.0,0.0,0.0,1.0,1,6.0,0.0,37238.0,70.0,0.0,1.0,0.0,0.0,0.0,0.0,1.0,0.0,0.0,1.0,0.0,175.0,0.0,0.0,0.0,3.0,1,0.0,0.0,1.0,0.0,0.543040787473408,0.5439365201524821,0.6823487981624152,0.5360078110052373,0.6039545111030084,0.2767718257341749,0.5254027042203485,0.442219223808875,0.5230416719352877,0.4350649350649351,0,0,0,0,0,0,0,0,0,0,0,0,0,0,0,0,0,0,0,0,0,0,0,0,0,0,0,0,0,1,0,0,0,0,0,0,0,0,0,1,0,1,1,1,1,1,1,1,1,0.0,0.2968409142173988,1934.6868385751368,222.7645017130585
4356.0,1336.0,3348.0,0.0,0.0,15000.0,0.0,0.0,0.0,1.0,1.0,0.0,5.0,1,23.0,0.0,38912.0,35.0,1.0,1.0,0.0,0.0,2.0,0.0,1.0,1.0,0.0,3.0,3.0,443.0,0.0,0.0,0.0,93.0,0,0.0,0.0,0.0,0.0,0.2159526432668999,0.4303850580760873,0.2073609401491904,0.0709445778134054,0.4379757192251052,0.6884680025248897,0.6607289812067568,0.54391054444847,0.7816087585840722,0.987012987012987,0,0,0,0,0,0,0,0,0,0,0,0,0,0,0,0,0,0,0,0,0,0,0,0,0,0,0,0,0,0,0,0,0,0,0,0,0,0,0,1,1,0,0,1,1,1,1,0,0,0.0,0.3982999890149981,1713.9189693903827,300.5812586338027
583.0,921.0,1842.0,0.0,0.0,5000.0,0.0,0.0,0.0,1.0,0.0,0.0,9.0,0,8.0,0.0,31131.0,53.0,1.0,1.0,0.0,0.0,1.0,0.0,1.0,1.0,1.0,1.0,0.0,190.0,0.0,0.0,0.0,48.0,1,0.0,0.0,1.0,0.0,0.2730333016015812,0.3368830977141273,0.684450150100669,0.9011903321842574,0.6542983548358693,0.5825283576040285,0.6426194738708857,0.5703053431200017,0.6341816774288948,0.7064935064935065,0,0,0,0,0,0,0,0,0,0,0,0,0,0,0,0,0,0,0,0,0,0,0,0,0,0,0,0,0,0,0,0,0,0,0,0,0,0,0,1,1,0,0,1,1,1,1,1,1,0.0,0.332355436609221,1208.39978286273,272.0831936825118
5397.0,2095.0,2550.0,0.0,0.0,0.0,0.0,0.0,0.0,0.0,0.0,0.0,1.0,0,6.0,0.0,37219.0,81.0,1.0,1.0,0.0,0.0,2.0,0.0,1.0,0.0,0.0,1.0,0.0,372.0,0.0,0.0,0.0,4.0,0,0.0,0.0,1.0,0.0,0.6661137309333587,0.5232302597944513,0.4989161999442085,0.9784362580615392,0.3711565902136258,0.4136670299097347,0.5048290769446796,0.4197448991148339,0.4017592344707688,0.3896103896103896,0,0,0,0,0,0,0,0,0,0,0,0,0,0,0,0,0,0,0,0,0,0,0,0,0,0,0,0,0,0,0,0,0,0,0,0,0,0,0,1,1,0,0,1,1,1,1,1,1,0.0,0.2148247416810332,2277.261850846229,172.51294825381382
228.0,0.0,2094.0,0.0,0.0,0.0,0.0,0.0,0.0,1.0,0.0,0.0,10.0,1,5.0,0.0,46089.0,39.0,0.0,1.0,0.0,0.0,4.0,6.0,1.0,0.0,0.0,3.0,1.0,261.0,1.0,0.0,0.0,35.0,0,0.0,0.0,0.0,0.0,0.553762151483911,0.4116997117687033,0.3439797472124376,0.1925138731482928,0.4253353521089445,0.1049598667446646,0.6492625719740421,0.5508676923750413,0.8487756936459019,0.8246753246753247,0,0,0,0,0,0,0,0,0,0,0,0,0,0,0,0,0,0,0,0,0,0,0,0,0,0,0,0,0,0,0,0,0,0,0,0,0,0,0,1,1,1,1,1,1,1,1,0,0,0.0,0.3314070526919234,1177.4761699949418,299.39748160796603
247.0,811.0,1622.0,0.0,0.0,0.0,0.0,0.0,0.0,1.0,1.0,0.0,6.0,1,8.0,0.0,29711.0,42.0,0.0,1.0,0.0,0.0,1.0,0.0,0.0,0.0,0.0,3.0,3.0,213.0,0.0,3.0,0.0,89.0,1,0.0,0.0,0.0,0.0,0.6593363437960591,0.3669808475520276,0.3989583076608108,0.358985110812794,0.6408924748998468,0.4279329459193763,0.4715290487738479,0.3930313955758954,0.4828716340546897,0.3441558441558441,0,0,0,0,0,0,0,0,0,0,0,0,0,0,0,0,0,0,0,0,0,0,0,0,0,0,0,0,0,0,0,0,0,0,0,0,0,0,0,1,1,1,1,1,1,1,1,1,1,0.0,0.2076181433526471,1366.690479192015,97.42564159688862
8502.0,124.0,20559.0,0.0,2.0,15000.0,1.0,0.0,0.0,1.0,1.0,0.0,5.0,1,9.0,1.0,32014.0,43.0,1.0,1.0,1.0,0.0,3.0,0.0,1.0,1.0,0.0,3.0,0.0,247.0,0.0,0.0,0.0,200.0,0,4782.268426983662,1.0,0.0,1.0,0.4071106010178879,0.4601304180256306,0.3099765755939444,0.5395252437129641,0.4222300563980413,0.4882736635450898,0.6947567798697689,0.4846624137857881,0.4345782247934446,0.0779220779220779,0,0,0,0,0,0,0,0,0,0,0,0,0,0,0,0,0,0,0,0,0,0,0,0,0,0,0,0,0,0,0,0,0,0,0,0,0,0,0,1,1,1,1,1,1,1,1,0,0,0.0,0.3158784023440512,2137.145234955,347.5702073707382
1022.0,334.0,1731.0,0.0,0.0,0.0,0.0,0.0,0.0,0.0,0.0,0.0,1.0,1,8.0,0.0,29995.0,61.0,1.0,1.0,0.0,0.0,1.0,0.0,1.0,0.0,0.0,1.0,0.0,47.0,0.0,0.0,0.0,4.0,1,0.0,0.0,1.0,0.0,0.5507448802297856,0.35779551808062,0.3606895739037138,0.0041799427541614,0.7139616106656144,0.3118736440470446,0.4715290487738479,0.5539435429879901,0.3376509803005036,0.409090909090909,0,0,0,0,0,0,0,0,0,0,0,0,0,0,0,0,0,0,0,0,0,0,0,0,0,0,0,0,0,0,0,0,0,0,0,0,0,0,0,1,1,0,0,1,1,1,1,1,1,0.0,0.1723867603310948,1493.126170247288,113.58502741397646
227.0,0.0,1620.0,0.0,0.0,0.0,0.0,0.0,0.0,0.0,0.0,0.0,3.0,1,9.0,0.0,32969.0,51.0,0.0,1.0,0.0,0.0,0.0,0.0,1.0,0.0,0.0,2.0,0.0,165.8,0.0,0.0,0.0,4.0,1,0.0,0.0,0.0,0.0,0.6709443447453365,0.4708187366576083,0.7710108519500204,0.7653828197973326,0.7539246311106191,0.4556509009841097,0.500686186206646,0.4720062237198085,0.5323793356321933,0.3779220779220779,0,0,0,0,0,0,0,0,0,0,0,0,0,0,0,0,0,0,0,0,0,0,0,0,0,0,0,0,0,1,0,0,0,0,0,0,0,0,0,1,1,1,1,1,1,1,1,1,1,0.0,0.4501476902036067,1638.9578887961131,247.39895887827734
1708.0,0.0,2474.0,0.0,0.0,0.0,0.0,0.0,0.0,0.0,1.0,0.0,11.0,1,4.0,1.0,33049.0,48.0,0.0,1.0,0.0,0.0,1.0,1.0,1.0,0.0,0.0,3.0,0.0,272.0,0.0,0.0,0.0,3.0,0,0.0,0.0,0.0,0.0,0.6509002723740622,0.5796303777662098,0.6091683033220419,0.5702448466233481,0.7160918228879943,0.5273025659482273,0.4460078148153306,0.4683297093505535,0.0131578916451041,0.9675324675324676,0,0,0,0,0,0,0,0,0,0,0,0,0,0,0,0,0,0,0,0,0,0,0,0,0,0,0,0,0,0,0,0,0,0,0,0,0,0,0,1,1,1,1,1,1,1,1,0,0,0.0,0.3194515529329326,2251.209901721916,143.1747382610501
1105.0,139.0,1709.0,0.0,0.0,0.0,0.0,0.0,0.0,0.0,0.0,0.0,9.0,1,8.0,0.0,30389.0,38.0,0.0,0.0,0.0,0.0,1.0,1.0,1.0,0.0,0.0,2.0,0.0,518.0,0.0,0.0,0.0,4.0,1,0.0,0.0,0.0,0.0,0.5436293337580486,0.2482252825768789,0.3989583076608108,0.4304958233915817,0.7139616106656144,0.3118736440470446,0.4828677129312881,0.4212249154122974,0.4082002104947341,0.4701298701298701,0,0,0,0,0,0,0,0,0,0,0,0,0,0,0,0,0,0,0,0,0,0,0,0,0,0,0,0,0,0,0,0,0,0,0,0,0,0,0,0,0,1,1,1,1,1,1,1,1,0.0,0.419563492063492,1529.436859500309,181.59292601817896
8794.0,922.0,7984.0,0.0,0.0,0.0,0.0,0.0,0.0,0.0,1.0,0.0,6.0,0,0.0,0.0,31648.0,61.0,0.0,1.0,0.0,0.0,2.0,0.0,1.0,0.0,1.0,1.0,0.0,273.0,0.0,0.0,0.0,4.0,0,0.0,0.0,1.0,0.0,0.3305600140115898,0.2730365079715911,0.4702482240680943,0.0660780298813222,0.1922063071579647,0.9781823314029549,0.8378271867120993,0.4976314928822967,0.6785734479429287,0.8896103896103896,0,0,0,0,0,0,0,0,0,0,0,0,0,0,0,0,0,0,0,0,0,0,0,0,0,0,0,0,0,0,0,0,0,0,0,0,0,0,0,0,0,0,0,0,0,0,0,0,0,0.0,0.1416026570974604,3784.0173122051633,83.00693474958807
308.0,32.0,1659.0,0.0,0.0,750.0,0.0,0.0,0.0,1.0,1.0,0.0,1.0,1,8.0,0.0,28784.0,21.0,1.0,0.0,0.0,0.0,1.0,0.0,1.0,0.0,0.0,1.0,0.0,242.0,0.0,0.0,0.0,15.0,1,0.0,0.0,0.0,0.0,0.6402088668653078,0.5419502557472476,0.3464944808377254,0.4699611139200363,0.4209107424218713,0.3782048625993224,0.5412070702506513,0.3497276340418412,0.5001176823328528,0.3701298701298701,0,0,0,0,0,0,0,0,0,0,0,0,0,0,0,0,0,0,0,0,0,0,0,0,0,0,0,0,0,0,0,0,0,0,0,0,0,0,0,1,1,1,1,1,1,1,1,1,1,0.0,0.3006061945978359,1000.949028291172,192.7889432610926
707.0,956.0,1912.0,0.0,0.0,11000.0,0.0,0.0,0.0,0.0,0.0,0.0,10.0,1,4.0,0.0,35220.0,68.0,0.0,1.0,0.0,0.0,3.0,0.0,1.0,0.0,0.0,1.0,0.0,599.0,0.0,0.0,0.0,40.0,0,414.18862283364496,1.0,0.0,0.0,0.5564892643678083,0.5345604641317427,0.3982080829852508,0.7100085763823601,0.485914729432028,0.4991519334734376,0.8717513058512992,0.5936205980077157,0.4351972753404136,0.6285714285714286,0,0,0,0,0,0,0,0,0,0,0,0,0,0,0,0,0,0,0,0,0,0,0,0,0,0,0,0,0,0,0,0,0,0,0,0,0,0,0,1,1,0,0,1,1,0,0,1,1,0.0,0.2491042977164467,1503.9155284508226,181.43065007200457
6956.0,1504.0,4660.0,0.0,0.0,9000.0,1.0,0.0,1.0,1.0,1.0,0.0,8.0,1,0.0,0.0,32957.0,68.0,1.0,1.0,1.0,0.0,2.0,0.0,1.0,1.0,0.0,1.0,0.0,671.0,0.0,2.0,0.0,41.0,1,0.0,0.0,1.0,0.0,0.7572189113224395,0.4636928023516541,0.4079584477048055,0.4963856839002797,0.3498223325488919,0.5032499222939721,0.3414757070396172,0.4578842622190356,0.4061869992569381,0.1298701298701298,0,0,0,0,0,0,0,0,0,0,0,0,0,0,0,0,0,0,0,0,0,0,0,0,0,0,0,0,0,0,0,0,0,0,0,0,0,0,0,1,1,1,1,1,1,1,1,0,0,0.0,0.1767536740382412,1342.2192700859566,143.7989994685923
248.0,9.0,1625.0,0.0,0.0,0.0,0.0,0.0,0.0,0.0,0.0,0.0,9.0,0,8.0,0.0,41375.0,84.0,0.0,0.0,0.0,0.0,1.0,0.0,1.0,0.0,0.0,1.0,0.0,274.0,0.0,0.0,0.0,4.0,0,0.0,0.0,1.0,0.0,0.1031681836024431,0.1856946906969121,0.6001675918915577,0.5880409674219684,0.5382186147772895,0.1969359093952031,0.70155429574189,0.8547279905251136,0.3466960845199222,0.3168831168831169,0,0,0,0,0,0,0,0,0,0,0,0,0,0,0,0,0,0,0,0,0,0,0,0,0,0,0,0,0,0,0,0,0,0,0,0,0,0,0,0,0,1,1,1,1,1,1,1,1,0.0,0.3021197070163904,1675.3096087047238,104.17466502317947
1675.0,571.0,1880.0,0.0,0.0,2500.0,0.0,0.0,0.0,0.0,0.0,0.0,5.0,0,2.0,0.0,25173.0,69.0,0.0,1.0,0.0,0.0,1.0,0.0,1.0,0.0,0.0,1.0,0.0,372.0,0.0,0.0,0.0,33.0,0,0.0,0.0,0.0,0.0,0.2778646424636444,0.9503922991600708,0.6112861347582721,0.3598097189159327,0.9618436236838334,0.8824091739845485,0.5486055387367395,0.3404008301312906,0.9174805377859254,0.2402597402597402,0,0,0,0,0,0,0,0,0,0,0,0,0,0,0,0,0,0,0,0,0,0,0,0,0,0,0,0,0,0,0,0,0,0,0,0,0,0,0,0,0,1,1,0,0,1,1,0,0,0.0,0.1356983040340376,1221.3099730359966,52.46030395568581
4688.0,0.0,5280.0,0.0,0.0,4500.0,0.0,0.0,0.0,0.0,0.0,0.0,6.0,1,1.0,0.0,40110.0,61.0,1.0,1.0,0.0,0.0,3.0,0.0,1.0,0.0,0.0,1.0,0.0,409.0,0.0,0.0,0.0,42.0,0,0.0,0.0,0.0,0.0,0.6061623090085682,0.7068730464581827,0.5704050388674321,0.5780315491745209,0.6596557769083233,0.6583029937697515,0.3739280565167454,0.4514699359049021,0.6761160289832138,0.5922077922077922,0,0,0,0,0,0,0,0,0,0,0,0,0,0,0,0,0,0,0,0,0,0,0,0,0,0,0,0,0,0,0,0,0,0,0,0,0,0,0,1,1,1,1,1,1,1,1,1,1,0.0,0.1148912121342859,1408.4529095881517,69.95679631966685
1110.0,367.0,1761.0,0.0,0.0,750.0,0.0,0.0,0.0,1.0,1.0,0.0,1.0,1,0.0,0.0,31459.0,17.0,1.0,1.0,0.0,0.0,1.0,0.0,1.0,0.0,0.0,1.0,0.0,174.0,0.0,0.0,0.0,4.0,1,0.0,0.0,0.0,0.0,0.5986202052441545,0.7579404160733082,0.606792402219799,0.5206316163031841,0.5942505953375904,0.1979779050222994,0.4185698239858845,0.1300214086083413,0.4007430002864541,0.4753246753246752,0,0,0,0,0,0,0,0,0,0,0,0,0,0,0,0,0,0,0,0,0,0,0,0,0,0,0,0,0,0,0,0,0,0,0,0,0,0,0,0,0,1,1,0,0,0,0,1,1,0.0,0.1364050446059276,1757.9977667868227,114.43615549643062
335.0,0.0,4373.0,879.0,2.0,11000.0,0.0,0.0,0.0,1.0,1.0,0.0,3.0,1,6.0,1.0,32009.0,35.0,0.0,1.0,0.0,0.0,1.0,0.0,1.0,1.0,0.0,2.0,3.0,395.0,0.0,1.0,0.0,75.0,1,0.0,0.0,0.0,0.0,0.5513387524617724,0.4385218148640137,0.2779822239823594,0.5264584201166173,0.5034449108410262,0.336565582841276,0.4294751113237011,0.518730908609965,0.3414181794259351,0.7493506493506492,0,0,0,0,0,0,0,0,0,0,0,0,0,0,0,0,0,0,0,0,0,0,0,0,0,0,0,0,0,0,0,0,0,0,0,0,0,0,0,1,1,0,0,1,1,1,1,1,1,0.0,0.1211775399081799,1733.4071780931597,131.97839460438007
817.0,0.0,1747.0,0.0,0.0,0.0,0.0,0.0,0.0,1.0,1.0,0.0,2.0,1,5.0,0.0,37245.6,31.0,1.0,1.0,0.0,0.0,1.0,0.0,0.0,0.0,0.0,2.0,0.0,16.0,0.0,0.0,0.0,3.0,0,0.0,0.0,0.0,0.0,0.5312960516576386,0.4049661096564537,0.6667361889381254,0.4271336507840008,0.2894078238017078,0.4306991628776863,0.6094270229680779,0.509431926893148,0.4705832866364209,0.6077922077922078,0,0,0,0,0,0,0,0,0,0,0,0,0,0,0,0,1,0,0,0,0,0,0,0,0,0,0,0,0,0,0,0,0,0,0,0,0,0,0,1,1,1,1,1,1,1,1,1,1,0.0,0.417951913153108,2199.9863885860327,380.78823444992764
227.0,2696.0,5392.0,793.0,1.0,0.0,0.0,0.0,0.0,0.0,0.0,0.0,5.0,1,8.0,0.0,30960.4,43.0,0.0,1.0,0.0,0.0,1.0,1.0,0.0,0.0,0.0,3.0,1.0,20.0,0.0,0.0,0.0,2.0,1,0.0,0.0,0.0,0.0,0.5573874957206838,0.4930344084922066,0.5727894336723611,0.4913959751698538,0.5969455456308255,0.5481334449248622,0.779973896276044,0.445329813158932,0.3938536346000844,0.4324675324675325,0,0,0,0,0,0,0,0,0,0,0,0,0,0,0,0,1,0,0,0,0,0,0,0,0,0,0,0,0,0,0,0,0,0,0,0,0,0,0,1,1,1,1,1,1,1,1,1,1,0.0,0.2127430444318489,3860.036206691884,134.71483619174057
243.0,0.0,1629.0,0.0,0.0,0.0,0.0,0.0,0.0,0.0,1.0,0.0,1.0,1,5.0,0.0,31977.4,45.0,0.0,1.0,0.0,0.0,1.0,0.0,0.0,0.0,0.0,2.0,0.0,187.0,0.0,0.0,0.0,3.0,1,0.0,0.0,0.0,0.0,0.5478885911360953,0.6318499349764585,0.6603858516179265,0.7496598308311765,0.6308157759209655,0.3346702300987721,0.3544750610310968,0.4792325971054162,0.3572382505790267,0.4181818181818181,0,0,0,0,0,0,0,0,0,0,0,0,0,0,0,0,1,0,0,0,0,0,0,0,0,0,0,0,0,0,0,0,0,0,0,0,0,0,0,1,1,1,1,1,1,1,1,1,1,0.0,0.2954433987167434,1911.144991948948,178.13043060376566
9114.0,0.0,11374.0,0.0,0.0,0.0,0.0,0.0,0.0,0.0,1.0,0.0,7.0,1,2.0,0.0,32047.0,53.0,1.0,1.0,0.0,0.0,2.0,0.0,1.0,1.0,0.0,2.0,0.0,220.0,0.0,0.0,0.0,5.0,0,0.0,0.0,0.0,1.0,0.3614431679343508,0.2284699607304233,0.3783491729502576,0.4941707737633768,0.2594781800138666,0.6670306681929351,0.7553085608721786,0.6501007266115817,0.5237537837367073,0.4155844155844156,0,0,0,0,0,0,0,0,0,0,0,0,0,0,0,0,0,0,0,0,0,0,0,0,0,0,0,0,0,0,0,0,0,0,0,0,0,0,0,1,1,1,1,1,1,0,0,0,0,0.0,0.2388468951602826,3818.4528336585454,152.59071019899204
2376.0,575.0,2385.0,0.0,0.0,6000.0,0.0,0.0,0.0,0.0,0.0,0.0,8.0,1,4.0,0.0,33399.0,70.0,1.0,1.0,0.0,0.0,1.0,0.0,1.0,1.0,0.0,1.0,0.0,379.0,0.0,0.0,0.0,40.0,1,0.0,0.0,1.0,0.0,0.5733284735831448,0.5309567459545909,0.5151305313884541,0.7585571406938983,0.2738058106805386,0.2225302687069541,0.6543811941266877,0.4371628649526611,0.6885274765278104,0.5623376623376624,0,0,0,0,0,0,0,0,0,0,0,0,0,0,0,0,0,0,0,0,0,0,0,0,0,0,0,0,0,0,0,0,0,0,0,0,0,0,0,1,1,1,1,0,0,1,1,1,1,0.0,0.3034967123639839,1221.1034121594164,167.80034705451084
450.0,5.0,2540.0,0.0,0.0,11000.0,0.0,0.0,0.0,1.0,0.0,0.0,10.0,1,21.0,0.0,39273.0,31.0,1.0,1.0,0.0,0.0,1.0,1.0,1.0,1.0,0.0,3.0,0.0,421.0,0.0,0.0,0.0,18.0,1,669.9933216102894,1.0,0.0,0.0,0.2930865089869098,0.5262867857929796,0.3186582193188578,0.4722400116486783,0.479325528660986,0.8033953066706874,0.7254303093701093,0.4901374157960351,0.5878781922186402,0.5740259740259741,0,0,0,0,0,0,0,0,0,0,0,0,0,0,0,0,0,0,0,0,0,0,0,0,0,0,0,0,0,0,0,0,0,0,0,0,0,0,0,1,1,0,0,1,1,1,1,1,1,0.0,0.3954049468119819,1135.229201568489,304.2713875615766
227.0,0.0,1704.0,1289.0,2.0,10000.0,0.0,0.0,0.0,1.0,1.0,0.0,8.0,1,4.0,1.0,39993.0,27.0,0.0,1.0,0.0,0.0,1.0,0.0,1.0,0.0,0.0,3.0,2.0,410.0,0.0,0.0,0.0,133.0,0,0.0,0.0,0.0,0.0,0.3820860632796651,0.6265540014947116,0.1013529875613886,0.0910906739600082,0.479325528660986,0.8033953066706874,0.6782613942762502,0.3311287662316008,0.8407971931883859,0.2792207792207792,0,0,0,0,0,0,0,0,0,0,0,0,0,0,0,0,0,0,0,0,0,0,0,0,0,0,0,0,0,0,0,0,0,0,0,0,0,0,0,1,1,0,0,1,1,1,1,0,0,0.0,0.1352742027390199,2256.120642668187,99.65158130734267
923.0,228.0,2400.0,0.0,0.0,4500.0,0.0,0.0,0.0,1.0,1.0,0.0,11.0,1,15.0,0.0,31573.0,27.0,1.0,0.0,0.0,0.0,1.0,0.0,1.0,1.0,0.0,2.0,0.0,222.0,0.0,0.0,0.0,17.0,1,514.9065289814869,1.0,0.0,0.0,0.3007480464619328,0.2193825525759062,0.598668274087393,0.4990239887401476,0.888626561492143,0.7259685037254218,0.8128628301661033,0.7685245292650971,0.7794190481376081,0.5584415584415584,0,0,0,0,0,0,0,0,0,0,0,0,0,0,0,0,0,0,0,0,0,0,0,0,0,0,0,0,0,0,0,0,0,0,0,0,0,0,0,1,1,1,1,0,0,0,0,0,0,0.0,0.4261437481093969,1164.3888774709214,183.77603777285864
264.0,0.0,1633.0,0.0,0.0,0.0,0.0,0.0,0.0,0.0,0.0,0.0,0.0,0,0.0,0.0,33673.0,68.0,0.0,1.0,0.0,0.0,1.0,0.0,1.0,0.0,1.0,1.0,0.0,251.0,0.0,0.0,0.0,2.0,0,0.0,0.0,1.0,0.0,0.3227477604238423,0.4672397463078178,0.5391648016067933,0.7496598308311766,0.7712310803994022,0.0888154171243318,0.3965293423251355,0.7004746291299808,0.3295160985789249,0.0259740259740259,0,0,0,0,0,0,0,0,0,0,0,0,0,0,0,0,1,0,0,0,0,0,0,0,0,0,0,0,0,0,0,0,0,0,0,0,0,0,0,1,1,1,1,0,0,0,0,0,0,0.0,0.1222544978161557,2174.851979327072,78.99545727071504
21499.0,829.0,22252.0,0.0,0.0,3000.0,0.0,0.0,0.0,0.0,0.0,0.0,8.0,1,6.0,1.0,30367.0,46.0,0.0,1.0,0.0,0.0,3.0,0.0,1.0,0.0,0.0,2.0,0.0,54.0,0.0,0.0,0.0,15.0,1,0.0,0.0,0.0,1.0,0.4301186715293889,0.425174798337611,0.4121526875957018,0.2806696723738943,0.3147279151250651,0.3781535657452207,0.1923377223414365,0.817556950407273,0.5287386684995562,0.3506493506493506,0,0,0,0,0,0,0,0,0,0,0,0,0,0,0,0,0,0,0,0,0,0,0,0,0,0,0,0,0,0,0,0,0,0,0,0,0,0,0,1,1,1,1,1,1,0,0,1,1,0.0,0.2923882896764253,2942.690067641246,239.00394826594595
732.0,171.0,2065.0,0.0,0.0,5000.0,0.0,0.0,0.0,1.0,1.0,1.0,9.0,1,15.0,0.0,29349.0,29.0,0.0,1.0,0.0,0.0,1.0,0.0,0.0,1.0,0.0,2.0,0.0,33.0,0.0,0.0,0.0,40.0,0,0.0,0.0,0.0,0.0,0.4358647298363519,0.2701621670433133,0.6188015287371751,0.5934542046081767,0.6997497072603955,0.7304251212655783,0.5799907351933266,0.5553339608766039,0.7716524362217458,0.4831168831168831,0,0,0,0,0,0,0,0,0,0,0,0,0,0,0,0,0,0,0,0,0,0,0,0,0,0,0,0,0,0,0,0,0,0,0,0,0,0,0,1,1,1,1,1,1,1,1,1,1,1.0,0.6073385152515746,1402.8147762071046,383.2234640623922
5570.0,1952.0,3005.0,0.0,0.0,4000.0,0.0,0.0,0.0,1.0,1.0,0.0,8.0,1,10.0,0.0,31055.0,53.0,0.0,1.0,0.0,0.0,3.0,0.0,1.0,1.0,0.0,2.0,0.0,350.0,0.0,0.0,0.0,61.0,0,3106.573447048572,1.0,0.0,1.0,0.4874847734640393,0.3448058214069527,0.407956890616816,0.5494144761725214,0.3981738226532608,0.551694917903767,0.4399649538540536,0.3208956513389401,0.2799294532001932,0.1909090909090909,0,0,0,0,0,0,0,0,0,0,0,0,0,0,0,0,0,0,0,0,0,0,0,0,0,0,0,0,0,0,0,0,0,0,0,0,0,0,0,1,1,0,0,1,1,1,1,1,1,1.0,0.68333708944515,1895.2859353957328,560.4290640061362
241.0,0.0,2813.0,0.0,0.0,1500.0,0.0,0.0,0.0,1.0,0.0,0.0,11.0,1,6.0,1.0,27885.0,23.0,1.0,1.0,0.0,0.0,1.0,1.0,0.0,0.0,0.0,2.0,0.0,186.0,0.0,1.0,0.0,3.0,0,0.0,0.0,0.0,0.0,0.5000064260072353,0.4957590319001272,0.5628759329578877,0.4622855442717842,0.4619417816986192,0.4649551830125366,0.5916180448962992,0.5418299865905134,0.4545040530953961,0.2467532467532467,0,0,0,0,0,0,0,0,0,0,0,0,0,0,0,0,0,0,0,0,0,0,0,0,0,0,0,0,0,0,0,0,0,0,0,0,0,0,0,1,1,1,1,1,1,1,1,1,0,1.0,0.5327314407469819,1772.7635719671453,454.20519573083516
227.0,0.0,1620.0,0.0,0.0,0.0,0.0,0.0,0.0,0.0,0.0,0.0,6.0,1,9.0,0.0,28784.0,26.0,1.0,0.0,0.0,0.0,0.0,0.0,1.0,0.0,0.0,2.0,0.0,165.8,1.0,0.0,0.0,2.0,0,0.0,0.0,0.0,0.0,0.6701734919329045,0.4909217322547968,0.3464944808377254,0.860199634554357,0.5678249954428667,0.2608715730536005,0.5236944976959619,0.2155206337531052,0.5340044750611137,0.3298701298701299,0,0,0,0,0,0,0,0,0,0,0,0,0,0,0,0,0,0,0,0,0,0,0,0,0,0,0,0,0,1,0,0,0,0,0,0,0,0,0,1,1,1,0,1,1,1,1,1,1,0.0,0.4517252931323282,1732.9069817500742,188.54476471100537
240.0,0.0,1647.0,0.0,0.0,2500.0,0.0,0.0,0.0,0.0,0.0,0.0,10.0,1,0.0,0.0,28121.0,38.0,0.0,1.0,0.0,0.0,1.0,0.0,0.0,0.0,0.0,2.0,0.0,146.0,0.0,0.0,0.0,4.0,1,0.0,0.0,0.0,0.0,0.7051253452272271,0.5166588271995086,0.4282507279686922,0.3134825417641349,0.5720917559192674,0.767205685922232,0.3305854692194951,0.4402860232028721,0.865912042982267,0.4623376623376622,0,0,0,0,0,0,0,0,0,0,0,0,0,0,0,0,0,0,0,0,0,0,0,0,0,0,0,0,0,0,0,0,0,0,0,0,0,0,0,1,1,1,1,1,1,1,1,1,1,0.0,0.1656654848669842,1318.4023529582648,78.0364287740294
252.0,0.0,2383.0,0.0,0.0,2500.0,0.0,0.0,0.0,0.0,0.0,0.0,1.0,1,8.0,0.0,29721.0,26.0,0.0,1.0,0.0,0.0,1.0,0.0,1.0,1.0,0.0,3.0,3.0,59.0,0.0,0.0,0.0,50.0,0,0.0,0.0,0.0,0.0,0.4863012221172389,0.4605346632456873,0.4854973048994971,0.3435097070002778,0.4325179242894171,0.5119804228559792,0.4656073251584911,0.4548368366780444,0.6231204899564872,0.638961038961039,0,0,0,0,0,0,0,0,0,0,0,0,0,0,0,0,0,0,0,0,0,0,0,0,0,0,0,0,0,0,0,0,0,0,0,0,0,0,0,1,1,1,1,1,1,1,1,1,1,0.0,0.2721722611268463,1585.4921455547308,218.884698396645
227.0,811.0,1622.0,0.0,0.0,0.0,0.0,0.0,0.0,0.0,1.0,0.0,6.0,1,2.0,0.0,32351.0,48.0,0.0,0.0,0.0,0.0,1.0,0.0,1.0,0.0,0.0,2.0,0.0,482.0,0.0,0.0,0.0,2.0,0,0.0,0.0,0.0,0.0,0.5138385600547747,0.4980417127246063,0.773869511047301,0.298376229590114,0.7379257374612908,0.3393087472277756,0.594677696225686,0.2845473961056463,0.5512243371800793,0.3428571428571428,0,0,0,0,0,0,0,0,0,0,0,0,0,0,0,0,0,0,0,0,0,0,0,0,0,0,0,0,0,0,0,0,0,0,0,0,0,0,0,1,1,0,0,1,1,0,0,1,1,0.0,0.1931705816712195,2201.561700579097,83.26570914817682
236.0,1.0,1638.0,0.0,0.0,12000.0,0.0,0.0,0.0,0.0,0.0,0.0,3.0,1,9.0,0.0,30422.0,48.0,1.0,1.0,0.0,0.0,1.0,0.0,1.0,0.0,0.0,3.0,0.0,392.0,0.0,0.0,0.0,115.0,0,0.0,0.0,0.0,0.0,0.8071654008184687,0.1079731962339753,0.3905128767234241,0.639214334915758,0.6834476931417783,0.5781388887528499,0.3450253089170955,0.386261892145752,0.5962278690525482,0.7064935064935065,0,0,0,0,0,0,0,0,0,0,0,0,0,0,0,0,0,0,0,0,0,0,0,0,0,0,0,0,0,0,0,0,0,0,0,0,0,0,0,0,0,1,1,0,0,1,1,1,1,0.0,0.2404261865092251,1512.97343934145,161.32642268103987
227.0,0.0,1622.0,0.0,0.0,0.0,0.0,0.0,0.0,0.0,0.0,0.0,3.0,1,3.0,0.0,36013.0,22.0,0.0,1.0,0.0,0.0,1.0,0.0,1.0,0.0,0.0,1.0,0.0,190.0,0.0,0.0,0.0,1.0,1,0.0,0.0,0.0,0.0,0.5286257158244582,0.9904020707416324,0.6823487981624152,0.5731635053413673,0.6358513253562073,0.3948031982129667,0.284738434529302,0.5587575223638698,0.5138430640117095,0.3155844155844156,0,0,0,0,0,0,0,0,0,0,0,0,0,0,0,0,0,0,0,0,0,0,0,0,0,0,0,0,0,0,0,0,0,0,0,0,0,0,0,0,0,1,1,1,1,1,1,1,1,0.0,0.2184746328264051,2585.7279552458517,137.77179142147236
350.0,35.0,1683.0,0.0,0.0,2500.0,0.0,0.0,0.0,0.0,0.0,0.0,7.0,0,6.0,0.0,28813.0,64.0,0.0,1.0,0.0,0.0,1.0,0.0,1.0,1.0,1.0,2.0,0.0,379.0,0.0,0.0,0.0,102.0,0,0.0,0.0,1.0,0.0,0.6183803960786581,0.4672754030792027,0.4790531924917474,0.291909103383443,0.4286880784466375,0.5957862454661614,0.3923315823844383,0.5879984191695474,0.9723121623791612,0.5909090909090909,0,0,0,0,0,0,0,0,0,0,0,0,0,0,0,0,0,0,0,0,0,0,0,0,0,0,0,0,0,0,0,0,0,0,0,0,0,0,0,1,1,1,1,1,1,1,1,0,0,0.0,0.3184329731484013,1421.910437907185,169.428090293743
2351.0,30.0,7967.0,540.0,2.0,10500.0,0.0,0.0,1.0,0.0,0.0,0.0,11.0,1,14.0,1.0,32814.0,39.0,1.0,1.0,0.0,0.0,2.0,0.0,1.0,1.0,0.0,3.0,2.0,529.0,0.0,0.0,0.0,109.0,1,0.0,0.0,0.0,1.0,0.7152183069622448,0.6209397018814518,0.2573781061218792,0.5050197048409764,0.3270648882528538,0.2668743593167786,0.2910661283012436,0.4047736155525077,0.6992277556453922,0.5545454545454545,0,0,0,0,0,0,0,0,0,0,0,0,0,0,0,0,0,0,0,0,0,0,0,0,0,0,0,0,0,0,0,0,0,0,0,0,0,0,0,1,1,1,1,1,1,1,1,1,1,0.0,0.3324225593827309,1788.3751716466938,325.7322177198129
13708.0,1089.0,11326.0,0.0,0.0,0.0,0.0,0.0,0.0,0.0,0.0,0.0,8.0,0,1.0,0.0,28746.0,76.0,1.0,1.0,0.0,0.0,3.0,0.0,1.0,0.0,0.0,1.0,0.0,671.0,0.0,0.0,0.0,33.0,0,0.0,0.0,0.0,1.0,0.2843360802992746,0.2824128413878878,0.4076533288380385,0.4915150621349077,0.2133972148570082,0.5164691022630679,0.6869366620620898,0.5315350414204199,0.4410813058090436,0.4428571428571428,0,0,0,0,0,0,0,0,0,0,0,0,0,0,0,0,0,0,0,0,0,0,0,0,0,0,0,0,0,0,0,0,0,0,0,0,0,0,0,1,1,1,1,1,1,1,1,1,1,0.0,0.1737564861657024,1988.347803136984,132.93671656188417
227.0,810.0,1620.0,0.0,0.0,0.0,0.0,0.0,0.0,0.0,1.0,0.0,6.0,0,6.0,1.0,31790.0,48.0,1.0,1.0,1.0,0.0,0.0,0.0,1.0,0.0,1.0,2.0,0.0,230.0,0.0,2.0,182.0,3.0,1,0.0,0.0,0.0,0.0,0.4706117811724921,0.449784966243607,0.7402170086195182,0.5076178273417691,0.7379257374612908,0.2380389678708162,0.4493516770359297,0.4936585087767932,0.5316370669015563,0.3493506493506493,0,0,0,0,0,0,0,0,0,0,0,0,0,0,0,0,0,0,0,0,0,0,0,0,0,0,0,0,0,1,0,0,0,0,0,0,0,0,0,1,1,1,0,1,0,1,1,1,1,0.0,0.205296907056113,1701.5217232531022,113.1131076519851
227.0,810.0,1620.0,0.0,0.0,0.0,0.0,0.0,0.0,0.0,0.0,0.0,5.0,1,6.0,0.0,25603.0,44.0,0.0,1.0,0.0,0.0,0.0,0.0,1.0,0.0,0.0,3.0,1.0,155.0,0.0,0.0,0.0,2.0,0,0.0,0.0,0.0,0.0,0.5688133664684957,0.4360487378880254,0.6074744061238693,0.3851305944144454,0.4259621667805185,0.190858293932761,0.778504255630015,0.4622171690430247,0.373290452368578,0.4038961038961039,0,0,0,0,0,0,0,0,0,0,0,0,0,0,0,0,0,0,0,0,0,0,0,0,0,0,0,0,0,1,0,0,0,0,0,0,0,0,0,1,0,1,1,1,0,1,0,1,1,0.0,0.1714840999496868,2116.527855758034,75.00937171438753
303.0,3.0,1751.0,0.0,0.0,0.0,0.0,0.0,0.0,0.0,0.0,0.0,5.0,1,8.0,0.0,36536.0,56.0,1.0,1.0,0.0,0.0,1.0,0.0,1.0,0.0,0.0,2.0,0.0,398.0,0.0,0.0,0.0,12.0,1,0.0,0.0,1.0,0.0,0.8953213229156792,0.4786609879909014,0.993998491478223,0.9971699373416008,0.5025142915106235,0.2703066298945934,0.3359646607926139,0.0782526245740859,0.9335943266973104,0.9025974025974026,0,0,0,0,0,0,0,0,0,0,0,0,0,0,0,0,0,0,0,0,0,0,0,0,0,0,0,0,0,0,0,0,0,0,0,0,0,0,0,0,0,0,0,1,1,0,0,0,0,0.0,0.2332721916781551,1690.0273159056624,194.73506636980218
636.0,0.0,2161.0,0.0,0.0,4000.0,0.0,0.0,0.0,0.0,0.0,0.0,9.0,1,9.0,0.0,33862.0,67.0,1.0,1.0,0.0,0.0,2.0,0.0,1.0,1.0,0.0,1.0,0.0,324.0,0.0,0.0,0.0,51.0,0,0.0,0.0,1.0,1.0,0.9413040926523898,0.9999999000000004,0.5143877502231518,0.7399233712551917,0.685715010331444,0.66579154000555,0.9631539241197438,0.9244259668262,0.8422306766839684,0.7701298701298701,0,0,0,0,0,0,0,0,0,0,0,0,0,0,0,0,0,0,0,0,0,0,0,0,0,0,0,0,0,0,0,0,0,0,0,0,0,0,0,0,0,1,1,1,1,0,0,1,1,0.0,0.2188943377307053,1093.4119402093563,153.3734566872761
2552.0,1746.0,3492.0,0.0,0.0,3000.0,0.0,0.0,0.0,0.0,0.0,0.0,1.0,1,2.0,0.0,39648.0,72.0,1.0,1.0,0.0,0.0,3.0,0.0,1.0,0.0,0.0,1.0,0.0,346.0,0.0,0.0,0.0,32.0,0,0.0,0.0,1.0,0.0,0.2914168450822109,0.4161125654893383,0.6027198583937771,0.6683089898827413,0.5586632354157981,0.375508349482989,0.3907462368662729,0.5043187762015111,0.6556739304037,0.6324675324675325,0,0,0,0,0,0,0,0,0,0,0,0,0,0,0,0,0,0,0,0,0,0,0,0,0,0,0,0,0,0,0,0,0,0,0,0,0,0,0,0,0,1,1,1,1,1,1,1,1,0.0,0.2057795535790307,1715.5405283014975,128.10357888746876
687.0,193.0,1697.0,0.0,0.0,3000.0,0.0,0.0,0.0,0.0,0.0,0.0,10.0,1,0.0,0.0,29629.0,68.0,0.0,1.0,0.0,0.0,1.0,0.0,1.0,0.0,0.0,1.0,0.0,269.0,0.0,0.0,0.0,29.0,0,0.0,0.0,1.0,0.0,0.4551313560953163,0.3754036401694129,0.4854973048994971,0.3435097070002778,0.5153380055477281,0.532258581206048,0.4616275759329857,0.5841828751586478,0.8882141159227901,0.8441558441558441,0,0,0,0,0,0,0,0,0,0,0,0,0,0,0,0,0,0,0,0,0,0,0,0,0,0,0,0,0,0,0,0,0,0,0,0,0,0,0,1,1,1,1,1,1,1,1,0,0,0.0,0.1628490590919587,1389.7771739637958,89.62761555973901
1002.0,0.0,2674.0,0.0,0.0,0.0,0.0,0.0,0.0,0.0,0.0,0.0,6.0,1,3.0,0.0,28615.0,74.0,1.0,1.0,0.0,0.0,2.0,0.0,1.0,0.0,0.0,1.0,0.0,443.0,0.0,0.0,0.0,2.0,0,0.0,0.0,1.0,1.0,0.499988370069054,0.4965714408191754,0.7392907760656031,0.6098178906973224,0.5678249954428667,0.4363525024102443,0.635714049529373,0.3509568439485557,0.4736345983027885,0.7155844155844157,0,0,0,0,0,0,0,0,0,0,0,0,0,0,0,0,0,0,0,0,0,0,0,0,0,0,0,0,0,0,0,0,0,0,0,0,0,0,0,1,1,0,0,1,1,1,1,1,1,0.0,0.2679503105590061,2951.92022018038,261.47450932519365
8292.0,1262.0,8548.0,0.0,0.0,6000.0,0.0,0.0,0.0,0.0,0.0,0.0,4.0,1,7.0,0.0,26044.0,73.0,1.0,1.0,0.0,0.0,3.0,0.0,1.0,0.0,0.0,1.0,0.0,350.0,0.0,0.0,0.0,55.0,0,0.0,0.0,1.0,0.0,0.3796777217346446,0.5093535759254123,0.4163569188556232,0.5905302255226249,0.4890641135716357,0.59661528873576,0.4165033917781107,0.5266148934662784,0.5195156276883398,0.5233766233766234,0,0,0,0,0,0,0,0,0,0,0,0,0,0,0,0,0,0,0,0,0,0,0,0,0,0,0,0,0,0,0,0,0,0,0,0,0,0,0,1,1,1,1,1,1,1,1,1,1,0.0,0.3650655782263978,1430.9115190493922,237.55003220448313
227.0,810.0,1620.0,0.0,0.0,0.0,0.0,0.0,0.0,0.0,1.0,0.0,9.0,1,5.0,0.0,37185.0,39.0,0.0,1.0,0.0,0.0,0.0,0.0,1.0,0.0,0.0,2.0,0.0,0.0,0.0,0.0,0.0,3.0,1,0.0,0.0,0.0,0.0,0.5430407874734081,0.2800705639971328,0.6823487981624151,0.5360078110052373,0.8626444356716855,0.451408154214478,0.6454686658122428,0.1606843243151733,0.3886300301502145,0.3857142857142858,0,0,0,0,0,0,0,0,0,0,0,0,0,0,0,0,0,0,0,0,0,0,0,0,0,0,0,0,0,0,0,0,0,0,0,0,0,0,0,1,1,1,1,0,0,0,0,1,1,0.0,0.1477203511958327,1920.0526784702088,64.14204319383498
4852.0,1597.0,2645.0,0.0,0.0,4000.0,0.0,0.0,0.0,0.0,0.0,0.0,5.0,1,13.0,0.0,31578.0,24.0,0.0,1.0,0.0,0.0,2.0,0.0,1.0,1.0,0.0,2.0,0.0,63.0,0.0,0.0,0.0,1.0,0,0.0,0.0,0.0,0.0,0.4874847734640393,0.3448058214069527,0.5259304332006474,0.565363292690774,0.5110460122056664,0.7633130163979869,0.3703778114671637,0.43253705593131,0.4068841666050142,0.2376623376623376,0,0,0,0,0,0,0,0,0,0,0,0,0,0,0,0,0,0,0,0,0,0,0,0,0,0,0,0,0,0,0,0,0,0,0,0,0,0,0,1,1,1,1,0,0,1,1,1,1,0.0,0.3854045612772453,3138.693181708809,229.90080214427007
3568.0,254.0,2152.0,0.0,0.0,0.0,0.0,0.0,0.0,0.0,1.0,0.0,5.0,1,5.0,0.0,35515.0,61.0,0.0,1.0,0.0,0.0,1.0,0.0,1.0,0.0,0.0,1.0,0.0,415.0,0.0,0.0,0.0,3.0,0,0.0,0.0,0.0,0.0,0.595349176102116,0.4574822783267995,0.6541105702809705,0.483039745559746,0.4982147847410513,0.5675874133130427,0.5385336712748213,0.4465819171424975,0.7326502614237829,0.7467532467532467,0,0,0,0,0,0,0,0,0,0,0,0,0,0,0,0,0,0,0,0,0,0,0,0,0,0,0,0,0,0,0,0,0,0,0,0,0,0,0,1,1,1,1,1,1,1,1,0,0,0.0,0.2998279432985315,2744.9879334656416,167.52276766900127
231.0,1.0,1688.0,0.0,3.0,1500.0,0.0,0.0,0.0,1.0,0.0,0.0,8.0,1,5.0,1.0,30487.0,39.0,1.0,1.0,0.0,0.0,1.0,0.0,1.0,0.0,0.0,3.0,3.0,275.0,0.0,1.0,0.0,58.0,0,0.0,0.0,0.0,0.0,0.5617505136359571,0.533864552675653,0.5514661501441764,0.3407515419524548,0.5993855980163191,0.3977893132887031,0.5893943309275547,0.5626661027082913,0.4063150721287846,0.5844155844155844,0,0,0,0,0,0,0,0,0,0,0,0,0,0,0,0,0,0,0,0,0,0,0,0,0,0,0,0,0,0,0,0,0,0,0,0,0,0,0,1,1,1,1,1,1,1,1,1,1,0.0,0.368410036184078,1133.6249742549787,274.66735504520227
4331.0,0.0,2364.0,0.0,0.0,5000.0,0.0,0.0,0.0,0.0,0.0,0.0,3.0,0,3.0,0.0,46924.0,66.0,1.0,1.0,0.0,0.0,1.0,0.0,0.0,0.0,1.0,1.0,0.0,122.0,0.0,0.0,0.0,3.0,0,0.0,0.0,1.0,0.0,0.5548248522155637,0.4008319886337571,0.3887672177263763,0.3210168295519126,0.425955194961359,0.122686064053938,0.6439555169134917,0.5090626681006002,0.5302956508912667,0.7077922077922076,0,0,0,0,0,0,0,0,0,0,0,0,0,0,0,0,0,0,0,0,0,0,0,0,0,0,0,0,0,0,0,0,0,0,0,0,0,0,0,1,1,1,1,1,1,1,1,1,1,0.0,0.2225596320976669,2421.2112555913427,189.2525654392818
10455.0,70.0,14734.0,225.0,1.0,9500.0,1.0,0.0,1.0,1.0,1.0,0.0,10.0,1,6.0,1.0,36016.0,54.0,1.0,1.0,0.0,0.0,3.0,0.0,1.0,1.0,0.0,2.0,0.0,623.0,0.0,0.0,0.0,47.0,0,3292.9897446621167,1.0,0.0,1.0,0.4641926208951014,0.3554257444531798,0.5551740460663683,0.1063956252347879,0.4641985847041853,0.507293517882001,0.5925778268571161,0.4771135210936703,0.2755239169262944,0.3987012987012986,0,0,0,0,0,0,0,0,0,0,0,0,0,0,0,0,0,0,0,0,0,0,0,0,0,0,0,0,0,0,0,0,0,0,0,0,0,0,0,1,1,0,0,1,1,0,0,1,1,0.0,0.4569409057350654,2356.9958438298545,552.3880856808028
227.0,810.0,1620.0,0.0,0.0,1500.0,0.0,0.0,0.0,1.0,1.0,0.0,5.0,1,9.0,0.0,23614.0,31.0,1.0,1.0,0.0,0.0,1.0,0.0,1.0,0.0,0.0,2.0,0.0,228.0,0.0,0.0,0.0,4.0,0,0.0,0.0,0.0,0.0,0.4218198212603875,0.5915993358626268,0.6607318955611723,0.4707999230977154,0.4787299387376743,0.4290299829038628,0.6573692747449986,0.4951977249579968,0.2860650799425774,0.5428571428571428,0,0,0,0,0,0,0,0,0,0,0,0,0,0,0,0,0,0,0,0,0,0,0,0,0,0,0,0,0,0,0,0,0,0,0,0,0,0,0,1,1,1,1,1,1,1,1,1,1,0.0,0.3746217254597533,1663.378770013846,227.15399572873608
14214.0,1626.0,17519.0,182.0,1.0,4000.0,0.0,0.0,1.0,0.0,0.0,0.0,2.0,1,9.0,1.0,39450.0,52.0,0.0,1.0,1.0,0.0,3.0,0.0,1.0,0.0,0.0,2.0,0.0,467.0,0.0,1.0,0.0,20.0,1,0.0,0.0,0.0,1.0,0.4531833970649782,0.3177198035560123,0.3932205376988854,0.370228028749156,0.4881441846332538,0.4023559693681998,0.5494486980053962,0.5888110203660375,0.4543585271994413,0.4545454545454546,0,0,0,0,0,0,0,0,0,0,0,0,0,0,0,0,0,0,0,0,0,0,0,0,0,0,0,0,0,0,0,0,0,0,0,0,0,0,0,1,1,1,1,1,1,1,1,1,1,0.0,0.2726549421438785,2502.800999065186,306.8473738104533
2020.0,392.0,2549.0,0.0,0.0,750.0,0.0,0.0,1.0,1.0,0.0,0.0,0.0,1,9.0,0.0,30448.0,19.0,1.0,1.0,0.0,0.0,1.0,0.0,1.0,0.0,0.0,1.0,0.0,257.0,0.0,0.0,0.0,4.0,0,0.0,0.0,0.0,0.0,0.8140221959415948,0.9367167839226174,0.5514920451831398,0.463595521978802,0.3478561258005666,0.0570202175630419,0.6464586744293248,0.5031901083429035,0.7231590984774969,0.3506493506493506,0,0,0,0,0,0,0,0,0,0,0,0,0,0,0,0,0,0,0,0,0,0,0,0,0,0,0,0,0,0,0,0,0,0,0,0,0,0,0,0,0,1,1,0,0,1,1,0,0,0.0,0.2157317878733486,1843.2537952769485,178.45614706948467
238.0,4.0,1624.0,0.0,0.0,0.0,0.0,0.0,0.0,0.0,0.0,0.0,5.0,1,4.0,0.0,33086.0,35.0,0.0,1.0,0.0,0.0,1.0,0.0,1.0,0.0,0.0,2.0,0.0,473.0,0.0,0.0,0.0,4.0,1,0.0,0.0,0.0,0.0,0.8147540996555674,0.1553741660131232,0.7710108519500204,0.7653828197973326,0.7539246311106191,0.4556509009841097,0.6322850009891083,0.5650342138695356,0.5301873376646735,0.3779220779220779,0,0,0,0,0,0,0,0,0,0,0,0,0,0,0,0,0,0,0,0,0,0,0,0,0,0,0,0,0,0,0,0,0,0,0,0,0,0,0,0,0,1,1,1,1,0,0,1,1,0.0,0.20071283832682,1595.3769842837337,101.78267738635829
242.0,822.0,1644.0,0.0,0.0,1500.0,0.0,0.0,0.0,0.0,0.0,0.0,3.0,1,9.0,0.0,28670.0,62.0,0.0,1.0,0.0,0.0,1.0,0.0,1.0,0.0,0.0,1.0,0.0,378.0,0.0,0.0,0.0,54.0,0,0.0,0.0,1.0,0.0,0.6402088668653078,0.542485814433605,0.3464944808377254,0.4097206877171859,0.639988127053885,0.9605818019402632,0.2343661751820157,0.8358584469659277,0.5689296752687845,0.7038961038961039,0,0,0,0,0,0,0,0,0,0,0,0,0,0,0,0,0,0,0,0,0,0,0,0,0,0,0,0,0,0,0,0,0,0,0,0,0,0,0,1,1,1,1,0,0,0,0,1,1,0.0,0.18047055894781,1458.7556202890132,94.19481082096108
227.0,0.0,1620.0,0.0,0.0,0.0,0.0,0.0,0.0,0.0,0.0,0.0,7.0,1,8.0,1.0,30050.0,30.0,0.0,1.0,1.0,0.0,0.0,0.0,1.0,0.0,0.0,3.0,0.0,176.8,0.0,1.0,2617.0,2.0,1,0.0,0.0,0.0,0.0,0.704669856203691,0.4787291902680716,0.3989583076608108,0.358985110812794,0.7530312975103545,0.2217167371134694,0.471529048773848,0.3930313955758954,0.4109924146337425,0.474025974025974,0,0,0,0,0,0,0,0,0,0,0,0,0,0,0,0,0,0,0,0,0,0,0,0,0,0,0,0,0,1,0,0,0,0,0,0,0,0,0,1,1,1,1,1,1,1,1,1,0,0.0,0.4091883172038583,1296.130696280126,183.63507969497635
227.0,0.0,1621.0,0.0,0.0,0.0,0.0,0.0,0.0,0.0,0.0,1.0,7.0,1,1.0,0.0,24544.0,33.0,0.0,0.0,0.0,0.0,1.0,0.0,0.0,0.0,0.0,2.0,0.0,36.0,0.0,0.0,0.0,2.0,1,0.0,0.0,0.0,0.0,0.5621796544698983,0.6000160522618094,0.6458091079288997,0.3851305944144455,0.3678110935493248,0.4814295470808529,0.778504255630015,0.7437887783619044,0.3883315047342502,0.2597402597402597,0,0,0,0,0,0,0,0,0,0,0,0,0,0,0,0,0,0,0,0,0,0,0,0,0,0,0,0,0,0,0,0,0,0,0,0,0,0,0,1,1,1,1,1,1,1,1,1,0,0.0,0.1356983040340376,1753.531858574151,46.407398220111354
227.0,0.0,1620.0,0.0,0.0,0.0,0.0,0.0,0.0,0.0,0.0,0.0,5.0,1,0.0,0.0,29702.0,53.0,0.0,1.0,0.0,0.0,0.0,0.0,1.0,0.0,0.0,3.0,0.0,158.6,0.0,1.0,1682.0,3.0,0,0.0,0.0,0.0,0.0,0.6751618389973755,0.445274153418505,0.3989583076608108,0.4023709602798059,0.6129736990530912,0.2565224599204748,0.4733125186424515,0.5027560983600162,0.4828716340546897,0.4337662337662338,0,0,0,0,0,0,0,0,0,0,0,0,0,0,0,0,0,0,0,0,0,0,0,0,0,0,0,0,0,1,0,0,0,0,0,0,0,0,0,1,1,1,1,1,1,1,1,1,1,0.0,0.1488369433151673,1581.3360599843977,61.32568914890935
701.0,158.0,1739.0,0.0,0.0,0.0,0.0,0.0,0.0,0.0,1.0,0.0,4.0,1,0.0,0.0,28762.0,68.0,1.0,1.0,0.0,0.0,3.0,0.0,1.0,0.0,0.0,1.0,0.0,350.0,0.0,0.0,0.0,53.0,1,0.0,0.0,1.0,0.0,0.5088703048175534,0.5279224076504586,0.4746785480931886,0.5572994322100308,0.3745396935189208,0.7675109071506097,0.7324752425968181,0.0638554754075681,0.7619174734818979,0.7207792207792207,0,0,0,0,0,0,0,0,0,0,0,0,0,0,0,0,0,0,0,0,0,0,0,0,0,0,0,0,0,0,0,0,0,0,0,0,0,0,0,1,1,1,1,0,0,0,0,0,0,0.0,0.115140562669304,1501.0573004198866,53.70258827385447
450.0,41.0,1667.0,0.0,0.0,0.0,0.0,0.0,0.0,0.0,1.0,0.0,6.0,1,3.0,0.0,30170.0,66.0,0.0,1.0,0.0,0.0,1.0,0.0,1.0,0.0,0.0,1.0,0.0,397.0,0.0,0.0,0.0,3.0,0,0.0,0.0,1.0,0.0,0.713899534565805,0.2855163274308682,0.3989583076608108,0.3726048330124212,0.7530312975103545,0.2217167371134694,0.4715290487738479,0.5539435429879901,0.3376509803005036,0.409090909090909,0,0,0,0,0,0,0,0,0,0,0,0,0,0,0,0,0,0,0,0,0,0,0,0,0,0,0,0,0,0,0,0,0,0,0,0,0,0,0,0,0,1,1,1,1,1,1,1,1,0.0,0.1627521735357019,1936.6965192572336,69.06876994987039
461.0,19.0,3422.0,1199.0,3.0,7000.0,0.0,0.0,0.0,1.0,1.0,0.0,5.0,1,0.0,1.0,26323.0,33.0,1.0,1.0,0.0,0.0,1.0,0.0,1.0,1.0,0.0,3.0,2.0,374.0,0.0,0.0,0.0,69.0,0,901.2406972359296,1.0,0.0,0.0,0.3750325809200639,0.1058959633095793,0.6618988927460505,0.821971518795039,0.5856636595498932,0.5940848041238056,0.6902128891021675,0.4126842456455041,0.5431484987529391,0.6441558441558441,0,0,0,0,0,0,0,0,0,0,0,0,0,0,0,0,0,0,0,0,0,0,0,0,0,0,0,0,0,0,0,0,0,0,0,0,0,0,0,0,0,0,0,1,1,1,1,1,1,0.0,0.2068937292785452,1637.1653000584813,187.40696306798287
227.0,0.0,1620.0,0.0,0.0,3000.0,0.0,0.0,0.0,1.0,0.0,0.0,3.0,1,1.0,0.0,35277.0,56.0,0.0,1.0,0.0,0.0,1.0,0.0,1.0,0.0,0.0,1.0,0.0,410.0,0.0,0.0,0.0,34.0,0,0.0,0.0,0.0,0.0,0.6262355429502914,0.4698790755102731,0.7512958373322476,0.4026040153380213,0.4006212942500505,0.275073411725126,0.4907904612393817,0.3843617682958516,0.8692682254897649,0.9415584415584416,0,0,0,0,0,0,0,0,0,0,0,0,0,0,0,0,0,0,0,0,0,0,0,0,0,0,0,0,0,0,0,0,0,0,0,0,0,0,0,1,1,0,0,1,1,1,1,0,0,0.0,0.17137553378475,1771.3903752788983,143.16221247616514
2718.0,9.0,8332.0,1130.0,1.0,6500.0,1.0,0.0,1.0,1.0,1.0,0.0,7.0,0,10.0,1.0,39475.0,43.0,1.0,1.0,0.0,0.0,2.0,0.0,1.0,1.0,1.0,3.0,3.0,326.0,0.0,0.0,0.0,153.0,0,2151.056201028783,1.0,0.0,1.0,0.4965406999359431,0.5545872363912483,0.3335738986571099,0.630871420284363,0.8367830910199677,0.7844694318798046,0.630038327184261,0.5030706687036438,0.4811936910140722,0.5506493506493506,0,0,0,0,0,0,0,0,0,0,0,0,0,0,0,0,0,0,0,0,0,0,0,0,0,0,0,0,0,0,0,0,0,0,0,0,0,0,0,1,1,1,1,0,0,0,0,1,1,0.0,0.4595076246447496,2031.7664354150008,497.8245768208822
364.0,19.0,8590.0,1044.0,1.0,7000.0,0.0,0.0,0.0,1.0,0.0,0.0,7.0,1,10.0,1.0,28217.0,31.0,1.0,0.0,0.0,0.0,4.0,6.0,1.0,1.0,0.0,3.0,1.0,242.0,1.0,0.0,0.0,118.0,1,0.0,0.0,0.0,0.0,0.4722151506071546,0.453933930353511,0.2381670653444018,0.629318832172283,0.9404937473370242,0.3478885871505403,0.4224147263216982,0.6205404743115537,0.929842389427968,0.8701298701298701,0,0,0,0,0,0,0,0,0,0,0,0,0,0,0,0,0,0,0,0,0,0,0,0,0,0,0,0,0,0,0,0,0,0,0,0,0,0,0,0,0,0,0,0,0,1,1,0,0,0.0,0.4406885577364599,1173.0072752913163,403.854643831131
2050.0,352.0,5681.0,0.0,3.0,5000.0,0.0,0.0,0.0,1.0,1.0,0.0,9.0,0,2.0,1.0,34552.0,38.0,0.0,1.0,0.0,0.0,1.0,0.0,1.0,1.0,0.0,3.0,2.0,274.0,0.0,1.0,0.0,110.0,1,4520.671226818134,1.0,0.0,0.0,0.9006346240341666,0.605244461027408,0.4357548490632063,0.5201746880738843,0.3482613793160299,0.4018339276975939,0.6085932563823395,0.5925039223388167,0.6182683009239314,0.538961038961039,0,0,0,0,0,0,0,0,0,0,0,0,0,0,0,0,0,0,0,0,0,0,0,0,0,0,0,0,0,0,0,0,0,0,0,0,0,0,0,0,0,1,1,1,1,1,1,1,1,0.0,0.1861155221388156,1285.1064587363576,140.89618293228366
3356.0,1059.0,2555.0,0.0,0.0,4500.0,0.0,0.0,0.0,0.0,0.0,0.0,6.0,0,7.0,0.0,29431.0,44.0,1.0,1.0,0.0,0.0,1.0,0.0,1.0,0.0,1.0,2.0,0.0,279.0,0.0,0.0,0.0,25.0,0,2855.034299450212,1.0,0.0,0.0,0.4743974286355644,0.4665688862513247,0.6045306878118495,0.566195154572429,0.6327948093265892,0.5395423046296512,0.3286940697574241,0.2824503239256894,0.0051360293134758,0.0129870129870129,0,0,0,0,0,0,0,0,0,0,0,0,0,0,0,0,0,0,0,0,0,0,0,0,0,0,0,0,0,0,0,0,0,0,0,0,0,0,0,1,1,1,1,1,1,0,0,0,0,0.0,0.299411038169762,1846.177978690718,152.4691111435562
23313.0,0.0,33417.0,814.0,1.0,15000.0,0.0,0.0,0.0,1.0,1.0,0.0,12.0,1,6.0,1.0,31554.0,51.0,1.0,1.0,0.0,0.0,3.0,1.0,0.0,1.0,0.0,2.0,1.0,255.0,0.0,0.0,0.0,49.0,1,3649.4155076115935,1.0,0.0,1.0,0.4537876781166135,0.4518775101839195,0.4619066786529283,0.3806580439714914,0.3147279151250651,0.3781535657452207,0.3683239421126817,0.6613742389116755,0.5109035567109037,0.2831168831168831,0,0,0,0,0,0,0,0,0,0,0,0,0,0,0,0,0,0,0,0,0,0,0,0,0,0,0,0,0,0,0,0,0,0,0,0,0,0,0,1,1,1,1,1,1,1,1,1,1,0.0,0.1649486591366734,3473.3992563658257,187.3885242519681
290.0,845.5,1691.0,0.0,0.0,14000.0,0.0,0.0,0.0,0.0,1.0,0.0,4.0,1,3.0,0.0,32834.0,57.0,0.0,1.0,0.0,0.0,1.0,0.0,1.0,1.0,0.0,2.0,0.0,379.0,0.0,0.0,0.0,72.0,0,309.7546874122195,1.0,0.0,0.0,0.5013465829612869,0.4810338762780411,0.5123400448208668,0.8726655919012042,0.5827820653749265,0.6098299376205331,0.5765648454326063,0.6321439713269219,0.3909624553880805,0.6324675324675325,0,0,0,0,0,0,0,0,0,0,0,0,0,0,0,0,0,0,0,0,0,0,0,0,0,0,0,0,0,0,0,0,0,0,0,0,0,0,0,1,1,0,0,1,1,1,1,1,1,0.0,0.3006688636239546,1603.172242787321,140.19959094154268
927.0,2781.0,5562.0,1481.0,1.0,9000.0,0.0,0.0,0.0,1.0,1.0,0.0,8.0,1,44.0,1.0,35466.0,31.0,0.0,0.0,0.0,0.0,1.0,0.0,1.0,1.0,0.0,2.0,0.0,273.0,0.0,0.0,0.0,19.0,0,0.0,0.0,0.0,0.0,0.9924741468355052,0.7724520712281268,0.4425311753574113,0.4976459072424767,0.2326034831188,0.3105606445664612,0.4160860735586973,0.3610694979430328,0.3988026312068772,0.577922077922078,0,0,0,0,0,0,0,0,0,0,0,0,0,0,0,0,0,0,0,0,0,0,0,0,0,0,0,0,0,0,0,0,0,0,0,0,0,0,0,0,0,1,1,0,0,1,1,1,1,1.0,0.501167495110494,2061.5898709984613,466.7347157147772
227.0,0.0,1620.0,0.0,0.0,0.0,0.0,0.0,0.0,0.0,1.0,0.0,10.0,1,9.0,0.0,28481.0,43.0,0.0,0.0,0.0,0.0,1.0,0.0,0.0,0.0,0.0,2.0,0.0,229.0,0.0,0.0,0.0,4.0,1,0.0,0.0,0.0,0.0,0.6036042384160784,0.4909217322547967,0.3464944808377254,0.5572994322100308,0.5678249954428667,0.3746571203252511,0.523694497695962,0.1900446965364611,0.5340044750611137,0.3298701298701298,0,0,0,0,0,0,0,0,0,0,0,0,0,0,0,0,0,0,0,0,0,0,0,0,0,0,0,0,0,0,0,0,0,0,0,0,0,0,0,1,1,1,1,1,1,1,1,1,1,0.0,0.4441946674850852,1387.2037031968948,124.06877460670047
227.0,0.0,3746.0,0.0,1.0,10000.0,0.0,0.0,0.0,1.0,0.0,0.0,3.0,0,1.0,1.0,25186.0,25.0,0.0,1.0,0.0,0.0,1.0,0.0,1.0,0.0,0.0,3.0,0.0,53.0,0.0,0.0,0.0,31.0,1,0.0,0.0,0.0,0.0,0.3828168745733003,0.3562723904127957,0.6229933710311734,0.6652261844726448,0.5119083851475619,0.3965046346434836,0.3778941322890056,0.4600488128162107,0.6135897862960404,0.5974025974025974,0,0,0,0,0,0,0,0,0,0,0,0,0,0,0,0,0,0,0,0,0,0,0,0,0,0,0,0,0,0,0,0,0,0,0,0,0,0,0,1,1,1,1,0,0,1,1,0,0,0.0,0.1598570554256645,1490.459968469331,113.82188722015593
3091.0,1133.0,2114.0,0.0,0.0,0.0,0.0,0.0,0.0,0.0,0.0,0.0,8.0,0,2.0,0.0,32856.0,57.0,1.0,1.0,0.0,0.0,1.0,0.0,1.0,0.0,1.0,1.0,0.0,324.0,0.0,0.0,0.0,25.0,0,0.0,0.0,0.0,0.0,0.5421532810525855,0.5477350249240998,0.5848271640625745,0.4261707214395369,0.5954206133051982,0.5098534065839481,0.5531323795884688,0.4130869561893798,0.4045419500488291,0.5558441558441558,0,0,0,0,0,0,0,0,0,0,0,0,0,0,0,0,0,0,0,0,0,0,0,0,0,0,0,0,0,0,0,0,0,0,0,0,0,0,0,1,1,1,1,1,1,1,1,1,1,0.0,0.3304371297801372,1405.2620966537982,155.89631429678946
1259.0,1717.0,3434.0,0.0,0.0,15000.0,0.0,0.0,0.0,1.0,1.0,0.0,1.0,1,7.0,0.0,36228.0,42.0,1.0,1.0,0.0,0.0,1.0,0.0,1.0,0.0,0.0,3.0,0.0,339.0,0.0,0.0,0.0,156.0,0,5097.106192014352,1.0,0.0,0.0,0.3647392522512698,0.451854043407793,0.3356654936249609,0.6209902330974307,0.4230357641431451,0.6647859943368882,0.7229492888165264,0.1728790101309663,0.4943890430955632,0.4883116883116883,0,0,0,0,0,0,0,0,0,0,0,0,0,0,0,0,0,0,0,0,0,0,0,0,0,0,0,0,0,0,0,0,0,0,0,0,0,0,0,1,1,1,1,1,1,0,0,1,1,0.0,0.164156124511724,1740.693521510564,119.14308751065137
20564.0,121.0,34303.0,0.0,1.0,0.0,0.0,0.0,0.0,0.0,0.0,0.0,2.0,1,4.0,0.0,26919.0,46.0,1.0,1.0,0.0,0.0,3.0,1.0,1.0,0.0,0.0,3.0,0.0,184.0,0.0,5.0,0.0,4.0,1,0.0,0.0,0.0,1.0,0.4301186715293889,0.425174798337611,0.3932205376988854,0.370228028749156,0.2181933802082641,0.6908492928278133,0.0279984638810903,0.3532533370948268,0.5696350599333491,0.3805194805194805,0,0,0,0,0,0,0,0,0,0,0,0,0,0,0,0,0,0,0,0,0,0,0,0,0,0,0,0,0,0,0,0,0,0,0,0,0,0,0,1,1,1,1,0,0,0,0,1,1,0.0,0.1529462273010571,16413.129194489047,121.42212882232829
245.0,818.5,1637.0,0.0,0.0,3500.0,0.0,0.0,0.0,0.0,0.0,0.0,6.0,1,8.0,0.0,26947.0,74.0,0.0,1.0,0.0,0.0,1.0,0.0,1.0,0.0,0.0,1.0,0.0,246.0,0.0,0.0,0.0,44.0,1,0.0,0.0,0.0,0.0,0.4311855035347728,0.5168799786459667,0.2892228604888813,0.1384144107580207,0.9099858422371124,0.9324522582328036,0.4325719443279153,0.2021849706834773,0.8771348954779358,0.4805194805194805,0,0,0,0,0,0,0,0,0,0,0,0,0,0,0,0,0,0,0,0,0,0,0,0,0,0,0,0,0,0,0,0,0,0,0,0,0,0,0,1,1,0,0,0,0,0,0,1,1,0.0,0.3191860932018239,1304.1183796856235,136.5502265270264
286.0,0.0,4939.0,357.0,1.0,4000.0,0.0,0.0,0.0,0.0,1.0,0.0,10.0,0,3.0,1.0,37499.0,52.0,1.0,1.0,0.0,0.0,1.0,0.0,1.0,0.0,1.0,2.0,0.0,263.0,0.0,0.0,0.0,3.0,0,0.0,0.0,0.0,0.0,0.6031988577492956,0.8700292647430301,0.5409598164134848,0.8761144879549061,0.440904814544046,0.4008280165229426,0.4232847892813163,0.2715132978264506,0.7674263243478221,0.6584415584415584,0,0,0,0,0,0,0,0,0,0,0,0,0,0,0,0,0,0,0,0,0,0,0,0,0,0,0,0,0,0,0,0,0,0,0,0,0,0,0,0,0,1,1,1,1,1,1,1,1,0.0,0.1850811332724009,3337.4089846714523,129.42158192796583
248.0,3.0,1637.0,0.0,0.0,9000.0,0.0,0.0,0.0,1.0,0.0,0.0,3.0,1,0.0,1.0,28106.0,35.0,1.0,1.0,0.0,0.0,1.0,0.0,1.0,0.0,0.0,3.0,4.0,203.0,0.0,0.0,0.0,48.0,0,0.0,0.0,0.0,0.0,0.4273865215602707,0.2740078694559063,0.499784680399488,0.5606372261372214,0.5850602291599178,0.1662085407437144,0.5478279114576518,0.470651422496557,0.5672703288553939,0.764935064935065,0,0,0,0,0,0,0,0,0,0,0,0,0,0,0,0,0,0,0,0,0,0,0,0,0,0,0,0,0,0,0,0,0,0,0,0,0,0,0,1,1,1,1,0,0,1,1,1,1,0.0,0.1738620724152688,1490.71613407678,135.90372867443875
236.0,3.0,1650.0,0.0,0.0,0.0,0.0,0.0,0.0,1.0,0.0,0.0,6.0,0,13.0,0.0,15088.0,32.0,1.0,0.0,0.0,0.0,1.0,0.0,1.0,0.0,1.0,2.0,1.0,167.0,0.0,0.0,0.0,2.0,0,0.0,0.0,0.0,0.0,0.9390296023318712,0.7489610809238754,0.9744007998247588,0.7030500865581216,0.511998555340768,0.3125657175321996,0.6573692747449986,0.5931102259279035,0.4333230015850843,0.4350649350649351,0,0,0,0,0,0,0,0,0,0,0,0,0,0,0,0,0,0,0,0,0,0,0,0,0,0,0,0,0,0,0,0,0,0,0,0,0,0,0,0,0,0,0,1,1,1,1,1,1,0.0,0.3315790538456531,1863.183234995137,313.70524258879465
889.0,0.0,2137.0,0.0,0.0,2500.0,0.0,0.0,0.0,0.0,0.0,0.0,5.0,1,1.0,0.0,39704.0,50.0,0.0,1.0,0.0,0.0,1.0,1.0,1.0,0.0,0.0,3.0,1.0,331.0,0.0,0.0,0.0,28.0,1,2960.3105348403164,1.0,0.0,0.0,0.8343467430910981,0.4222813003230786,0.5991099562760358,0.552833850287936,0.5974245158079277,0.1989093272657309,0.4439439092142589,0.650521463232038,0.1103199513124029,0.0714285714285714,0,0,0,0,0,0,0,0,0,0,0,0,0,0,0,0,0,0,0,0,0,0,0,0,0,0,0,0,0,0,0,0,0,0,0,0,0,0,0,0,0,1,1,1,1,1,1,0,0,0.0,0.1953891392269269,1573.2461786192216,82.50653027985987
484.0,12.0,1677.0,0.0,0.0,0.0,0.0,0.0,0.0,0.0,0.0,0.0,8.0,1,3.0,0.0,48230.0,20.0,0.0,1.0,0.0,0.0,1.0,0.0,1.0,0.0,0.0,1.0,0.0,163.0,0.0,0.0,0.0,4.0,1,0.0,0.0,0.0,0.0,0.8772114542328103,0.909884331605454,0.4800983480276793,0.0410383185458566,0.216588762444808,0.0626750676182673,0.649262571974042,0.5508676923750413,0.4082002104947341,0.409090909090909,0,0,0,0,0,0,0,0,0,0,0,0,0,0,0,0,0,0,0,0,0,0,0,0,0,0,0,0,0,0,0,0,0,0,0,0,0,0,0,0,0,0,0,0,0,1,1,1,1,0.0,0.1713344438316885,1328.6147913162602,115.97050915040283
514.0,90.0,1729.0,0.0,0.0,750.0,0.0,0.0,0.0,1.0,1.0,0.0,8.0,1,6.0,0.0,26769.0,19.0,0.0,1.0,0.0,0.0,1.0,0.0,1.0,0.0,0.0,1.0,0.0,104.0,0.0,0.0,0.0,3.0,0,0.0,0.0,0.0,0.0,0.5363017957282398,0.43122215294461,0.6035717928725107,0.5474352346518943,0.5925416162366074,0.2261029651772111,0.7156962415003626,0.6554265284055935,0.2381044014689927,0.2272727272727272,0,0,0,0,0,0,0,0,0,0,0,0,0,0,0,0,0,0,0,0,0,0,0,0,0,0,0,0,0,0,0,0,0,0,0,0,0,0,0,1,1,1,1,1,1,1,1,0,0,0.0,0.2990979048279563,1922.617958199837,181.7082166983318
8134.0,2397.0,4827.0,0.0,0.0,0.0,0.0,1.0,0.0,1.0,0.0,0.0,4.0,0,9.0,0.0,32318.0,50.0,1.0,1.0,0.0,0.0,2.0,6.0,1.0,1.0,1.0,2.0,0.0,412.0,0.0,0.0,0.0,13.0,0,0.0,0.0,0.0,0.0,0.2929182977116386,0.4203996170578044,0.483531000507235,0.3938770560202349,0.3208359559858882,0.6069214950380658,0.4735461999156929,0.4430219622417766,0.6397493317806492,0.4623376623376624,0,0,0,0,0,0,0,0,0,0,0,0,0,0,0,0,0,0,0,0,0,0,0,0,0,0,0,0,0,0,0,0,0,0,0,0,0,0,0,1,1,1,1,1,1,1,1,1,1,0.0,0.3932398361528954,2225.5477823321444,313.8902680882325
1439.0,61.0,2725.0,219.0,2.0,7500.0,0.0,0.0,0.0,1.0,1.0,0.0,4.0,1,1.0,1.0,29757.0,36.0,0.0,1.0,0.0,0.0,1.0,0.0,1.0,1.0,0.0,3.0,3.0,329.0,0.0,0.0,0.0,152.0,0,2798.3839962091656,1.0,0.0,0.0,0.5353479433451287,0.8487014994970674,0.50636038892241,0.4727928662183362,0.4515524636910755,0.7541418063282171,0.6157928676311106,0.469138031790327,0.4089308347674287,0.6415584415584414,0,0,0,0,0,0,0,0,0,0,0,0,0,0,0,0,0,0,0,0,0,0,0,0,0,0,0,0,0,0,0,0,0,0,0,0,0,0,0,0,0,0,0,0,0,1,1,1,1,0.0,0.1162123098840823,1455.408331566412,84.18229840307028
2205.0,72.0,2948.0,0.0,0.0,4500.0,0.0,0.0,0.0,1.0,0.0,0.0,12.0,0,12.0,0.0,37039.0,60.0,1.0,1.0,0.0,0.0,1.0,0.0,1.0,1.0,1.0,2.0,0.0,325.0,0.0,0.0,0.0,57.0,1,0.0,0.0,1.0,0.0,0.4924247722634065,0.9752281860688592,0.5910145384247156,0.8960106352745871,0.4547765255897357,0.3916832509984079,0.4232847892813163,0.2715132978264506,0.9817283854952964,0.8181818181818182,0,0,0,0,0,0,0,0,0,0,0,0,0,0,0,0,0,0,0,0,0,0,0,0,0,0,0,0,0,0,0,0,0,0,0,0,0,0,0,0,0,1,1,1,1,1,1,0,0,0.0,0.3321356421356421,766.7975152393692,243.83491259608903
227.0,0.0,1621.0,0.0,0.0,0.0,0.0,0.0,0.0,1.0,1.0,0.0,9.0,1,10.0,0.0,31373.0,29.0,1.0,1.0,0.0,0.0,1.0,0.0,1.0,1.0,0.0,2.0,0.0,172.0,0.0,0.0,0.0,3.0,0,0.0,0.0,0.0,0.0,0.203276499623789,0.0192105827370825,0.7402170086195181,0.5189570073102999,0.7156698040608565,0.1767661576965581,0.4895988594418144,0.5014186072698219,0.4400412573114538,0.4350649350649351,0,0,0,0,0,0,0,0,0,0,0,0,0,0,0,0,0,0,0,0,0,0,0,0,0,0,0,0,0,0,0,0,0,0,0,0,0,0,0,0,0,1,1,1,1,1,1,1,1,0.0,0.3931384468336175,1440.3871936887492,192.28863807278321
227.0,0.0,1623.0,0.0,0.0,0.0,0.0,0.0,0.0,0.0,0.0,0.0,4.0,1,1.0,0.0,33499.0,16.0,0.0,1.0,0.0,0.0,1.0,0.0,1.0,0.0,0.0,3.0,4.0,337.0,0.0,0.0,0.0,35.0,0,0.0,0.0,0.0,0.0,0.7080084394303064,0.4826580240691395,0.7432004310429361,0.64672457974922,0.62517263182968,0.4053668953937686,0.2925737170474199,0.185039899978724,0.8823462937892224,0.6688311688311688,0,0,0,0,0,0,0,0,0,0,0,0,0,0,0,0,0,0,0,0,0,0,0,0,0,0,0,0,0,0,0,0,0,0,0,0,0,0,0,1,1,1,1,1,1,0,0,0,0,0.0,0.2883691738241741,2164.636713620739,170.04890023743536
227.0,0.0,1640.0,0.0,0.0,0.0,0.0,0.0,0.0,1.0,0.0,0.0,9.0,1,0.0,0.0,40525.0,24.0,1.0,1.0,0.0,0.0,1.0,0.0,1.0,0.0,0.0,2.0,0.0,37.0,0.0,0.0,0.0,1.0,0,0.0,0.0,0.0,0.0,0.4736431173020387,0.433571561460268,0.8301686293151658,0.9721802917635384,0.4771747050619007,0.2052485827752831,0.70155429574189,0.8547279905251136,0.3466960845199222,0.3168831168831169,0,0,0,0,0,0,0,0,0,0,0,0,0,0,0,0,0,0,0,0,0,0,0,0,0,0,0,0,0,0,0,0,0,0,0,0,0,0,0,1,1,0,0,1,1,1,1,1,1,0.0,0.2122063397197584,2374.3388823822024,186.0022406596717
5191.0,1056.0,3797.0,0.0,0.0,3500.0,0.0,0.0,1.0,0.0,0.0,0.0,6.0,0,8.0,0.0,31088.0,68.0,0.0,1.0,0.0,0.0,2.0,0.0,1.0,0.0,0.0,1.0,0.0,623.0,0.0,0.0,0.0,44.0,0,0.0,0.0,0.0,0.0,0.4874847734640393,0.3448058214069527,0.604049066837369,0.6036184340023032,0.5809364494447767,0.4191466986924091,0.4103207302047805,0.3106885258366124,0.5006782427882112,0.3428571428571428,0,0,0,0,0,0,0,0,0,0,0,0,0,0,0,0,0,0,0,0,0,0,0,0,0,0,0,0,0,0,0,0,0,0,0,0,0,0,0,1,1,1,1,1,1,1,1,1,1,0.0,0.421789613543398,1688.245289613662,266.50455077777747
313.0,36.0,4934.0,1009.0,1.0,12000.0,0.0,0.0,0.0,0.0,0.0,0.0,5.0,0,7.0,1.0,29876.0,36.0,0.0,1.0,0.0,0.0,1.0,0.0,1.0,1.0,0.0,3.0,3.0,33.0,0.0,0.0,0.0,116.0,1,0.0,0.0,0.0,0.0,0.4322036694560617,0.4817187110912658,0.3259137433001915,0.4799837207334941,0.4791924930351718,0.3478564596561849,0.0980139466774769,0.4084282811209019,0.310335517053418,0.596103896103896,0,0,0,0,0,0,0,0,0,0,0,0,0,0,0,0,0,0,0,0,0,0,0,0,0,0,0,0,0,0,0,0,0,0,0,0,0,0,0,1,1,1,1,1,1,0,0,1,1,0.0,0.1501147800065777,1894.041741438334,143.53538993984935
421.0,56.0,1737.0,0.0,0.0,10000.0,0.0,0.0,0.0,0.0,0.0,0.0,11.0,1,9.0,0.0,28801.0,59.0,0.0,0.0,0.0,0.0,1.0,0.0,1.0,1.0,0.0,1.0,0.0,350.0,0.0,0.0,0.0,4.0,1,0.0,0.0,0.0,0.0,0.6016619754806978,0.4264309227951157,0.463267812865198,0.5051463020879831,0.6010841776481022,0.3633098026891975,0.5460301228095121,0.1164394119899052,0.5423026116779139,0.764935064935065,0,0,0,0,0,0,0,0,0,0,0,0,0,0,0,0,0,0,0,0,0,0,0,0,0,0,0,0,0,0,0,0,0,0,0,0,0,0,0,0,0,1,1,0,0,0,0,1,1,0.0,0.4067784180284605,1538.2651365518211,218.7488043107139
486.0,856.0,1712.0,0.0,0.0,0.0,0.0,0.0,0.0,0.0,0.0,0.0,3.0,1,3.0,1.0,38728.0,42.0,0.0,1.0,0.0,0.0,1.0,1.0,1.0,0.0,0.0,3.0,2.0,366.0,0.0,0.0,0.0,4.0,1,0.0,0.0,0.0,0.0,0.5287721684685179,0.5493860449354064,0.5846772984817401,0.7105688688200503,0.1226976996913018,0.2042375688718239,0.5139159421094518,0.509496925268034,0.2790169156115855,0.1493506493506493,0,0,0,0,0,0,0,0,0,0,0,0,0,0,0,0,0,0,0,0,0,0,0,0,0,0,0,0,0,0,0,0,0,0,0,0,0,0,0,1,1,1,1,0,0,1,1,0,0,0.0,0.1421850308636273,2235.6741689059418,77.12340263929802
227.0,0.0,1620.0,0.0,0.0,0.0,0.0,0.0,0.0,0.0,0.0,0.0,1.0,1,2.0,0.0,30427.0,53.0,0.0,1.0,0.0,0.0,2.0,0.0,1.0,0.0,0.0,2.0,0.0,455.0,0.0,0.0,0.0,3.0,1,0.0,0.0,0.0,0.0,0.6912792056528895,0.8528936435141364,0.3989583076608108,0.3317429982203741,0.7530312975103545,0.2217167371134694,0.3062746698397226,0.4334676659887869,0.4400412573114539,0.4415584415584416,0,0,0,0,0,0,0,0,0,0,0,0,0,0,0,0,0,0,0,0,0,0,0,0,0,0,0,0,0,0,0,0,0,0,0,0,0,0,0,0,0,1,1,1,1,1,1,1,1,0.0,0.1797927395119008,1588.644330326042,105.02299806716896
227.0,0.0,1620.0,0.0,0.0,0.0,0.0,0.0,0.0,1.0,1.0,0.0,3.0,1,12.0,0.0,26462.0,25.0,1.0,1.0,0.0,0.0,1.0,1.0,1.0,0.0,0.0,2.0,0.0,66.0,0.0,0.0,0.0,2.0,1,0.0,0.0,0.0,0.0,0.5679220161215752,0.5404472263922453,0.6074744061238693,0.5474352346518943,0.4352640928522383,0.2596308664414893,0.7156962415003626,0.5794600811670596,0.373290452368578,0.435064935064935,0,0,0,0,0,0,0,0,0,0,0,0,0,0,0,0,0,0,0,0,0,0,0,0,0,0,0,0,0,0,0,0,0,0,0,0,0,0,0,1,1,1,1,1,1,1,1,1,1,0.0,0.2575121528773959,1606.7310415451866,230.5394754535088
3817.0,1509.0,2213.0,0.0,0.0,0.0,0.0,0.0,0.0,0.0,0.0,0.0,3.0,1,8.0,1.0,36363.0,45.0,0.0,1.0,0.0,0.0,2.0,0.0,1.0,0.0,0.0,3.0,0.0,339.0,0.0,0.0,0.0,1.0,0,0.0,0.0,0.0,0.0,0.6144515195655225,0.2331131352177983,0.6541105702809705,0.483039745559746,0.8336819147086444,0.966286065140865,0.6536159273110662,0.4656217871382374,0.1628907051845199,0.2012987012987013,0,0,0,0,0,0,0,0,0,0,0,0,0,0,0,0,0,0,0,0,0,0,0,0,0,0,0,0,0,0,0,0,0,0,0,0,0,0,0,0,0,1,1,0,0,0,0,0,0,0.0,0.2194529176237171,2986.688228895993,121.93317489693976
354.0,0.0,3472.0,844.0,2.0,3500.0,0.0,0.0,0.0,1.0,0.0,0.0,8.0,0,3.0,1.0,30435.0,29.0,0.0,1.0,0.0,0.0,1.0,0.0,1.0,0.0,1.0,2.0,0.0,113.0,0.0,0.0,0.0,37.0,0,0.0,0.0,0.0,0.0,0.3277329052895561,0.3083950091774872,0.353106472496315,0.0563311862556821,0.0854940647109524,0.3662205054700552,0.5773269069298033,0.5707160916184817,0.1037046160161341,0.7142857142857143,0,0,0,0,0,0,0,0,0,0,0,0,0,0,0,0,0,0,0,0,0,0,0,0,0,0,0,0,0,0,0,0,0,0,0,0,0,0,0,1,1,0,0,0,0,1,1,0,0,0.0,0.2315620397119477,1934.171405140872,166.41763267977333
965.0,251.0,1852.0,0.0,0.0,4500.0,0.0,0.0,0.0,0.0,1.0,0.0,4.0,1,4.0,0.0,28117.0,42.0,1.0,1.0,0.0,0.0,1.0,0.0,1.0,1.0,0.0,2.0,2.0,571.0,0.0,0.0,0.0,9.0,1,0.0,0.0,0.0,0.0,0.7748297360874963,0.0502157485790754,0.5606544434256501,0.472607264365445,0.5651594015850399,0.8296357326407919,0.5039325580256889,0.44206604916028,0.9188652428773598,0.1623376623376623,0,0,0,0,0,0,0,0,0,0,0,0,0,0,0,0,0,0,0,0,0,0,0,0,0,0,0,0,0,0,0,0,0,0,0,0,0,0,0,0,0,1,1,0,0,1,1,0,0,0.0,0.1978899334182516,1574.1088249604752,85.81860130555373
1116.0,1297.0,2594.0,0.0,0.0,0.0,0.0,0.0,0.0,0.0,1.0,0.0,5.0,1,3.0,1.0,34218.0,56.0,0.0,1.0,0.0,0.0,2.0,0.0,1.0,0.0,0.0,2.0,0.0,611.0,0.0,0.0,0.0,2.0,0,0.0,0.0,0.0,0.0,0.597435995180217,0.6266836078839015,0.878294203702664,0.2733743222163015,0.5906829751462308,0.3640773607594674,0.985281757288932,0.2246992255991048,0.3607257430912641,0.5883116883116883,0,0,0,0,0,0,0,0,0,0,0,0,0,0,0,0,0,0,0,0,0,0,0,0,0,0,0,0,0,0,0,0,0,0,0,0,0,0,0,1,1,0,0,1,1,0,0,1,1,0.0,0.1258054083599585,2330.266081141677,78.569534046056
634.0,160.0,1709.0,0.0,0.0,0.0,0.0,0.0,0.0,0.0,0.0,0.0,9.0,1,4.0,0.0,36474.0,37.0,1.0,1.0,0.0,0.0,1.0,0.0,1.0,0.0,0.0,3.0,1.0,219.0,0.0,0.0,0.0,1.0,0,0.0,0.0,0.0,0.0,0.4524815402307884,0.1829763647738303,0.9053195877194292,0.3135805042525191,0.5025142915106235,0.2703066298945934,0.3587307281807063,0.5838006768585504,0.3031915476816498,0.4415584415584415,0,0,0,0,0,0,0,0,0,0,0,0,0,0,0,0,0,0,0,0,0,0,0,0,0,0,0,0,0,0,0,0,0,0,0,0,0,0,0,0,0,0,0,1,1,1,1,0,0,0.0,0.2590067589101287,2942.027036722649,140.06135764537456
1356.0,1503.5,3007.0,0.0,0.0,0.0,0.0,0.0,0.0,0.0,1.0,0.0,9.0,1,8.0,0.0,32863.0,48.0,0.0,1.0,0.0,0.0,2.0,1.0,1.0,0.0,0.0,3.0,0.0,55.0,0.0,0.0,0.0,4.0,0,0.0,0.0,0.0,0.0,0.652810531726478,0.7675597716386343,0.578962979770614,0.2962790979833373,0.6730686009832824,0.4404164736011213,0.3433976985433104,0.629699271683654,0.5802662828516549,0.4831168831168831,0,0,0,0,0,0,0,0,0,0,0,0,0,0,0,0,0,0,0,0,0,0,0,0,0,0,0,0,0,0,0,0,0,0,0,0,0,0,0,0,0,1,1,1,1,0,0,1,1,0.0,0.2508622656248785,2065.657115736981,163.47189972490483
266.0,852.5,1705.0,0.0,0.0,0.0,0.0,0.0,0.0,0.0,1.0,0.0,7.0,0,9.0,0.0,27534.0,49.0,1.0,1.0,0.0,0.0,1.0,0.0,0.0,0.0,1.0,2.0,0.0,179.0,0.0,1.0,0.0,3.0,1,0.0,0.0,0.0,0.0,0.5091892719427376,0.4533764434626581,0.6035717928725107,0.4098722803349061,0.5171641826753104,0.2501691568561328,0.6238926449345132,0.4737975371688405,0.4679597785997152,0.4350649350649351,0,0,0,0,0,0,0,0,0,0,0,0,0,0,0,0,0,0,0,0,0,0,0,0,0,0,0,0,0,0,0,0,0,0,0,0,0,0,0,1,1,1,1,1,1,1,1,1,1,0.0,0.2457765114617832,1740.1360901384842,132.72839644953947
626.0,7.0,1980.0,0.0,0.0,0.0,0.0,0.0,0.0,0.0,0.0,0.0,1.0,1,1.0,0.0,42405.0,57.0,1.0,1.0,0.0,0.0,2.0,0.0,1.0,0.0,0.0,3.0,1.0,416.0,0.0,0.0,0.0,20.0,0,1879.4977902710973,1.0,0.0,0.0,0.4736431173020387,0.433571561460268,0.6281039489819498,0.6772829800106852,0.5208205506969629,0.2356612561342102,0.70155429574189,0.8547279905251136,0.3643622953788759,0.4129870129870129,0,0,0,0,0,0,0,0,0,0,0,0,0,0,0,0,0,0,0,0,0,0,0,0,0,0,0,0,0,0,0,0,0,0,0,0,0,0,0,1,1,0,0,1,1,1,1,1,1,0.0,0.1238369433151673,2141.997213458883,68.67042692931784
4797.0,1921.0,2373.0,0.0,0.0,0.0,0.0,0.0,0.0,0.0,1.0,0.0,8.0,0,5.0,0.0,33605.0,57.0,0.0,1.0,0.0,0.0,2.0,0.0,1.0,0.0,1.0,1.0,0.0,26.0,0.0,0.0,0.0,4.0,1,0.0,0.0,1.0,0.0,0.4539143701219646,0.4983536229618192,0.4578506563859564,0.4577357444226346,0.5636870467975349,0.6987436603875545,0.348703018643851,0.4622198219515178,0.5091411611425605,0.4142857142857143,0,0,0,0,0,0,0,0,0,0,0,0,0,0,0,0,0,0,0,0,0,0,0,0,0,0,0,0,0,0,0,0,0,0,0,0,0,0,0,1,1,1,1,1,1,1,1,1,1,0.0,0.249708650946137,1993.2498246758628,148.1225298632711
370.0,3883.0,7766.0,1687.0,3.0,4000.0,0.0,0.0,0.0,1.0,0.0,0.0,5.0,0,5.0,1.0,35515.0,26.0,0.0,1.0,0.0,0.0,1.0,0.0,1.0,0.0,0.0,3.0,0.0,137.0,0.0,1.0,0.0,24.0,1,0.0,0.0,0.0,0.0,0.49486801359512,0.4599795981457426,0.0007666910024199,0.5639302540499157,0.4028880141230034,0.2743649009214591,0.3308798723504213,0.3007626983507245,0.2914018584434658,0.1103896103896103,0,0,0,0,0,0,0,0,0,0,0,0,0,0,0,0,0,0,0,0,0,0,0,0,0,0,0,0,0,0,0,0,0,0,0,0,0,0,0,1,1,0,0,1,1,1,1,0,0,0.0,0.2751878424661747,2114.582514364095,299.93403726856076
227.0,0.0,1620.0,0.0,0.0,0.0,0.0,0.0,0.0,0.0,1.0,0.0,5.0,1,4.0,0.0,30676.2,47.0,1.0,1.0,0.0,0.0,1.0,1.0,1.0,0.0,0.0,2.0,0.0,122.0,1.0,0.0,0.0,4.0,1,0.0,0.0,0.0,0.0,0.606451177394885,0.6318499349764585,0.6603858516179265,0.7496598308311766,0.2744534365293818,0.4476367198973239,0.4440757871202591,0.4024442511823388,0.966403243977855,0.4675324675324675,0,0,0,0,0,0,0,0,0,0,0,0,0,0,0,0,1,0,0,0,0,0,0,0,0,0,0,0,0,0,0,0,0,0,0,0,0,0,0,1,1,1,1,1,1,1,1,0,0,0.0,0.4298087071527591,2025.447235042525,309.7488574264153
638.0,132.0,1787.0,0.0,0.0,4000.0,0.0,0.0,0.0,0.0,0.0,0.0,7.0,1,5.0,0.0,37426.0,31.0,0.0,1.0,0.0,0.0,1.0,0.0,1.0,1.0,0.0,2.0,0.0,397.0,0.0,0.0,0.0,4.0,0,0.0,0.0,0.0,0.0,0.4750232683536279,0.5421049624227962,0.6484135099108495,0.7859734795742167,0.352886194004481,0.4232202372653638,0.4232847892813163,0.2715132978264506,0.8576063409728063,0.974025974025974,0,0,0,0,0,0,0,0,0,0,0,0,0,0,0,0,0,0,0,0,0,0,0,0,0,0,0,0,0,0,0,0,0,0,0,0,0,0,0,1,1,1,1,1,1,1,1,0,0,1.0,0.5583583201584619,2500.0366354912767,216.61779311158793
3349.0,377.0,3918.0,0.0,0.0,4500.0,0.0,0.0,1.0,0.0,0.0,0.0,7.0,1,0.0,0.0,32322.0,33.0,0.0,0.0,0.0,0.0,2.0,0.0,1.0,0.0,0.0,2.0,0.0,365.0,0.0,0.0,0.0,3.0,1,2725.784044898108,1.0,0.0,0.0,0.554059294658616,0.2742573333910461,0.4202740742296862,0.568016442422162,0.5789404295618866,0.6002561585182282,0.5680283011465788,0.5844604491085861,0.5095911563659208,0.3311688311688311,0,0,0,0,0,0,0,0,0,0,0,0,0,0,0,0,0,0,0,0,0,0,0,0,0,0,0,0,0,0,0,0,0,0,0,0,0,0,0,1,1,1,1,1,1,1,1,1,1,0.0,0.1697888801223276,3089.8432845199127,77.79000566637295
4902.0,0.0,1834.0,0.0,0.0,0.0,0.0,0.0,0.0,0.0,0.0,0.0,1.0,1,4.0,0.0,30779.0,70.0,1.0,1.0,0.0,0.0,2.0,0.0,1.0,0.0,0.0,1.0,0.0,531.0,0.0,0.0,0.0,2.0,1,0.0,0.0,1.0,0.0,0.5182169532840967,0.5661456700003862,0.7302876868433154,0.4582834271502759,0.3882720864512932,0.9416080249329573,0.5065777659266669,0.4585426734222834,0.4938076602064787,0.6298701298701299,0,0,0,0,0,0,0,0,0,0,0,0,0,0,0,0,0,0,0,0,0,0,0,0,0,0,0,0,0,0,0,0,0,0,0,0,0,0,0,1,1,0,0,0,0,1,1,0,0,0.0,0.1332870412880502,2254.636309565901,123.584487867777
1940.0,1902.0,1902.0,0.0,0.0,0.0,0.0,0.0,0.0,0.0,0.0,0.0,6.0,1,7.0,0.0,47456.0,65.0,0.0,1.0,0.0,0.0,2.0,0.0,1.0,0.0,0.0,1.0,0.0,122.0,0.0,0.0,0.0,3.0,0,0.0,0.0,1.0,0.0,0.7285951328476464,0.5525418327445568,0.0586296690087436,0.3720582147185653,0.4253353521089445,0.1049598667446646,0.649262571974042,0.5508676923750413,0.2793400626312614,0.5129870129870129,0,0,0,0,0,0,0,0,0,0,0,0,0,0,0,0,0,0,0,0,0,0,0,0,0,0,0,0,0,0,0,0,0,0,0,0,0,0,0,1,1,0,0,1,1,1,1,1,1,0.0,0.1486555107048619,2086.600313929304,120.94617622771793
609.0,38.0,5793.0,210.0,1.0,4500.0,0.0,0.0,0.0,1.0,0.0,1.0,4.0,1,6.0,1.0,34545.0,43.0,1.0,1.0,0.0,0.0,1.0,0.0,1.0,0.0,0.0,2.0,1.0,179.0,0.0,1.0,0.0,100.0,0,1251.3965053383422,1.0,0.0,0.0,0.0255634241728326,0.2179808249761416,0.454507727849841,0.8476757074778899,0.3671966227221759,0.359720468095284,0.4782515976968001,0.3480033148306023,0.6917472503896256,0.6259740259740261,0,0,0,0,0,0,0,0,0,0,0,0,0,0,0,0,0,0,0,0,0,0,0,0,0,0,0,0,0,0,0,0,0,0,0,0,0,0,0,0,0,0,0,1,1,1,1,1,1,0.0,0.3097164826715736,1897.178561326257,237.59916677154104
1079.0,206.0,2220.0,0.0,0.0,750.0,0.0,0.0,1.0,1.0,0.0,0.0,9.0,1,2.0,0.0,34197.2,20.0,1.0,1.0,0.0,0.0,1.0,0.0,1.0,0.0,0.0,2.0,0.0,263.0,0.0,0.0,0.0,1.0,1,0.0,0.0,0.0,0.0,0.8215627065445213,0.5288636251098879,0.6595182009016517,0.6585658497280515,0.3065040298456665,0.4335126036099442,0.6023504997013929,0.316672592188478,0.359387019494542,0.6883116883116883,0,0,0,0,0,0,0,0,0,0,0,0,0,0,0,0,1,0,0,0,0,0,0,0,0,0,0,0,0,0,0,0,0,0,0,0,0,0,0,0,0,1,1,1,1,1,1,0,0,0.0,0.4658333333333333,2776.1859574220243,351.15750829298554
227.0,0.0,2754.0,0.0,0.0,0.0,0.0,0.0,0.0,1.0,0.0,0.0,12.0,1,6.0,0.0,29707.0,45.0,0.0,0.0,0.0,0.0,1.0,0.0,1.0,1.0,0.0,2.0,0.0,336.0,0.0,0.0,0.0,4.0,1,0.0,0.0,0.0,0.0,0.7465520515833339,0.4139231865872219,0.4746785480931887,0.4433832522376859,0.621970760956075,0.2366413705100757,0.4733125186424515,0.5027560983600162,0.4163707520431096,0.0389610389610389,0,0,0,0,0,0,0,0,0,0,0,0,0,0,0,0,0,0,0,0,0,0,0,0,0,0,0,0,0,0,0,0,0,0,0,0,0,0,0,1,1,1,1,1,1,1,1,0,0,0.0,0.3333012578787816,1224.9187195228608,205.4078182148753
227.0,0.0,1620.0,0.0,0.0,0.0,0.0,0.0,0.0,1.0,1.0,0.0,1.0,1,2.0,0.0,30698.0,31.0,1.0,0.0,0.0,0.0,1.0,0.0,1.0,0.0,0.0,2.0,0.0,26.0,0.0,0.0,0.0,4.0,0,0.0,0.0,0.0,0.0,0.5510479897519478,0.4611275673873159,0.3716226772687528,0.3317429982203741,0.8574584997693045,0.1457055694749539,0.3176133339971628,0.4434054280407197,0.5185922535781404,0.8961038961038961,0,0,0,0,0,0,0,0,0,0,0,0,0,0,0,0,0,0,0,0,0,0,0,0,0,0,0,0,0,0,0,0,0,0,0,0,0,0,0,1,1,1,1,0,0,1,1,0,0,0.0,0.3375724552389537,1512.879548844757,194.2203311585832
227.0,810.0,1620.0,0.0,0.0,0.0,0.0,0.0,0.0,0.0,0.0,0.0,3.0,1,3.0,0.0,31560.0,31.0,1.0,1.0,1.0,0.0,0.0,0.0,1.0,0.0,0.0,3.0,0.0,217.0,0.0,3.0,0.0,4.0,1,0.0,0.0,0.0,0.0,0.5184942192913109,0.449784966243607,0.7402170086195182,0.4220073451819008,0.6766001172161161,0.1952328373757306,0.5248204338897746,0.6569150468338164,0.5316370669015563,0.461038961038961,0,0,0,0,0,0,0,0,0,0,0,0,0,0,0,0,0,0,0,0,0,0,0,0,0,0,0,0,0,1,0,0,0,0,0,0,0,0,0,1,1,1,1,1,1,1,0,1,0,0.0,0.2186467044835265,1387.3149549434193,135.06551389232786
241.0,0.0,1624.0,0.0,0.0,5000.0,0.0,0.0,0.0,1.0,0.0,0.0,9.0,1,8.0,0.0,35838.0,55.0,1.0,1.0,0.0,0.0,1.0,0.0,1.0,0.0,0.0,3.0,0.0,472.0,0.0,0.0,0.0,39.0,1,0.0,0.0,0.0,0.0,0.5426443153342468,0.5680990894741902,0.7047813379059947,0.9471564440762952,0.5542176824489051,0.4776233603888246,0.5976180417527075,0.180450346883515,0.5668714281354444,0.4025974025974026,0,0,0,0,0,0,0,0,0,0,0,0,0,0,0,0,0,0,0,0,0,0,0,0,0,0,0,0,0,0,0,0,0,0,0,0,0,0,0,1,1,0,0,1,1,0,0,0,0,0.0,0.3172712221679055,1215.190258392535,271.2006649533945
227.0,0.0,1620.0,0.0,0.0,0.0,0.0,0.0,0.0,0.0,1.0,0.0,2.0,0,7.0,0.0,23434.0,38.0,0.0,0.0,0.0,0.0,1.0,0.0,1.0,0.0,1.0,2.0,3.0,99.0,0.0,0.0,0.0,4.0,1,0.0,0.0,0.0,0.0,0.5621796544698983,0.6000160522618093,0.6458091079288997,0.4707999230977154,0.3678110935493248,0.4814295470808529,0.674020374178955,0.7437887783619044,0.247569182436895,0.1168831168831168,0,0,0,0,0,0,0,0,0,0,0,0,0,0,0,0,0,0,0,0,0,0,0,0,0,0,0,0,0,0,0,0,0,0,0,0,0,0,0,1,1,1,1,1,1,1,1,0,0,0.0,0.1708748804275856,1725.265967524538,77.42998159145185
16257.0,6156.0,5371.0,340.0,2.0,15000.0,1.0,1.0,1.0,1.0,1.0,0.0,9.0,0,10.0,0.0,45749.0,39.0,1.0,1.0,0.0,0.0,3.0,0.0,1.0,1.0,1.0,3.0,1.0,252.0,0.0,0.0,0.0,24.0,0,3224.752186504351,1.0,0.0,0.0,0.4638997007716071,0.563934829593307,0.4105247675437045,0.470115419329447,0.3768164430050946,0.6816666256553989,0.5681748131133955,0.7956344385651501,0.4667455270668406,0.8376623376623377,0,0,0,0,0,0,0,0,0,0,0,0,0,0,0,0,0,0,0,0,0,0,0,0,0,0,0,0,0,0,0,0,0,0,0,0,0,0,0,0,0,1,1,0,0,0,0,0,0,0.0,0.4806232774234192,1925.865204638735,506.5473988176234
319.0,38.0,1637.0,0.0,0.0,0.0,0.0,0.0,0.0,0.0,1.0,0.0,5.0,1,3.0,0.0,32305.0,31.0,0.0,1.0,0.0,0.0,1.0,0.0,1.0,0.0,0.0,2.0,0.0,123.0,0.0,0.0,0.0,4.0,0,0.0,0.0,0.0,0.0,0.6437896826713556,0.5535976732890489,0.7402170086195182,0.6384251011507169,0.7379257374612909,0.311428883659633,0.9358913537267486,0.6419070055560742,0.386287093256738,0.3831168831168831,0,0,0,0,0,0,0,0,0,0,0,0,0,0,0,0,0,0,0,0,0,0,0,0,0,0,0,0,0,0,0,0,0,0,0,0,0,0,0,0,0,1,1,1,1,0,0,1,1,0.0,0.1633657227734077,1795.5957496009926,88.76031784611887
236.0,0.0,9426.0,1583.0,3.0,6000.0,0.0,0.0,0.0,1.0,0.0,0.0,4.0,1,1.0,1.0,26692.0,35.0,0.0,1.0,0.0,0.0,1.0,0.0,1.0,0.0,0.0,2.0,0.0,271.0,0.0,0.0,0.0,41.0,1,0.0,0.0,0.0,0.0,0.3787756228758648,0.4774167917662122,0.3782114643894889,0.4299136626713196,0.4453368959874544,0.2581817201367463,0.1421913018955666,0.9101198575399576,0.343897461016818,0.5519480519480519,0,0,0,0,0,0,0,0,0,0,0,0,0,0,0,0,0,0,0,0,0,0,0,0,0,0,0,0,0,0,0,0,0,0,0,0,0,0,0,1,1,1,1,1,1,0,0,1,1,0.0,0.088271133413494,1722.7923306164182,72.49687567532851
7264.0,2969.0,2969.0,0.0,0.0,4000.0,0.0,0.0,0.0,0.0,1.0,0.0,3.0,1,0.0,0.0,32856.0,75.0,0.0,1.0,0.0,0.0,2.0,0.0,1.0,0.0,0.0,1.0,0.0,587.0,0.0,0.0,0.0,18.0,1,0.0,0.0,1.0,0.0,0.5224190681501315,0.2855387608315491,0.3622936855849245,0.6363182722884334,0.186935539000919,0.0796371060750306,0.3542977115401151,0.421109622775254,0.3919903016863119,0.2649350649350649,0,0,0,0,0,0,0,0,0,0,0,0,0,0,0,0,0,0,0,0,0,0,0,0,0,0,0,0,0,0,0,0,0,0,0,0,0,0,0,1,1,1,1,0,0,1,1,1,1,0.0,0.1064372151508772,1614.1476679640673,74.61306339999565
261.0,11.0,1712.0,0.0,0.0,9000.0,0.0,0.0,0.0,1.0,1.0,0.0,10.0,1,4.0,0.0,33938.0,21.0,1.0,1.0,0.0,0.0,1.0,0.0,1.0,0.0,0.0,3.0,0.0,242.0,0.0,0.0,0.0,59.0,0,0.0,0.0,0.0,0.0,0.7198828810284534,0.4579272046592878,0.5588490641097135,0.5496590313113461,0.4910612791453793,0.5119304460989916,0.4885343648190762,0.2027373454370009,0.531189526330073,0.7090909090909091,0,0,0,0,0,0,0,0,0,0,0,0,0,0,0,0,0,0,0,0,0,0,0,0,0,0,0,0,0,0,0,0,0,0,0,0,0,0,0,1,1,1,1,1,1,1,1,1,1,0.0,0.4002168704180652,1283.4651955729505,305.9731358687255
372.0,0.0,1620.0,0.0,0.0,0.0,1.0,0.0,0.0,1.0,0.0,0.0,1.0,1,8.0,1.0,33266.0,23.0,1.0,1.0,0.0,0.0,0.0,0.0,1.0,0.0,0.0,2.0,0.0,0.0,0.0,0.0,0.0,1.0,1,0.0,0.0,0.0,0.0,0.7080084394303064,0.4826580240691396,0.7710108519500204,0.731281890861433,0.6251726318296801,0.4053668953937686,0.5652533151716789,0.261400532090873,0.5301873376646735,0.3779220779220779,0,0,0,0,0,0,0,0,0,0,0,0,0,0,0,0,0,0,0,0,0,0,0,0,0,0,0,0,0,0,0,0,0,0,0,0,0,0,0,1,1,1,1,1,1,0,0,1,1,0.0,0.2879104399980495,2769.829479229306,281.47728310825244
1365.0,1499.5,2999.0,796.0,3.0,13000.0,0.0,0.0,0.0,0.0,1.0,0.0,7.0,1,0.0,1.0,32484.0,38.0,0.0,1.0,1.0,0.0,1.0,0.0,1.0,1.0,0.0,3.0,0.0,287.0,0.0,0.0,0.0,48.0,1,0.0,0.0,0.0,0.0,0.5754460142595339,0.4663217436438874,0.1667338835973138,0.5333842918829224,0.4729390239949381,0.3956055167700961,0.4294751113237011,0.5187309086099651,0.472502578604324,0.6233766233766234,0,0,0,0,0,0,0,0,0,0,0,0,0,0,0,0,0,0,0,0,0,0,0,0,0,0,0,0,0,0,0,0,0,0,0,0,0,0,0,1,1,0,0,1,1,1,1,1,1,0.0,0.1610403261846297,1600.8522262716242,106.07363978175522
302.0,847.0,1694.0,0.0,0.0,3000.0,0.0,0.0,0.0,0.0,1.0,0.0,3.0,1,2.0,0.0,22797.0,51.0,1.0,1.0,0.0,0.0,1.0,0.0,0.0,0.0,0.0,2.0,0.0,55.0,0.0,0.0,0.0,13.0,0,0.0,0.0,0.0,0.0,0.4240910975089583,0.444150420282118,0.6410638740354311,0.509197537666501,0.7603508397368735,0.2559533866456026,0.5486055387367395,0.4951977249579968,0.756753828603709,0.7727272727272727,0,0,0,0,0,0,0,0,0,0,0,0,0,0,0,0,0,0,0,0,0,0,0,0,0,0,0,0,0,0,0,0,0,0,0,0,0,0,0,1,1,1,1,1,1,1,1,1,0,0.0,0.3034406070120355,1340.1671114530404,171.35868182325578
290.0,2.0,1636.0,0.0,0.0,0.0,0.0,0.0,0.0,0.0,1.0,0.0,5.0,1,4.0,0.0,49059.0,63.0,0.0,1.0,0.0,0.0,1.0,0.0,1.0,0.0,0.0,1.0,0.0,356.0,0.0,0.0,0.0,4.0,1,0.0,0.0,1.0,0.0,0.7285951328476464,0.5525418327445569,0.3439797472124376,0.1925138731482928,0.4253353521089446,0.1049598667446646,0.6439555169134918,0.5090626681006002,0.4082002104947341,0.4350649350649351,0,0,0,0,0,0,0,0,0,0,0,0,0,0,0,0,0,0,0,0,0,0,0,0,0,0,0,0,0,0,0,0,0,0,0,0,0,0,0,1,1,1,1,1,1,1,1,1,1,0.0,0.1140309970805225,1889.5173732646936,70.28189151273548
250.0,0.0,1881.0,0.0,0.0,3500.0,0.0,0.0,0.0,0.0,0.0,0.0,11.0,1,9.0,0.0,28528.0,33.0,0.0,1.0,0.0,0.0,1.0,0.0,1.0,1.0,0.0,3.0,1.0,244.0,0.0,0.0,0.0,43.0,1,0.0,0.0,0.0,0.0,0.4551313560953162,0.3754036401694129,0.2066074382799857,0.2586429687107106,0.5833705720708462,0.6387512190876353,0.5012687297621656,0.4574481799021578,0.9180481195538496,0.4506493506493506,0,0,0,0,0,0,0,0,0,0,0,0,0,0,0,0,0,0,0,0,0,0,0,0,0,0,0,0,0,0,0,0,0,0,0,0,0,0,0,1,1,0,0,1,1,1,1,1,1,0.0,0.2332221006246106,1142.002685258495,123.06073426849525
227.0,0.0,1620.0,0.0,0.0,0.0,0.0,0.0,0.0,0.0,0.0,0.0,7.0,0,6.0,0.0,30251.0,64.0,0.0,0.0,0.0,0.0,1.0,0.0,1.0,0.0,1.0,1.0,0.0,127.0,0.0,0.0,0.0,4.0,1,0.0,0.0,1.0,0.0,0.704669856203691,0.4787291902680716,0.3989583076608108,0.3726048330124212,0.6002832115700437,0.339490437637752,0.4715290487738479,0.5539435429879901,0.4109924146337425,0.4415584415584416,0,0,0,0,0,0,0,0,0,0,0,0,0,0,0,0,0,0,0,0,0,0,0,0,0,0,0,0,0,0,0,0,0,0,0,0,0,0,0,1,1,1,1,0,0,1,1,1,1,0.0,0.2936798680480269,1359.0968533187522,144.1486471346019
227.0,928.0,1856.0,0.0,0.0,0.0,0.0,0.0,0.0,0.0,0.0,0.0,1.0,1,1.0,1.0,35407.0,25.0,0.0,1.0,0.0,0.0,1.0,0.0,1.0,0.0,0.0,2.0,0.0,208.8,0.0,0.0,0.0,3.0,1,0.0,0.0,0.0,0.0,0.5591964333474243,0.4419550322728701,0.5900856181107973,0.5364553615503211,0.5568493678395952,0.343828997616859,0.2378883045601295,0.6687465611282944,0.3575012150546365,0.448051948051948,0,0,0,0,0,0,0,0,0,0,0,0,0,0,0,0,0,0,0,0,0,0,0,0,0,0,0,0,0,1,0,0,0,0,0,0,0,0,0,1,1,1,1,1,1,1,1,1,0,0.0,0.1127564872766009,2047.761841753362,58.41527049588033
1332.0,384.0,3938.0,25.0,1.0,0.0,1.0,0.0,0.0,1.0,0.0,0.0,6.0,1,4.0,1.0,29602.0,40.0,1.0,1.0,1.0,0.0,1.0,1.0,1.0,1.0,0.0,3.0,2.0,539.0,0.0,3.0,0.0,66.0,1,0.0,0.0,0.0,0.0,0.540804787437347,0.4887146580902346,0.4665644321132591,0.4642460155420203,0.578180820813223,0.7457480549252746,0.8939185339936736,0.9850028557592054,0.3621626570189579,0.5025974025974026,0,0,0,0,0,0,0,0,0,0,0,0,0,0,0,0,0,0,0,0,0,0,0,0,0,0,0,0,0,0,0,0,0,0,0,0,0,0,0,1,1,1,1,0,0,0,0,1,1,0.0,0.2471983944079304,1498.306271285912,217.8382030303351
243.0,812.5,1625.0,0.0,0.0,0.0,0.0,0.0,0.0,1.0,0.0,0.0,1.0,1,0.0,0.0,30722.0,16.0,0.0,1.0,0.0,0.0,1.0,0.0,1.0,0.0,0.0,1.0,0.0,8.0,0.0,0.0,0.0,4.0,0,0.0,0.0,0.0,0.0,0.5510479897519478,0.3246518894983935,0.3716226772687528,0.3887625389498287,0.7162730285960854,0.2538282356819941,0.3176133339971628,0.459753059186248,0.4400412573114539,0.5636363636363636,0,0,0,0,0,0,0,0,0,0,0,0,0,0,0,0,0,0,0,0,0,0,0,0,0,0,0,0,0,0,0,0,0,0,0,0,0,0,0,1,1,1,1,1,1,1,1,1,1,0.0,0.1881530822126133,1938.6855307035853,115.84632599167826
279.0,0.0,1880.0,332.0,3.0,2500.0,0.0,0.0,0.0,1.0,0.0,0.0,6.0,1,5.0,1.0,33250.0,39.0,1.0,1.0,0.0,0.0,1.0,0.0,1.0,0.0,0.0,2.0,1.0,362.0,0.0,0.0,0.0,67.0,1,0.0,0.0,0.0,0.0,0.6427745594198985,0.4251471309171319,0.5222965695793669,0.5287759158606169,0.0792836884385319,0.1429031623122896,0.7364821445234824,0.4807234014338197,0.9503073160316544,0.6779220779220779,0,0,0,0,0,0,0,0,0,0,0,0,0,0,0,0,0,0,0,0,0,0,0,0,0,0,0,0,0,0,0,0,0,0,0,0,0,0,0,1,1,1,1,0,0,1,1,1,1,0.0,0.2863893871869773,1396.1528235928204,208.87705229484476
1130.0,101.0,7146.0,907.0,1.0,4000.0,0.0,0.0,0.0,1.0,0.0,0.0,12.0,1,8.0,1.0,30996.0,35.0,1.0,1.0,0.0,0.0,1.0,0.0,1.0,1.0,0.0,2.0,0.0,318.0,0.0,0.0,0.0,73.0,0,3191.3980086002443,1.0,0.0,0.0,0.4281594151193874,0.4293012185027102,0.5680155323176636,0.4138219106648745,0.1510318903105346,0.0260887986069991,0.5488813956835721,0.6073277682383373,0.5174675106479517,0.5051948051948052,0,0,0,0,0,0,0,0,0,0,0,0,0,0,0,0,0,0,0,0,0,0,0,0,0,0,0,0,0,0,0,0,0,0,0,0,0,0,0,1,1,0,0,0,0,1,1,1,1,0.0,0.3723767086267512,1636.0378197894015,347.38169923819555
1625.0,2969.5,5939.0,0.0,4.0,10000.0,0.0,0.0,0.0,1.0,0.0,0.0,6.0,1,3.0,1.0,42888.0,54.0,1.0,1.0,1.0,0.0,1.0,0.0,1.0,1.0,0.0,3.0,1.0,381.0,0.0,7.0,0.0,49.0,1,5060.216155952958,1.0,0.0,0.0,0.6822620870418126,0.75719073749002,0.4375903242409241,0.5598286184863909,0.6673061431595387,0.9648146709670716,0.6200441231992084,0.4494259592480616,0.4090164000794588,0.4805194805194805,0,0,0,0,0,0,0,0,0,0,0,0,0,0,0,0,0,0,0,0,0,0,0,0,0,0,0,0,0,0,0,0,0,0,0,0,0,0,0,0,0,1,1,0,0,1,1,0,0,0.0,0.2824810045230214,886.1529979923259,238.06850523862616
5871.0,5375.0,5375.0,769.0,1.0,9000.0,0.0,0.0,0.0,0.0,0.0,0.0,3.0,1,7.0,1.0,29267.0,31.0,0.0,1.0,0.0,0.0,2.0,0.0,1.0,0.0,0.0,2.0,0.0,409.0,0.0,2.0,395.0,4.0,1,0.0,0.0,0.0,0.0,0.5487873346763124,0.4691879537811842,0.5005286169194515,0.6369828174628169,0.7207881405271328,0.9048966233421412,0.0670849609430873,0.2566617510983463,0.5050563754125253,0.6610389610389611,0,0,0,0,0,0,0,0,0,0,0,0,0,0,0,0,0,0,0,0,0,0,0,0,0,0,0,0,0,0,0,0,0,0,0,0,0,0,0,1,1,1,1,0,0,0,0,1,1,0.0,0.3796687528295724,3173.438032049497,290.26302893896985
233.0,0.0,1949.0,0.0,0.0,2500.0,0.0,0.0,0.0,0.0,0.0,0.0,6.0,0,0.0,0.0,24964.0,68.0,0.0,1.0,0.0,0.0,1.0,0.0,1.0,0.0,1.0,1.0,0.0,173.0,0.0,0.0,0.0,3.0,1,0.0,0.0,1.0,0.0,0.6771079268836392,0.6931403327006393,0.2900439488134392,0.8115190171701063,0.6784178509345373,0.4307314396960245,0.5486055387367395,0.4431912852860874,0.5711703870167698,0.8506493506493507,0,0,0,0,0,0,0,0,0,0,0,0,0,0,0,0,0,0,0,0,0,0,0,0,0,0,0,0,0,0,0,0,0,0,0,0,0,0,0,1,1,0,0,1,1,1,1,0,0,0.0,0.1972606908890917,1777.695113217985,140.59776791154093
5411.0,35.0,6982.0,0.0,0.0,11000.0,0.0,0.0,0.0,0.0,1.0,0.0,9.0,1,1.0,1.0,55480.0,69.0,1.0,1.0,0.0,0.0,3.0,0.0,1.0,1.0,0.0,1.0,0.0,384.0,0.0,0.0,0.0,83.0,0,0.0,0.0,1.0,0.0,0.6524186428435258,0.5090709490653184,0.463893735313971,0.3196326811170858,0.548310577551997,0.1341177451530492,0.4931683462986067,0.3565688843976758,0.3900627197288232,0.5805194805194805,0,0,0,0,0,0,0,0,0,0,0,0,0,0,0,0,0,0,0,0,0,0,0,0,0,0,0,0,0,0,0,0,0,0,0,0,0,0,0,1,1,1,1,1,1,1,1,1,1,0.0,0.1809178263063212,878.3875741678204,152.69839637329142
407.0,825.5,1651.0,0.0,0.0,0.0,0.0,0.0,0.0,0.0,1.0,0.0,4.0,1,7.0,0.0,26655.0,43.0,1.0,1.0,0.0,0.0,1.0,0.0,1.0,0.0,0.0,3.0,0.0,576.0,0.0,0.0,0.0,4.0,0,0.0,0.0,0.0,0.0,0.3027075351255425,0.121716886794523,0.6074744061238693,0.4294924533872314,0.1357875474310886,0.044371320134574,0.7156962415003626,0.5794600811670596,0.373290452368578,0.4181818181818181,0,0,0,0,0,0,0,0,0,0,0,0,0,0,0,0,0,0,0,0,0,0,0,0,0,0,0,0,0,0,0,0,0,0,0,0,0,0,0,0,0,1,1,0,0,1,1,1,1,0.0,0.2110888819671551,2253.3533394393253,109.59825834083331
755.0,118.0,1847.0,0.0,0.0,0.0,0.0,0.0,0.0,0.0,0.0,0.0,8.0,0,9.0,0.0,26094.0,44.0,1.0,1.0,0.0,0.0,1.0,0.0,1.0,0.0,1.0,2.0,1.0,431.0,0.0,0.0,0.0,4.0,1,944.6078849281288,1.0,0.0,0.0,0.163473009573587,0.1245155737093997,0.6074744061238693,0.4982055273035216,0.4843881069479501,0.1896181141122196,0.778504255630015,0.5794600811670596,0.2080492923560571,0.3311688311688311,0,0,0,0,0,0,0,0,0,0,0,0,0,0,0,0,0,0,0,0,0,0,0,0,0,0,0,0,0,0,0,0,0,0,0,0,0,0,0,0,0,1,1,1,1,1,1,1,1,0.0,0.2535036213160797,2158.3920106666246,94.93778081764071
820.0,216.0,7794.0,1103.0,3.0,9000.0,0.0,0.0,0.0,1.0,1.0,0.0,5.0,1,3.0,0.0,41379.0,40.0,1.0,1.0,0.0,0.0,1.0,0.0,1.0,0.0,0.0,1.0,1.0,242.0,0.0,0.0,0.0,39.0,1,0.0,0.0,0.0,0.0,0.3072388879431089,0.6608911780876702,0.4517136169068031,0.5667969517529133,0.7383334358819493,0.9141510520989736,0.6174038628359249,0.4299563362764716,0.2622242986600299,0.8571428571428571,0,0,0,0,0,0,0,0,0,0,0,0,0,0,0,0,0,0,0,0,0,0,0,0,0,0,0,0,0,0,0,0,0,0,0,0,0,0,0,0,0,1,1,0,0,1,1,0,0,0.0,0.1140309970805225,1984.6727250864476,95.90346627304154
6092.0,2100.0,3137.0,0.0,0.0,0.0,0.0,0.0,0.0,0.0,1.0,0.0,6.0,0,8.0,0.0,37460.0,44.0,1.0,1.0,0.0,0.0,2.0,0.0,1.0,0.0,1.0,2.0,0.0,431.0,0.0,0.0,0.0,2.0,0,4073.484264035064,1.0,0.0,0.0,0.5670119464642701,0.4504648846132991,0.4199805506885233,0.6683204958867296,0.4601215160183706,0.5162135864626964,0.4122841178239,0.5573743935488152,0.3579213193549104,0.2532467532467533,0,0,0,0,0,0,0,0,0,0,0,0,0,0,0,0,0,0,0,0,0,0,0,0,0,0,0,0,0,0,0,0,0,0,0,0,0,0,0,1,1,0,0,1,1,1,1,1,1,0.0,0.32667128154864,3845.223342163372,259.56789577382835
2301.0,214.0,2516.0,0.0,0.0,11000.0,0.0,0.0,0.0,0.0,0.0,0.0,7.0,1,1.0,0.0,24007.0,38.0,1.0,1.0,0.0,0.0,1.0,1.0,1.0,1.0,0.0,2.0,0.0,374.0,0.0,0.0,0.0,17.0,1,2416.668964948735,1.0,0.0,0.0,0.8373250839284829,0.6630442424058605,0.6971707141201603,0.3532291074004455,0.580041866557831,0.4591620025073599,0.4499676641599851,0.5667890078365982,0.4267226162534165,0.7129870129870131,0,0,0,0,0,0,0,0,0,0,0,0,0,0,0,0,0,0,0,0,0,0,0,0,0,0,0,0,0,0,0,0,0,0,0,0,0,0,0,0,0,0,0,1,1,1,1,1,1,0.0,0.1842892010728074,1278.215045193875,103.1799437378581
492.0,0.0,3716.0,713.0,2.0,5000.0,0.0,0.0,0.0,1.0,1.0,0.0,7.0,1,0.0,1.0,36542.0,47.0,0.0,1.0,0.0,0.0,1.0,0.0,1.0,0.0,0.0,3.0,2.0,289.0,0.0,0.0,0.0,45.0,1,0.0,0.0,0.0,0.0,0.4750232683536279,0.542104962422796,0.5910145384247156,0.8960106352745871,0.440904814544046,0.4008280165229426,0.4907904612393817,0.3843617682958516,0.4615975123921105,0.487012987012987,0,0,0,0,0,0,0,0,0,0,0,0,0,0,0,0,0,0,0,0,0,0,0,0,0,0,0,0,0,0,0,0,0,0,0,0,0,0,0,1,1,1,1,1,1,1,1,0,0,0.0,0.193493429053794,1877.6597045687463,157.93127994306005
266.0,14.0,1769.0,0.0,0.0,11000.0,0.0,0.0,0.0,1.0,0.0,0.0,3.0,1,1.0,0.0,32734.0,45.0,1.0,1.0,0.0,0.0,1.0,0.0,1.0,0.0,0.0,2.0,1.0,339.0,0.0,0.0,0.0,37.0,0,0.0,0.0,0.0,0.0,0.501346582961287,0.4810338762780411,0.4429719857885338,0.4930473153036235,0.643780148174572,0.4470839237443768,0.5190783465501081,0.4603331347837657,0.5674306684542607,0.7597402597402597,0,0,0,0,0,0,0,0,0,0,0,0,0,0,0,0,0,0,0,0,0,0,0,0,0,0,0,0,0,0,0,0,0,0,0,0,0,0,0,1,1,1,1,0,0,1,1,1,1,0.0,0.1713026673393814,1626.935641364624,94.36193802370873
